Order_ID,Order_Date,Region,City,Segment,Channel,Category,Subcategory,Product_ID,Customer_ID,Quantity,Unit_Price,Discount,Revenue,Cost,Profit,Profit_Margin,Year,Month,Month_Name,Quarter
SO00001,2025-05-10,North,Jaipur,Consumer,Online,Office Supplies,Paper,P10064,C1386,8,660.99,0.195,4256.91,2438.45,1818.46,0.42717839935540103,2025,5,May,Q2
SO00002,2025-08-13,North,Jaipur,Consumer,Online,Technology,Laptops,P10051,C1485,10,20343.11,0.22,158677.27,104479.57,54197.71,0.3415593802439379,2025,8,Aug,Q3
SO00003,2024-10-08,North,Chandigarh,Home Office,Retail Store,Technology,Printers,P10004,C1562,9,27142.67,0.1125,216801.31,146752.89,70048.41,0.32309956983193505,2024,10,Oct,Q4
SO00004,2025-10-22,East,Bhubaneswar,Consumer,Distributor,Technology,Printers,P10085,C1296,2,26609.43,0.1575,44837.87,26559.88,18277.99,0.4076462597353532,2025,10,Oct,Q4
SO00005,2024-12-20,West,Surat,Consumer,Online,Furniture,Storage,P10011,C1063,9,6349.28,0.381,35372.23,23292.43,12079.8,0.3415051864131834,2024,12,Dec,Q4
SO00006,2024-08-15,West,Mumbai,Consumer,Online,Office Supplies,Pens,P10065,C1547,7,854.58,0.2905,4244.52,2247.15,1997.37,0.47057617822509956,2024,8,Aug,Q3
SO00007,2024-09-04,Central,Nagpur,Corporate,Retail Store,Office Supplies,Paper,P10004,C1096,9,733.98,0.2504,4951.68,2846.7,2104.98,0.4251042070569988,2024,9,Sep,Q3
SO00008,2024-04-29,South,Hyderabad,Consumer,Distributor,Furniture,Bookcases,P10092,C1331,3,9778.69,0.4722,15484.26,11738.57,3745.69,0.24190306801874936,2024,4,Apr,Q2
SO00009,2023-07-09,North,Jaipur,Consumer,Online,Technology,Laptops,P10032,C1374,7,22838.28,0.1594,134379.61,94222.92,40156.69,0.2988302317591189,2023,7,Jul,Q3
SO00010,2024-03-17,Central,Raipur,Corporate,Online,Technology,Laptops,P10068,C1416,1,19084.34,0.1665,15906.66,11261.29,4645.37,0.2920393093207499,2024,3,Mar,Q1
SO00011,2023-07-22,South,Chennai,Consumer,Retail Store,Technology,Laptops,P10090,C1403,6,16187.77,0.3086,67154.52,42610.66,24543.86,0.3654833658255617,2023,7,Jul,Q3
SO00012,2023-05-27,South,Chennai,Corporate,Online,Technology,Phones,P10002,C1572,8,19437.45,0.1209,136700.71,82650.77,54049.94,0.3953888754491473,2023,5,May,Q2
SO00013,2025-06-15,North,Delhi,Home Office,Online,Office Supplies,Paper,P10038,C1420,3,1120.36,0.247,2530.82,1442.05,1088.76,0.43020048837926045,2025,6,Jun,Q2
SO00014,2023-04-14,West,Pune,Home Office,Distributor,Technology,Laptops,P10007,C1392,2,2995.58,0.2039,4769.56,3214.02,1555.53,0.32613700215533503,2023,4,Apr,Q2
SO00015,2024-02-05,South,Chennai,Consumer,Online,Furniture,Bookcases,P10069,C1481,6,8470.82,0.5496,22891.37,15608.91,7282.46,0.31813124334629167,2024,2,Feb,Q1
SO00016,2025-10-16,West,Surat,Corporate,Online,Technology,Accessories,P10063,C1116,5,24159.67,0.2706,88110.38,50444.05,37666.34,0.42749038195045796,2025,10,Oct,Q4
SO00017,2023-09-10,South,Chennai,Consumer,Online,Office Supplies,Envelopes,P10033,C1104,6,1070.12,0.4747,3372.9,1782.8,1590.1,0.4714340775000741,2023,9,Sep,Q3
SO00018,2023-09-03,South,Kochi,Consumer,Online,Technology,Accessories,P10025,C1051,10,18330.76,0.2287,141381.17,90706.85,50674.32,0.35842340249412274,2023,9,Sep,Q3
SO00019,2024-07-28,Central,Indore,Consumer,Online,Office Supplies,Binders,P10047,C1350,6,362.28,0.2259,1682.59,964.45,718.14,0.4268062926797378,2024,7,Jul,Q3
SO00020,2025-05-16,West,Ahmedabad,Home Office,Retail Store,Office Supplies,Paper,P10009,C1127,1,546.86,0.0488,520.16,288.16,232.0,0.44601661027376194,2025,5,May,Q2
SO00021,2025-10-09,North,Lucknow,Consumer,Retail Store,Office Supplies,Pens,P10067,C1247,9,559.56,0.308,3484.89,2280.2,1204.69,0.34568953395946506,2025,10,Oct,Q4
SO00022,2023-06-03,South,Hyderabad,Consumer,Online,Office Supplies,Paper,P10034,C1100,1,1088.75,0.1998,871.19,485.75,385.44,0.4424293208140589,2023,6,Jun,Q2
SO00023,2025-01-31,Central,Raipur,Corporate,Online,Furniture,Storage,P10012,C1427,7,11489.71,0.4629,43197.27,31499.14,11698.14,0.2708073913004225,2025,1,Jan,Q1
SO00024,2025-12-02,North,Chandigarh,Consumer,Online,Technology,Accessories,P10058,C1196,3,30119.39,0.1559,76267.5,54736.15,21531.35,0.2823135673779788,2025,12,Dec,Q4
SO00025,2024-02-17,North,Delhi,Consumer,Online,Furniture,Chairs,P10055,C1369,8,3941.44,0.1532,26700.29,18981.27,7719.02,0.28909873263548824,2024,2,Feb,Q1
SO00026,2023-10-06,West,Mumbai,Corporate,Online,Technology,Phones,P10083,C1564,6,18108.29,0.1914,87853.07,57490.73,30362.34,0.34560363115369785,2023,10,Oct,Q4
SO00027,2023-05-24,East,Kolkata,Corporate,Online,Technology,Phones,P10074,C1009,7,19738.91,0.181,113166.25,76750.05,36416.19,0.32179373267206435,2023,5,May,Q2
SO00028,2025-08-11,West,Mumbai,Consumer,Online,Technology,Accessories,P10031,C1070,2,11561.08,0.2398,17576.62,11452.48,6124.14,0.3484253514043087,2025,8,Aug,Q3
SO00029,2024-03-20,South,Hyderabad,Home Office,Online,Office Supplies,Binders,P10062,C1348,2,715.77,0.223,1112.36,603.76,508.6,0.45722607788845343,2024,3,Mar,Q1
SO00030,2024-05-19,South,Chennai,Corporate,Online,Technology,Printers,P10003,C1566,5,20890.73,0.343,68628.88,42308.33,26320.55,0.38352002830295345,2024,5,May,Q2
SO00031,2024-10-17,West,Surat,Home Office,Distributor,Office Supplies,Binders,P10100,C1041,8,507.73,0.55,1827.83,1044.31,783.52,0.42866130876503833,2024,10,Oct,Q4
SO00032,2024-05-16,North,Delhi,Home Office,Retail Store,Technology,Phones,P10011,C1177,3,26896.96,0.3154,55243.0,35294.04,19948.96,0.3611129011820502,2024,5,May,Q2
SO00033,2025-05-02,West,Pune,Home Office,Distributor,Furniture,Bookcases,P10023,C1437,9,4434.21,0.1863,32471.65,24308.46,8163.19,0.25139437016597554,2025,5,May,Q2
SO00034,2025-09-23,West,Pune,Consumer,Online,Office Supplies,Pens,P10039,C1072,1,932.48,0.2436,705.3,457.99,247.31,0.3506451155536651,2025,9,Sep,Q3
SO00035,2023-06-03,East,Bhubaneswar,Corporate,Distributor,Furniture,Bookcases,P10038,C1103,5,7063.69,0.538,16318.39,12884.62,3433.77,0.21042333220372844,2023,6,Jun,Q2
SO00036,2025-02-02,Central,Nagpur,Consumer,Online,Furniture,Tables,P10029,C1133,2,9010.34,0.0962,16287.61,10715.54,5572.07,0.34210482692058564,2025,2,Feb,Q1
SO00037,2025-06-18,East,Bhubaneswar,Consumer,Online,Office Supplies,Paper,P10080,C1183,6,341.79,0.2457,1546.89,891.95,654.93,0.4233849853577177,2025,6,Jun,Q2
SO00038,2023-04-05,South,Hyderabad,Consumer,Online,Furniture,Storage,P10021,C1534,3,9692.84,0.2637,21410.88,14906.41,6504.47,0.3037927446232943,2023,4,Apr,Q2
SO00039,2025-04-17,North,Chandigarh,Home Office,Online,Furniture,Tables,P10026,C1337,9,8393.85,0.2624,55718.71,40221.94,15496.77,0.27812506786320074,2025,4,Apr,Q2
SO00040,2025-03-14,West,Surat,Home Office,Retail Store,Office Supplies,Paper,P10003,C1007,6,1107.56,0.141,5708.31,3343.55,2364.75,0.4142644670664347,2025,3,Mar,Q1
SO00041,2025-07-07,East,Guwahati,Home Office,Online,Furniture,Chairs,P10068,C1025,9,6533.73,0.5293,27678.31,20185.82,7492.49,0.2706989696986557,2025,7,Jul,Q3
SO00042,2023-03-08,West,Surat,Corporate,Retail Store,Furniture,Storage,P10070,C1315,8,5855.02,0.1787,38470.56,25431.57,13038.99,0.338934239584763,2023,3,Mar,Q1
SO00043,2024-10-23,South,Chennai,Consumer,Online,Technology,Printers,P10079,C1004,8,5481.79,0.3584,28138.2,17422.04,10716.16,0.3808402811835867,2024,10,Oct,Q4
SO00044,2024-10-07,Central,Nagpur,Corporate,Distributor,Furniture,Tables,P10090,C1001,8,11667.03,0.2215,72658.79,50740.16,21918.64,0.30166535941487604,2024,10,Oct,Q4
SO00045,2024-10-15,South,Hyderabad,Home Office,Online,Furniture,Bookcases,P10065,C1596,1,6592.68,0.1327,5717.52,4175.71,1541.82,0.26966586911807916,2024,10,Oct,Q4
SO00046,2023-11-25,West,Ahmedabad,Corporate,Retail Store,Furniture,Storage,P10022,C1320,1,9651.37,0.3971,5818.4,3864.1,1954.3,0.33588271689811633,2023,11,Nov,Q4
SO00047,2025-05-22,West,Ahmedabad,Consumer,Retail Store,Office Supplies,Pens,P10097,C1422,10,826.01,0.3413,5440.79,3622.57,1818.23,0.3341849253509141,2025,5,May,Q2
SO00048,2025-11-12,East,Bhubaneswar,Home Office,Online,Furniture,Chairs,P10015,C1448,5,9100.82,0.3859,27943.28,20834.57,7108.71,0.254397837333341,2025,11,Nov,Q4
SO00049,2024-04-22,Central,Nagpur,Corporate,Retail Store,Office Supplies,Binders,P10047,C1159,7,804.93,0.1017,5061.43,2926.79,2134.64,0.4217464234415965,2024,4,Apr,Q2
SO00050,2023-08-16,East,Guwahati,Corporate,Online,Furniture,Bookcases,P10020,C1069,4,10957.82,0.3922,26638.48,21429.48,5209.0,0.19554419020905098,2023,8,Aug,Q3
SO00051,2023-01-11,Central,Indore,Consumer,Online,Technology,Laptops,P10092,C1127,10,23191.5,0.55,104361.77,72287.17,32074.6,0.3073405136766078,2023,1,Jan,Q1
SO00052,2025-10-10,North,Chandigarh,Home Office,Online,Technology,Phones,P10057,C1436,5,22367.78,0.4492,61605.83,40290.03,21315.8,0.34600296757628296,2025,10,Oct,Q4
SO00053,2023-04-27,West,Pune,Corporate,Distributor,Technology,Printers,P10071,C1025,7,30382.83,0.1372,183505.62,111453.71,72051.91,0.3926414351778436,2023,4,Apr,Q2
SO00054,2024-12-10,North,Lucknow,Corporate,Retail Store,Technology,Phones,P10049,C1360,2,15286.53,0.3077,21165.22,12915.15,8250.07,0.3897937276342981,2024,12,Dec,Q4
SO00055,2023-11-23,East,Bhubaneswar,Consumer,Retail Store,Technology,Accessories,P10094,C1114,1,21783.83,0.1003,19599.79,10590.34,9009.45,0.45967074137018815,2023,11,Nov,Q4
SO00056,2025-08-04,North,Chandigarh,Consumer,Retail Store,Technology,Phones,P10072,C1443,10,22419.98,0.3669,141941.11,100223.61,41717.5,0.29390709992334146,2025,8,Aug,Q3
SO00057,2025-12-13,South,Chennai,Corporate,Online,Furniture,Bookcases,P10014,C1469,3,10575.35,0.2088,25101.99,19383.0,5718.99,0.2278301441439503,2025,12,Dec,Q4
SO00058,2025-01-04,South,Hyderabad,Consumer,Online,Technology,Laptops,P10067,C1386,3,10979.46,0.5327,15392.15,10885.41,4506.74,0.29279470379381695,2025,1,Jan,Q1
SO00059,2024-04-15,North,Chandigarh,Consumer,Retail Store,Office Supplies,Paper,P10081,C1115,5,956.97,0.1546,4045.26,2340.62,1704.65,0.42139442211378253,2024,4,Apr,Q2
SO00060,2024-06-09,West,Ahmedabad,Consumer,Online,Furniture,Chairs,P10017,C1034,4,11312.71,0.3468,29559.77,21451.7,8108.08,0.27429442110002883,2024,6,Jun,Q2
SO00061,2025-09-24,West,Ahmedabad,Consumer,Online,Technology,Laptops,P10062,C1476,6,16016.58,0.1944,77413.32,50341.43,27071.89,0.34970583873679617,2025,9,Sep,Q3
SO00062,2024-09-25,East,Patna,Corporate,Online,Technology,Laptops,P10054,C1227,3,17963.98,0.0768,49751.16,30857.16,18894.0,0.3797700395327466,2024,9,Sep,Q3
SO00063,2023-04-08,South,Kochi,Corporate,Online,Office Supplies,Binders,P10017,C1296,4,976.56,0.2452,2948.37,2015.01,933.36,0.31656813764893826,2023,4,Apr,Q2
SO00064,2023-03-02,West,Surat,Consumer,Online,Furniture,Bookcases,P10083,C1216,3,10085.62,0.1832,24713.1,17541.83,7171.27,0.2901809161942452,2023,3,Mar,Q1
SO00065,2024-10-22,West,Mumbai,Home Office,Online,Office Supplies,Envelopes,P10007,C1335,10,939.13,0.2915,6654.18,4639.75,2014.43,0.30273151612971094,2024,10,Oct,Q4
SO00066,2023-05-17,North,Chandigarh,Home Office,Online,Technology,Accessories,P10045,C1188,4,18928.03,0.3568,48695.68,31126.16,17569.52,0.3608024366843219,2023,5,May,Q2
SO00067,2023-05-11,West,Surat,Consumer,Retail Store,Technology,Accessories,P10055,C1450,1,35479.82,0.55,15965.92,11061.66,4904.26,0.30717052321444677,2023,5,May,Q2
SO00068,2025-01-08,Central,Raipur,Consumer,Online,Technology,Accessories,P10084,C1359,3,21839.77,0.2223,50952.66,30140.74,20811.92,0.40845600602598564,2025,1,Jan,Q1
SO00069,2024-01-24,West,Surat,Consumer,Online,Technology,Phones,P10062,C1011,2,9237.72,0.0942,16734.29,10883.49,5850.8,0.34962941361718963,2024,1,Jan,Q1
SO00070,2023-08-14,North,Chandigarh,Consumer,Distributor,Office Supplies,Pens,P10099,C1521,5,865.38,0.135,3742.76,2428.07,1314.69,0.35126217016319505,2023,8,Aug,Q3
SO00071,2025-11-09,Central,Bhopal,Consumer,Online,Technology,Laptops,P10009,C1541,8,21425.08,0.55,77130.29,47857.29,29273.01,0.37952677216693986,2025,11,Nov,Q4
SO00072,2025-07-09,Central,Nagpur,Corporate,Retail Store,Technology,Accessories,P10048,C1316,2,10459.59,0.0863,19113.15,14158.16,4954.99,0.25924507472603936,2025,7,Jul,Q3
SO00073,2025-08-30,Central,Bhopal,Consumer,Online,Office Supplies,Binders,P10080,C1147,3,767.85,0.55,1036.6,622.8,413.8,0.3991896584989389,2025,8,Aug,Q3
SO00074,2023-04-02,Central,Bhopal,Consumer,Online,Office Supplies,Paper,P10053,C1363,10,985.81,0.1342,8534.96,4913.88,3621.07,0.42426326544002557,2023,4,Apr,Q2
SO00075,2023-03-23,West,Mumbai,Consumer,Online,Office Supplies,Paper,P10096,C1233,1,632.38,0.2976,444.16,244.21,199.95,0.45017561239193077,2023,3,Mar,Q1
SO00076,2025-09-20,South,Kochi,Corporate,Retail Store,Furniture,Tables,P10082,C1474,4,8024.75,0.213,25261.04,17392.09,7868.95,0.31150538536814,2025,9,Sep,Q3
SO00077,2023-11-02,Central,Bhopal,Corporate,Online,Furniture,Storage,P10039,C1489,7,11398.34,0.2125,62836.92,45106.77,17730.15,0.2821613471825163,2023,11,Nov,Q4
SO00078,2025-06-05,West,Pune,Consumer,Retail Store,Technology,Printers,P10001,C1387,3,26291.33,0.3039,54906.92,40340.45,14566.47,0.26529388281112837,2025,6,Jun,Q2
SO00079,2024-07-23,Central,Raipur,Consumer,Distributor,Technology,Phones,P10027,C1591,2,21457.8,0.3424,28219.81,18756.23,9463.59,0.3353527185335408,2024,7,Jul,Q3
SO00080,2023-07-18,West,Surat,Home Office,Distributor,Technology,Phones,P10002,C1501,9,12587.57,0.3479,73874.63,48321.57,25553.06,0.3458976376599111,2023,7,Jul,Q3
SO00081,2024-08-06,South,Chennai,Consumer,Retail Store,Furniture,Storage,P10032,C1046,6,11109.98,0.1914,53903.67,38694.91,15208.76,0.28214702264242864,2024,8,Aug,Q3
SO00082,2024-08-14,East,Patna,Corporate,Online,Technology,Phones,P10015,C1122,1,16216.3,0.3336,10806.23,6995.42,3810.81,0.35264935134639924,2024,8,Aug,Q3
SO00083,2025-09-20,North,Chandigarh,Corporate,Retail Store,Furniture,Storage,P10007,C1251,9,13120.55,0.2559,87868.53,65776.87,22091.67,0.2514173163019798,2025,9,Sep,Q3
SO00084,2024-04-03,Central,Nagpur,Corporate,Online,Furniture,Tables,P10019,C1243,9,7934.12,0.1306,62084.12,47704.11,14380.0,0.2316212261686241,2024,4,Apr,Q2
SO00085,2025-01-19,South,Kochi,Consumer,Online,Technology,Accessories,P10097,C1207,2,25339.54,0.0688,47189.93,29532.26,17657.66,0.37418279705013335,2025,1,Jan,Q1
SO00086,2025-06-21,East,Kolkata,Consumer,Distributor,Office Supplies,Pens,P10098,C1250,4,1135.92,0.2487,3413.63,2483.69,929.94,0.27241968227370866,2025,6,Jun,Q2
SO00087,2024-07-31,East,Bhubaneswar,Consumer,Retail Store,Office Supplies,Pens,P10042,C1599,3,1298.67,0.3649,2474.19,1358.7,1115.5,0.4508546231291857,2024,7,Jul,Q3
SO00088,2025-07-28,South,Chennai,Home Office,Online,Furniture,Chairs,P10066,C1028,6,8100.34,0.3497,31608.32,20283.46,11324.85,0.3582869953227505,2025,7,Jul,Q3
SO00089,2023-09-18,South,Hyderabad,Consumer,Online,Office Supplies,Envelopes,P10057,C1513,10,334.31,0.4266,1916.77,1074.8,841.97,0.4392650135384006,2023,9,Sep,Q3
SO00090,2024-07-29,South,Bengaluru,Corporate,Retail Store,Technology,Accessories,P10002,C1334,1,24520.77,0.2986,17198.06,11644.6,5553.47,0.3229125843263717,2024,7,Jul,Q3
SO00091,2025-08-26,East,Kolkata,Corporate,Online,Office Supplies,Paper,P10050,C1217,5,1363.25,0.2222,5301.56,3024.06,2277.5,0.42959053561593186,2025,8,Aug,Q3
SO00092,2025-11-28,East,Guwahati,Consumer,Retail Store,Furniture,Tables,P10047,C1086,4,6106.91,0.4082,14455.94,11653.39,2802.55,0.19386840288490406,2025,11,Nov,Q4
SO00093,2023-11-07,Central,Raipur,Consumer,Retail Store,Technology,Laptops,P10048,C1053,8,19346.57,0.2415,117397.11,81453.44,35943.67,0.3061716766281555,2023,11,Nov,Q4
SO00094,2025-12-28,East,Kolkata,Home Office,Online,Technology,Laptops,P10004,C1381,1,28633.94,0.146,24454.76,16639.24,7815.52,0.31959095080058036,2025,12,Dec,Q4
SO00095,2023-01-19,West,Mumbai,Consumer,Distributor,Office Supplies,Paper,P10033,C1473,8,1164.49,0.0505,8845.07,5894.24,2950.83,0.33361296179679756,2023,1,Jan,Q1
SO00096,2023-11-01,East,Bhubaneswar,Consumer,Retail Store,Furniture,Tables,P10048,C1043,10,8507.1,0.55,38281.93,27857.52,10424.41,0.27230628131862733,2023,11,Nov,Q4
SO00097,2023-12-09,West,Ahmedabad,Corporate,Distributor,Office Supplies,Pens,P10068,C1334,7,934.91,0.275,4744.41,2521.99,2222.41,0.4684270541542573,2023,12,Dec,Q4
SO00098,2025-10-04,East,Patna,Home Office,Retail Store,Furniture,Chairs,P10074,C1351,10,12362.02,0.4639,66267.81,47042.95,19224.85,0.2901084251916579,2025,10,Oct,Q4
SO00099,2025-11-28,East,Patna,Corporate,Online,Office Supplies,Envelopes,P10022,C1141,4,677.89,0.203,2161.06,1031.99,1129.07,0.5224611995964943,2025,11,Nov,Q4
SO00100,2024-12-26,East,Kolkata,Corporate,Online,Office Supplies,Pens,P10039,C1060,10,825.66,0.4132,4845.02,3005.23,1839.79,0.3797280506582016,2024,12,Dec,Q4
SO00101,2025-05-06,North,Delhi,Consumer,Online,Furniture,Chairs,P10032,C1455,3,8295.34,0.4949,12569.89,8519.87,4050.02,0.32220011471858545,2025,5,May,Q2
SO00102,2024-10-11,South,Hyderabad,Consumer,Distributor,Furniture,Chairs,P10019,C1302,7,6450.63,0.3998,27101.54,21266.1,5835.44,0.21531765353555551,2024,10,Oct,Q4
SO00103,2024-07-07,Central,Nagpur,Consumer,Distributor,Office Supplies,Envelopes,P10044,C1517,9,602.79,0.1349,4693.03,2629.74,2063.28,0.43964773291455633,2024,7,Jul,Q3
SO00104,2023-06-09,East,Bhubaneswar,Corporate,Online,Office Supplies,Binders,P10055,C1303,3,495.11,0.0794,1367.45,799.92,567.53,0.41502797177227685,2023,6,Jun,Q2
SO00105,2023-07-27,South,Kochi,Corporate,Online,Furniture,Bookcases,P10021,C1286,8,9463.8,0.3316,50606.49,36602.91,14003.58,0.27671510116587816,2023,7,Jul,Q3
SO00106,2024-02-10,North,Lucknow,Corporate,Retail Store,Office Supplies,Paper,P10062,C1180,2,1110.62,0.2099,1755.05,1022.67,732.38,0.4172986524600439,2024,2,Feb,Q1
SO00107,2023-11-07,North,Chandigarh,Home Office,Distributor,Office Supplies,Pens,P10052,C1007,1,465.07,0.2359,355.35,215.71,139.64,0.39296468270719004,2023,11,Nov,Q4
SO00108,2023-03-14,South,Kochi,Corporate,Online,Technology,Accessories,P10080,C1110,2,24123.21,0.3516,31282.13,20610.98,10671.15,0.341126067822108,2023,3,Mar,Q1
SO00109,2025-04-01,West,Mumbai,Consumer,Online,Technology,Accessories,P10006,C1447,2,27397.26,0.3102,37796.94,20033.43,17763.51,0.46997217235046007,2025,4,Apr,Q2
SO00110,2024-11-02,North,Delhi,Consumer,Online,Furniture,Storage,P10009,C1083,3,9247.84,0.2664,20351.72,13283.27,7068.45,0.34731462500466787,2024,11,Nov,Q4
SO00111,2023-05-29,North,Delhi,Consumer,Retail Store,Technology,Accessories,P10050,C1422,4,27821.89,0.0677,103758.61,70771.53,32987.08,0.31792137539236504,2023,5,May,Q2
SO00112,2025-12-22,West,Surat,Consumer,Online,Furniture,Storage,P10079,C1246,6,5878.85,0.3148,24167.98,16773.95,7394.02,0.30594282186595656,2025,12,Dec,Q4
SO00113,2024-10-22,West,Pune,Corporate,Online,Technology,Accessories,P10063,C1395,2,4899.12,0.1059,8760.15,5234.56,3525.59,0.40245772047282297,2024,10,Oct,Q4
SO00114,2023-11-04,South,Kochi,Consumer,Online,Technology,Laptops,P10064,C1105,2,16969.21,0.0574,31991.53,21524.54,10466.99,0.3271800379662992,2023,11,Nov,Q4
SO00115,2023-01-17,West,Pune,Consumer,Online,Office Supplies,Binders,P10083,C1173,2,955.92,0.55,860.32,549.38,310.94,0.3614236563139297,2023,1,Jan,Q1
SO00116,2024-08-03,West,Ahmedabad,Consumer,Online,Furniture,Chairs,P10051,C1540,1,12481.85,0.1638,10437.22,7834.3,2602.92,0.24938824706195714,2024,8,Aug,Q3
SO00117,2024-03-17,North,Jaipur,Consumer,Online,Furniture,Storage,P10068,C1382,1,11452.43,0.5026,5695.92,4018.36,1677.57,0.29452134159187626,2024,3,Mar,Q1
SO00118,2023-06-18,Central,Raipur,Home Office,Retail Store,Furniture,Bookcases,P10015,C1522,8,7860.38,0.3435,41284.04,27729.94,13554.1,0.32831331429772864,2023,6,Jun,Q2
SO00119,2023-09-30,Central,Indore,Consumer,Retail Store,Technology,Phones,P10032,C1122,9,24404.2,0.2038,174879.92,112896.38,61983.54,0.35443486021722787,2023,9,Sep,Q3
SO00120,2023-02-08,Central,Indore,Corporate,Online,Office Supplies,Binders,P10022,C1345,8,899.3,0.2015,5744.73,3622.72,2122.01,0.36938376564259773,2023,2,Feb,Q1
SO00121,2025-05-09,North,Chandigarh,Corporate,Online,Technology,Phones,P10023,C1019,3,16724.0,0.2593,37164.75,25632.54,11532.2,0.31029941005926315,2025,5,May,Q2
SO00122,2024-02-17,North,Chandigarh,Corporate,Online,Furniture,Chairs,P10091,C1231,10,12159.88,0.3333,81069.27,64461.88,16607.39,0.20485431779513988,2024,2,Feb,Q1
SO00123,2025-07-11,West,Pune,Corporate,Online,Technology,Phones,P10010,C1020,10,24604.83,0.1371,212303.96,132313.49,79990.47,0.37677333008767244,2025,7,Jul,Q3
SO00124,2024-06-19,North,Delhi,Consumer,Retail Store,Technology,Laptops,P10003,C1526,10,8178.8,0.0422,78338.1,49757.73,28580.37,0.36483358672216964,2024,6,Jun,Q2
SO00125,2023-12-02,South,Chennai,Corporate,Retail Store,Office Supplies,Envelopes,P10058,C1542,3,1590.71,0.3705,3003.88,1719.25,1284.63,0.42765689707977683,2023,12,Dec,Q4
SO00126,2025-09-24,North,Jaipur,Consumer,Online,Office Supplies,Pens,P10070,C1401,1,777.63,0.1589,654.1,384.97,269.13,0.411450848494114,2025,9,Sep,Q3
SO00127,2024-10-21,West,Ahmedabad,Home Office,Retail Store,Technology,Laptops,P10019,C1563,9,25806.6,0.2608,171684.67,126345.23,45339.44,0.2640855470671901,2024,10,Oct,Q4
SO00128,2024-06-30,East,Kolkata,Consumer,Online,Office Supplies,Paper,P10024,C1596,10,1351.96,0.2464,10187.85,5783.23,4404.62,0.43234048400791136,2024,6,Jun,Q2
SO00129,2025-09-11,Central,Nagpur,Consumer,Online,Technology,Printers,P10044,C1582,3,15404.54,0.4302,26332.6,18754.34,7578.26,0.28779003972262523,2025,9,Sep,Q3
SO00130,2025-04-20,East,Kolkata,Corporate,Retail Store,Technology,Printers,P10015,C1472,4,20420.64,0.4304,46528.16,31444.1,15084.06,0.32419205917448696,2025,4,Apr,Q2
SO00131,2025-08-01,Central,Bhopal,Corporate,Retail Store,Technology,Printers,P10086,C1327,10,33153.3,0.101,298061.43,188574.36,109487.07,0.36733055330238473,2025,8,Aug,Q3
SO00132,2025-10-11,East,Kolkata,Home Office,Retail Store,Office Supplies,Paper,P10022,C1514,7,1339.92,0.1628,7852.76,4107.11,3745.65,0.4769851619048589,2025,10,Oct,Q4
SO00133,2025-12-16,West,Surat,Consumer,Retail Store,Furniture,Storage,P10007,C1032,8,8352.14,0.2196,52140.76,37509.43,14631.33,0.2806121353045103,2025,12,Dec,Q4
SO00134,2023-10-04,North,Lucknow,Corporate,Online,Technology,Laptops,P10066,C1447,5,31618.57,0.1245,138409.91,101207.64,37202.27,0.2687832829311138,2023,10,Oct,Q4
SO00135,2025-12-03,East,Guwahati,Consumer,Online,Furniture,Tables,P10036,C1297,2,9468.66,0.3476,12355.08,8752.47,3602.61,0.29158937052613176,2025,12,Dec,Q4
SO00136,2024-04-29,West,Pune,Consumer,Distributor,Office Supplies,Pens,P10033,C1040,10,703.05,0.55,3163.71,1994.72,1168.99,0.3694997329085156,2024,4,Apr,Q2
SO00137,2023-08-08,North,Delhi,Corporate,Distributor,Technology,Phones,P10004,C1162,4,20205.38,0.0838,74047.06,51206.39,22840.67,0.3084615378382342,2023,8,Aug,Q3
SO00138,2025-07-12,Central,Nagpur,Consumer,Retail Store,Furniture,Bookcases,P10060,C1211,1,6928.64,0.2901,4918.49,3648.39,1270.1,0.2582296599159498,2025,7,Jul,Q3
SO00139,2025-07-31,West,Surat,Consumer,Distributor,Technology,Printers,P10047,C1307,10,20446.26,0.1812,167418.52,119464.69,47953.83,0.2864308560367157,2025,7,Jul,Q3
SO00140,2023-12-04,West,Surat,Corporate,Retail Store,Furniture,Storage,P10072,C1001,3,8069.3,0.2742,17569.37,13021.19,4548.18,0.2588698399544207,2023,12,Dec,Q4
SO00141,2025-05-04,North,Jaipur,Consumer,Online,Technology,Laptops,P10097,C1210,5,15356.7,0.3014,53638.34,36933.34,16704.99,0.31143749042196317,2025,5,May,Q2
SO00142,2024-10-07,West,Pune,Consumer,Online,Furniture,Bookcases,P10088,C1424,4,11329.73,0.205,36027.99,25327.88,10700.11,0.2969943646592552,2024,10,Oct,Q4
SO00143,2023-09-27,Central,Nagpur,Corporate,Distributor,Technology,Printers,P10019,C1508,10,21891.77,0.2896,155527.75,119270.9,36256.85,0.23312142045390613,2023,9,Sep,Q3
SO00144,2025-07-31,East,Bhubaneswar,Corporate,Online,Technology,Phones,P10041,C1222,9,28219.26,0.2673,186081.34,113990.51,72090.84,0.38741573980496913,2025,7,Jul,Q3
SO00145,2023-03-09,Central,Nagpur,Corporate,Distributor,Office Supplies,Paper,P10021,C1469,7,611.69,0.3717,2690.27,1703.9,986.37,0.3666434967493969,2023,3,Mar,Q1
SO00146,2025-10-09,North,Lucknow,Home Office,Online,Office Supplies,Envelopes,P10004,C1179,1,715.18,0.1308,621.61,400.6,221.02,0.35556056048004375,2025,10,Oct,Q4
SO00147,2023-12-14,North,Lucknow,Home Office,Online,Furniture,Chairs,P10008,C1283,2,7807.61,0.3456,10219.36,7406.76,2812.59,0.27522173599912325,2023,12,Dec,Q4
SO00148,2023-12-28,Central,Raipur,Corporate,Online,Technology,Phones,P10049,C1341,4,18900.96,0.3871,46335.18,29936.49,16398.69,0.3539144554958025,2023,12,Dec,Q4
SO00149,2024-12-04,East,Kolkata,Consumer,Retail Store,Technology,Laptops,P10046,C1127,9,17035.77,0.1607,128689.81,84564.24,44125.57,0.34288317000390317,2024,12,Dec,Q4
SO00150,2023-01-01,South,Kochi,Home Office,Retail Store,Office Supplies,Envelopes,P10094,C1324,1,740.63,0.1538,626.75,408.99,217.77,0.34745911447945754,2023,1,Jan,Q1
SO00151,2024-09-30,West,Mumbai,Consumer,Retail Store,Technology,Accessories,P10014,C1266,10,27919.14,0.4483,154029.38,107266.73,46762.65,0.30359565168671065,2024,9,Sep,Q3
SO00152,2023-07-29,North,Jaipur,Home Office,Retail Store,Technology,Accessories,P10085,C1357,5,24015.11,0.0914,109096.43,71372.61,37723.82,0.34578418377209963,2023,7,Jul,Q3
SO00153,2024-07-27,East,Kolkata,Home Office,Online,Technology,Accessories,P10098,C1364,6,9579.8,0.1612,48214.71,32390.95,15823.77,0.3281938230054687,2024,7,Jul,Q3
SO00154,2023-07-14,Central,Raipur,Consumer,Distributor,Office Supplies,Pens,P10068,C1007,10,1183.82,0.19,9589.2,5158.89,4430.31,0.46201038668502065,2023,7,Jul,Q3
SO00155,2024-02-25,Central,Indore,Consumer,Retail Store,Technology,Printers,P10076,C1440,3,22292.11,0.1634,55950.9,39356.89,16594.01,0.29658164569292,2024,2,Feb,Q1
SO00156,2025-04-12,North,Jaipur,Consumer,Online,Technology,Laptops,P10059,C1262,3,32662.85,0.212,77218.87,47148.56,30070.3,0.38941647294242976,2025,4,Apr,Q2
SO00157,2023-05-05,East,Patna,Home Office,Online,Technology,Phones,P10096,C1109,5,19612.05,0.1124,87043.07,54401.37,32641.7,0.3750063043502487,2023,5,May,Q2
SO00158,2025-10-04,West,Pune,Corporate,Retail Store,Office Supplies,Paper,P10021,C1383,5,840.83,0.4588,2275.29,1256.1,1019.19,0.4479385045422782,2025,10,Oct,Q4
SO00159,2023-10-27,Central,Nagpur,Corporate,Online,Furniture,Chairs,P10085,C1165,2,2047.77,0.2479,3080.44,2342.6,737.84,0.2395242238121827,2023,10,Oct,Q4
SO00160,2024-06-03,North,Jaipur,Home Office,Online,Furniture,Storage,P10012,C1558,5,4194.17,0.5152,10165.85,7354.03,2811.82,0.2765946772773551,2024,6,Jun,Q2
SO00161,2025-06-01,East,Guwahati,Corporate,Online,Office Supplies,Envelopes,P10081,C1499,10,1778.75,0.0742,16466.95,8693.24,7773.71,0.47207952899595856,2025,6,Jun,Q2
SO00162,2025-08-31,East,Kolkata,Corporate,Retail Store,Furniture,Bookcases,P10063,C1147,3,7996.79,0.1911,19406.39,13794.05,5612.34,0.28920061897138005,2025,8,Aug,Q3
SO00163,2024-03-18,North,Lucknow,Home Office,Online,Office Supplies,Paper,P10041,C1194,6,1203.51,0.4109,4254.27,2324.45,1929.82,0.4536195398975617,2024,3,Mar,Q1
SO00164,2024-11-26,East,Kolkata,Home Office,Retail Store,Office Supplies,Pens,P10073,C1128,8,1095.78,0.2543,6537.35,3616.96,2920.38,0.44672229573145084,2024,11,Nov,Q4
SO00165,2023-09-14,Central,Indore,Consumer,Retail Store,Furniture,Storage,P10045,C1290,4,6778.3,0.2444,20486.97,14626.37,5860.6,0.2860647523767546,2023,9,Sep,Q3
SO00166,2023-03-24,East,Patna,Consumer,Distributor,Technology,Printers,P10027,C1567,6,11390.1,0.0988,61590.93,39828.04,21762.89,0.3533456955431587,2023,3,Mar,Q1
SO00167,2025-01-02,East,Kolkata,Corporate,Distributor,Office Supplies,Paper,P10100,C1010,3,1267.38,0.0809,3494.5,2237.06,1257.44,0.3598340248962656,2025,1,Jan,Q1
SO00168,2024-10-21,West,Ahmedabad,Consumer,Online,Technology,Printers,P10082,C1290,6,15352.59,0.3252,62162.72,45383.1,16779.62,0.2699305950576165,2024,10,Oct,Q4
SO00169,2023-12-20,West,Pune,Consumer,Online,Technology,Phones,P10028,C1157,10,26579.6,0.55,119608.19,92062.38,27545.81,0.2303003665551665,2023,12,Dec,Q4
SO00170,2024-09-24,South,Chennai,Home Office,Retail Store,Technology,Accessories,P10023,C1175,3,27615.93,0.2059,65788.36,49287.07,16501.29,0.2508238539461996,2024,9,Sep,Q3
SO00171,2023-08-23,West,Mumbai,Consumer,Retail Store,Office Supplies,Envelopes,P10041,C1540,9,954.89,0.1924,6940.45,3884.86,3055.59,0.44025819651463527,2023,8,Aug,Q3
SO00172,2023-08-15,South,Kochi,Consumer,Retail Store,Technology,Phones,P10034,C1173,2,26106.57,0.1051,46725.88,31606.82,15119.06,0.32356929393304096,2023,8,Aug,Q3
SO00173,2025-02-14,West,Surat,Home Office,Online,Office Supplies,Envelopes,P10010,C1054,8,1566.15,0.1345,10844.05,6137.91,4706.14,0.43398361313346956,2025,2,Feb,Q1
SO00174,2024-07-18,South,Chennai,Consumer,Distributor,Office Supplies,Binders,P10029,C1536,6,947.65,0.2972,3996.03,2592.58,1403.44,0.3512085745102014,2024,7,Jul,Q3
SO00175,2023-06-20,Central,Raipur,Corporate,Online,Technology,Laptops,P10025,C1501,1,24893.94,0.2677,18228.98,12188.82,6040.16,0.3313493130169653,2023,6,Jun,Q2
SO00176,2023-02-02,West,Ahmedabad,Consumer,Online,Technology,Phones,P10059,C1214,5,23087.42,0.2147,90654.14,62593.37,28060.77,0.30953655288109294,2023,2,Feb,Q1
SO00177,2024-10-05,Central,Nagpur,Consumer,Online,Office Supplies,Paper,P10059,C1529,7,1129.25,0.42,4585.12,2962.74,1622.38,0.353835886519873,2024,10,Oct,Q4
SO00178,2023-12-28,Central,Bhopal,Corporate,Online,Office Supplies,Pens,P10054,C1216,8,987.87,0.0787,7280.83,4432.08,2848.75,0.39126720442586904,2023,12,Dec,Q4
SO00179,2024-07-12,North,Lucknow,Consumer,Online,Furniture,Tables,P10046,C1277,9,7896.24,0.1854,57890.05,41690.74,16199.31,0.2798289170591492,2024,7,Jul,Q3
SO00180,2024-03-28,West,Mumbai,Consumer,Retail Store,Office Supplies,Binders,P10070,C1492,3,460.89,0.2883,984.12,590.62,393.5,0.39984961183595497,2024,3,Mar,Q1
SO00181,2023-09-29,West,Mumbai,Corporate,Distributor,Furniture,Storage,P10008,C1247,5,9446.29,0.55,21254.15,16029.14,5225.02,0.2458352839327849,2023,9,Sep,Q3
SO00182,2023-12-28,East,Kolkata,Consumer,Online,Office Supplies,Pens,P10055,C1322,4,905.17,0.4121,2128.54,1114.78,1013.75,0.47626542136863764,2023,12,Dec,Q4
SO00183,2024-03-31,West,Mumbai,Consumer,Online,Technology,Accessories,P10018,C1017,10,25989.8,0.55,116954.11,76744.66,40209.45,0.343805360923186,2024,3,Mar,Q1
SO00184,2024-11-15,South,Bengaluru,Consumer,Distributor,Furniture,Bookcases,P10069,C1580,10,6785.69,0.1494,57718.82,39604.03,18114.79,0.3138454666952651,2024,11,Nov,Q4
SO00185,2024-10-12,East,Patna,Corporate,Online,Furniture,Storage,P10008,C1221,7,10306.47,0.2278,55710.49,36473.5,19236.99,0.3453028325545154,2024,10,Oct,Q4
SO00186,2024-07-06,South,Kochi,Consumer,Online,Furniture,Tables,P10024,C1536,10,8469.17,0.2583,62814.45,43873.66,18940.79,0.3015355543191097,2024,7,Jul,Q3
SO00187,2025-10-24,North,Delhi,Consumer,Online,Office Supplies,Pens,P10038,C1391,5,1158.59,0.55,2606.82,1491.6,1115.22,0.42780859437935875,2025,10,Oct,Q4
SO00188,2023-07-31,South,Hyderabad,Consumer,Online,Technology,Accessories,P10051,C1411,4,18354.68,0.2999,51399.97,36685.96,14714.02,0.28626514762557254,2023,7,Jul,Q3
SO00189,2023-07-25,North,Lucknow,Home Office,Distributor,Technology,Accessories,P10034,C1443,6,15524.31,0.55,41915.63,31692.3,10223.33,0.24390257285885958,2023,7,Jul,Q3
SO00190,2025-02-05,East,Patna,Consumer,Online,Technology,Printers,P10088,C1081,4,24528.46,0.1329,85070.91,52902.68,32168.23,0.378134311717131,2025,2,Feb,Q1
SO00191,2023-04-14,North,Jaipur,Home Office,Retail Store,Technology,Laptops,P10047,C1076,9,25556.12,0.3858,141279.83,96038.86,45240.97,0.3202224266549585,2023,4,Apr,Q2
SO00192,2023-04-19,Central,Raipur,Consumer,Retail Store,Furniture,Bookcases,P10029,C1315,4,10486.29,0.2372,31996.19,20851.78,11144.41,0.3483042824786326,2023,4,Apr,Q2
SO00193,2025-06-20,East,Patna,Consumer,Online,Office Supplies,Pens,P10057,C1022,6,803.6,0.3273,3243.57,1663.91,1579.65,0.4870096837743597,2025,6,Jun,Q2
SO00194,2025-04-19,South,Hyderabad,Home Office,Distributor,Furniture,Bookcases,P10017,C1140,2,11088.04,0.2175,17352.82,11796.29,5556.54,0.32020962587060775,2025,4,Apr,Q2
SO00195,2025-06-20,South,Bengaluru,Corporate,Online,Office Supplies,Binders,P10084,C1141,2,782.65,0.55,704.38,425.69,278.69,0.39565291461994945,2025,6,Jun,Q2
SO00196,2024-01-26,West,Surat,Corporate,Retail Store,Technology,Accessories,P10058,C1518,8,20987.0,0.2806,120782.26,72496.63,48285.63,0.3997741886929422,2024,1,Jan,Q1
SO00197,2024-11-11,West,Ahmedabad,Consumer,Retail Store,Office Supplies,Paper,P10039,C1439,3,920.92,0.3289,1854.01,1092.62,761.39,0.4106720028478811,2024,11,Nov,Q4
SO00198,2023-08-07,North,Jaipur,Consumer,Retail Store,Office Supplies,Pens,P10097,C1073,4,918.72,0.3036,2559.21,1600.39,958.82,0.37465467859222185,2023,8,Aug,Q3
SO00199,2024-07-13,East,Kolkata,Corporate,Distributor,Furniture,Bookcases,P10068,C1301,3,3384.37,0.2266,7852.87,5466.34,2386.53,0.30390545112805895,2024,7,Jul,Q3
SO00200,2025-10-27,South,Chennai,Consumer,Retail Store,Furniture,Chairs,P10085,C1507,10,12823.24,0.1487,109164.33,74499.59,34664.74,0.3175464000008061,2025,10,Oct,Q4
SO00201,2024-01-02,South,Kochi,Consumer,Distributor,Furniture,Chairs,P10096,C1111,1,11487.14,0.4756,6024.23,4715.02,1309.21,0.2173240397527983,2024,1,Jan,Q1
SO00202,2025-12-06,North,Lucknow,Consumer,Online,Technology,Laptops,P10063,C1443,2,25382.28,0.2378,38691.55,26406.43,12285.11,0.31751403084135943,2025,12,Dec,Q4
SO00203,2024-08-11,West,Pune,Corporate,Retail Store,Furniture,Tables,P10009,C1549,8,9703.61,0.2884,55240.53,35503.05,19737.48,0.35730069932348585,2024,8,Aug,Q3
SO00204,2024-07-21,West,Pune,Consumer,Retail Store,Furniture,Tables,P10058,C1139,8,9226.42,0.55,33215.09,23093.46,10121.64,0.3047301693296631,2024,7,Jul,Q3
SO00205,2025-02-10,East,Guwahati,Consumer,Distributor,Furniture,Bookcases,P10071,C1021,1,10691.95,0.1525,9061.89,6546.73,2515.16,0.27755357877881986,2025,2,Feb,Q1
SO00206,2025-08-20,West,Surat,Home Office,Online,Furniture,Bookcases,P10055,C1544,8,7786.61,0.1312,54119.08,39235.29,14883.79,0.27501927231578954,2025,8,Aug,Q3
SO00207,2024-09-13,South,Bengaluru,Consumer,Online,Furniture,Bookcases,P10057,C1414,9,8820.53,0.55,35723.16,24901.06,10822.11,0.302943804523452,2024,9,Sep,Q3
SO00208,2025-06-13,West,Surat,Consumer,Retail Store,Technology,Phones,P10030,C1289,7,8311.1,0.4749,30551.11,19233.95,11317.16,0.37043367655054105,2025,6,Jun,Q2
SO00209,2024-12-21,South,Kochi,Consumer,Online,Office Supplies,Pens,P10015,C1147,3,1160.08,0.3987,2092.61,1199.96,892.65,0.4265725577150066,2024,12,Dec,Q4
SO00210,2024-02-16,East,Guwahati,Consumer,Online,Office Supplies,Paper,P10048,C1093,3,739.91,0.3087,1534.55,960.15,574.41,0.3743182040337558,2024,2,Feb,Q1
SO00211,2023-08-27,North,Lucknow,Home Office,Online,Furniture,Storage,P10025,C1171,10,7884.86,0.1851,64250.46,47813.86,16436.6,0.25582073653636095,2023,8,Aug,Q3
SO00212,2023-09-08,East,Patna,Consumer,Retail Store,Furniture,Chairs,P10051,C1364,9,11902.59,0.3078,74152.93,52499.48,21653.45,0.2920107135348529,2023,9,Sep,Q3
SO00213,2024-09-21,West,Ahmedabad,Home Office,Online,Furniture,Bookcases,P10006,C1534,3,9358.71,0.3076,19441.14,13212.84,6228.3,0.3203670155145223,2024,9,Sep,Q3
SO00214,2024-12-16,North,Delhi,Consumer,Retail Store,Office Supplies,Pens,P10054,C1003,2,718.28,0.4242,827.23,409.94,417.29,0.5044425371420282,2024,12,Dec,Q4
SO00215,2023-07-25,South,Hyderabad,Consumer,Online,Technology,Laptops,P10098,C1124,10,26090.1,0.341,171922.04,110454.91,61467.13,0.35752908702107067,2023,7,Jul,Q3
SO00216,2023-11-13,North,Delhi,Corporate,Retail Store,Technology,Printers,P10009,C1092,7,28943.07,0.3036,141086.11,88031.5,53054.6,0.3760441052630908,2023,11,Nov,Q4
SO00217,2025-06-13,Central,Bhopal,Consumer,Retail Store,Office Supplies,Paper,P10016,C1054,10,1306.73,0.1853,10645.57,7041.18,3604.39,0.3385812126546535,2025,6,Jun,Q2
SO00218,2024-09-07,South,Chennai,Home Office,Distributor,Technology,Accessories,P10038,C1062,1,20560.9,0.096,18587.93,12478.54,6109.39,0.3286751133665771,2024,9,Sep,Q3
SO00219,2024-05-19,South,Kochi,Consumer,Retail Store,Office Supplies,Binders,P10096,C1388,5,1046.71,0.0843,4792.21,3004.73,1787.48,0.3729970097303749,2024,5,May,Q2
SO00220,2025-06-05,North,Lucknow,Corporate,Online,Technology,Phones,P10056,C1217,1,25545.38,0.0885,23283.87,15834.18,7449.69,0.31995067830218943,2025,6,Jun,Q2
SO00221,2024-01-01,Central,Indore,Consumer,Retail Store,Technology,Phones,P10013,C1400,2,29333.92,0.2704,42806.97,32971.03,9835.94,0.22977426339682533,2024,1,Jan,Q1
SO00222,2025-03-13,North,Lucknow,Consumer,Online,Technology,Accessories,P10003,C1355,5,14236.4,0.2401,54088.42,36639.84,17448.58,0.32259363464490187,2025,3,Mar,Q1
SO00223,2024-12-09,Central,Nagpur,Consumer,Retail Store,Furniture,Chairs,P10005,C1315,2,11282.0,0.1271,19696.59,14507.41,5189.18,0.26345575553941064,2024,12,Dec,Q4
SO00224,2025-02-18,East,Guwahati,Corporate,Retail Store,Office Supplies,Binders,P10089,C1571,2,332.99,0.3743,416.72,231.96,184.76,0.443367248992129,2025,2,Feb,Q1
SO00225,2025-09-27,North,Jaipur,Corporate,Retail Store,Furniture,Chairs,P10079,C1043,8,8891.27,0.1487,60556.37,45026.0,15530.38,0.2564615415355973,2025,9,Sep,Q3
SO00226,2025-02-18,East,Bhubaneswar,Corporate,Online,Furniture,Tables,P10020,C1150,2,11893.71,0.1263,20783.69,13337.77,7445.92,0.3582578454547773,2025,2,Feb,Q1
SO00227,2025-10-28,North,Lucknow,Corporate,Distributor,Technology,Phones,P10035,C1073,7,29345.18,0.2756,148805.92,102103.55,46702.37,0.3138475270338707,2025,10,Oct,Q4
SO00228,2023-06-28,North,Jaipur,Corporate,Retail Store,Office Supplies,Pens,P10029,C1350,5,952.21,0.2287,3672.25,2186.6,1485.65,0.4045612362992716,2023,6,Jun,Q2
SO00229,2024-05-08,South,Chennai,Consumer,Online,Technology,Printers,P10008,C1192,6,24035.77,0.55,64896.58,41630.34,23266.24,0.35851257493075905,2024,5,May,Q2
SO00230,2025-05-11,North,Lucknow,Consumer,Retail Store,Office Supplies,Envelopes,P10011,C1375,4,769.31,0.3447,2016.39,1166.65,849.74,0.421416491849295,2025,5,May,Q2
SO00231,2023-04-06,North,Jaipur,Consumer,Online,Furniture,Tables,P10048,C1089,7,6336.51,0.3507,28801.18,20585.51,8215.66,0.2852542847202788,2023,4,Apr,Q2
SO00232,2024-06-13,West,Ahmedabad,Consumer,Online,Office Supplies,Pens,P10063,C1201,7,728.4,0.4161,2977.36,1386.09,1591.27,0.5344566998952092,2024,6,Jun,Q2
SO00233,2025-11-27,Central,Nagpur,Corporate,Online,Technology,Accessories,P10060,C1589,4,35115.06,0.55,63207.12,41838.81,21368.31,0.33806808473475775,2025,11,Nov,Q4
SO00234,2023-09-27,West,Ahmedabad,Home Office,Retail Store,Technology,Accessories,P10072,C1422,6,30874.86,0.2648,136190.55,91193.93,44996.63,0.3303946566042945,2023,9,Sep,Q3
SO00235,2023-09-04,East,Patna,Consumer,Distributor,Technology,Laptops,P10022,C1383,1,27469.48,0.1843,22406.09,17624.01,4782.07,0.21342724232563556,2023,9,Sep,Q3
SO00236,2024-01-23,North,Delhi,Consumer,Online,Office Supplies,Binders,P10090,C1315,6,1512.14,0.4612,4888.6,2866.64,2021.95,0.4136051221208526,2024,1,Jan,Q1
SO00237,2024-11-29,East,Bhubaneswar,Corporate,Online,Technology,Printers,P10081,C1567,6,25793.03,0.0797,142420.65,91656.22,50764.43,0.35644009488792533,2024,11,Nov,Q4
SO00238,2025-07-24,South,Hyderabad,Consumer,Retail Store,Furniture,Storage,P10097,C1140,4,10343.61,0.2629,30497.92,22910.03,7587.89,0.2488002460495667,2025,7,Jul,Q3
SO00239,2025-08-31,Central,Raipur,Consumer,Online,Technology,Accessories,P10023,C1424,10,31432.17,0.218,245810.08,170618.37,75191.71,0.3058935174668183,2025,8,Aug,Q3
SO00240,2024-01-25,South,Bengaluru,Home Office,Retail Store,Technology,Phones,P10006,C1273,1,17362.0,0.0869,15853.6,10643.33,5210.27,0.3286490134732805,2024,1,Jan,Q1
SO00241,2023-07-03,South,Chennai,Corporate,Retail Store,Office Supplies,Pens,P10083,C1494,10,831.99,0.2672,6096.75,4070.51,2026.25,0.332349202443925,2023,7,Jul,Q3
SO00242,2023-09-09,South,Kochi,Home Office,Online,Technology,Accessories,P10016,C1367,8,24169.82,0.3707,121677.64,79117.5,42560.13,0.3497777405939168,2023,9,Sep,Q3
SO00243,2023-07-03,East,Guwahati,Consumer,Distributor,Technology,Laptops,P10080,C1283,10,23744.37,0.3633,151174.9,96113.15,55061.76,0.36422554273229224,2023,7,Jul,Q3
SO00244,2023-09-28,East,Guwahati,Consumer,Online,Office Supplies,Envelopes,P10086,C1433,2,1206.62,0.1476,2057.1,1147.5,909.6,0.4421758786641389,2023,9,Sep,Q3
SO00245,2024-03-21,East,Patna,Consumer,Online,Technology,Phones,P10067,C1192,9,28014.99,0.211,198937.44,142501.98,56435.46,0.28368445879267373,2024,3,Mar,Q1
SO00246,2023-05-18,South,Chennai,Consumer,Retail Store,Technology,Accessories,P10011,C1030,5,15214.56,0.1322,66012.67,45357.0,20655.67,0.3129046287629329,2023,5,May,Q2
SO00247,2023-04-18,North,Delhi,Corporate,Retail Store,Technology,Accessories,P10052,C1543,6,31029.66,0.2205,145118.66,100723.53,44395.13,0.30592295987297563,2023,4,Apr,Q2
SO00248,2025-05-06,West,Mumbai,Home Office,Retail Store,Furniture,Storage,P10090,C1529,10,11260.86,0.3916,68512.15,48315.66,20196.49,0.29478698303877493,2025,5,May,Q2
SO00249,2024-10-18,Central,Nagpur,Home Office,Online,Technology,Phones,P10069,C1006,8,25197.35,0.499,100982.93,64883.21,36099.73,0.35748348755576814,2024,10,Oct,Q4
SO00250,2025-09-08,North,Lucknow,Consumer,Online,Furniture,Tables,P10044,C1384,6,9656.45,0.1431,49646.8,36860.71,12786.09,0.25754107011932287,2025,9,Sep,Q3
SO00251,2025-06-05,East,Guwahati,Corporate,Online,Office Supplies,Pens,P10050,C1363,4,309.97,0.3629,789.9,500.7,289.2,0.3661222939612609,2025,6,Jun,Q2
SO00252,2025-12-24,East,Patna,Corporate,Retail Store,Office Supplies,Binders,P10031,C1194,4,776.59,0.2576,2306.17,1281.73,1024.44,0.44421703517086775,2025,12,Dec,Q4
SO00253,2025-02-09,South,Chennai,Consumer,Online,Furniture,Bookcases,P10018,C1230,8,8371.78,0.2942,47267.71,31939.88,15327.83,0.324276974704296,2025,2,Feb,Q1
SO00254,2025-05-31,West,Ahmedabad,Consumer,Distributor,Furniture,Storage,P10074,C1457,5,7488.3,0.5246,17800.69,13099.92,4700.77,0.2640779655170671,2025,5,May,Q2
SO00255,2025-10-26,South,Kochi,Home Office,Retail Store,Technology,Accessories,P10084,C1193,4,14610.93,0.1221,51306.71,34559.5,16747.21,0.32641364063296985,2025,10,Oct,Q4
SO00256,2023-05-30,West,Surat,Corporate,Distributor,Technology,Accessories,P10025,C1030,7,6570.82,0.0822,42214.74,30298.06,11916.68,0.2822871821548587,2023,5,May,Q2
SO00257,2025-07-12,North,Delhi,Corporate,Distributor,Furniture,Bookcases,P10011,C1459,10,11262.35,0.2272,87035.68,60240.43,26795.25,0.3078651192246674,2025,7,Jul,Q3
SO00258,2024-02-09,Central,Raipur,Consumer,Distributor,Technology,Phones,P10057,C1262,9,18080.24,0.3769,101390.03,74453.09,26936.94,0.26567641808568354,2024,2,Feb,Q1
SO00259,2024-05-05,South,Chennai,Consumer,Retail Store,Technology,Printers,P10012,C1575,2,22381.31,0.1647,37390.02,25320.86,12069.15,0.32279068050779325,2024,5,May,Q2
SO00260,2023-05-21,Central,Raipur,Consumer,Online,Office Supplies,Paper,P10037,C1180,5,938.28,0.2472,3531.55,1854.09,1677.45,0.47498973538531236,2023,5,May,Q2
SO00261,2025-03-07,South,Bengaluru,Corporate,Online,Furniture,Tables,P10069,C1146,5,6953.42,0.4282,19878.41,13108.79,6769.62,0.340551382127645,2025,3,Mar,Q1
SO00262,2025-08-07,North,Chandigarh,Home Office,Online,Furniture,Bookcases,P10032,C1009,4,5944.35,0.1832,19422.49,12982.66,6439.83,0.3315656231513055,2025,8,Aug,Q3
SO00263,2024-01-23,North,Chandigarh,Corporate,Online,Technology,Accessories,P10095,C1339,4,19513.78,0.1774,64208.93,47664.4,16544.53,0.2576671188882917,2024,1,Jan,Q1
SO00264,2023-10-15,West,Surat,Corporate,Retail Store,Furniture,Tables,P10012,C1306,7,8972.2,0.2327,48187.7,35335.76,12851.94,0.2667058191198169,2023,10,Oct,Q4
SO00265,2024-08-29,East,Bhubaneswar,Consumer,Online,Furniture,Storage,P10027,C1490,7,9995.15,0.2092,55327.05,40958.9,14368.15,0.2596948508912006,2024,8,Aug,Q3
SO00266,2025-05-30,Central,Indore,Corporate,Online,Office Supplies,Binders,P10037,C1303,9,892.52,0.1517,6814.41,3563.28,3251.13,0.4770963296895843,2025,5,May,Q2
SO00267,2023-07-04,Central,Bhopal,Home Office,Online,Technology,Phones,P10060,C1039,2,15400.66,0.1621,25807.6,17588.37,8219.23,0.3184809900959407,2023,7,Jul,Q3
SO00268,2024-07-31,East,Kolkata,Consumer,Retail Store,Furniture,Storage,P10022,C1332,2,12636.59,0.55,11372.93,8730.35,2642.58,0.23235700914364196,2024,7,Jul,Q3
SO00269,2023-02-05,Central,Bhopal,Corporate,Distributor,Office Supplies,Pens,P10021,C1452,1,1000.92,0.2956,705.02,393.81,311.21,0.44142010155740263,2023,2,Feb,Q1
SO00270,2024-12-10,West,Surat,Corporate,Online,Office Supplies,Pens,P10031,C1245,1,694.75,0.2289,535.72,328.1,207.62,0.38755319943253935,2024,12,Dec,Q4
SO00271,2025-02-23,East,Guwahati,Corporate,Distributor,Technology,Laptops,P10091,C1508,4,26015.49,0.55,46827.88,33455.74,13372.15,0.2855595854435435,2025,2,Feb,Q1
SO00272,2023-03-13,North,Chandigarh,Consumer,Distributor,Technology,Accessories,P10001,C1437,8,16748.45,0.2017,106956.43,76899.46,30056.97,0.2810206922575857,2023,3,Mar,Q1
SO00273,2024-12-06,West,Surat,Corporate,Online,Furniture,Chairs,P10091,C1102,3,6487.69,0.2911,13797.09,9546.11,4250.98,0.30810699937450575,2024,12,Dec,Q4
SO00274,2024-11-15,West,Mumbai,Consumer,Online,Furniture,Chairs,P10028,C1077,6,6614.66,0.3378,26280.89,19153.46,7127.43,0.2712020026719034,2024,11,Nov,Q4
SO00275,2023-05-17,North,Jaipur,Home Office,Online,Technology,Accessories,P10042,C1369,10,24509.31,0.2734,178093.4,105317.76,72775.64,0.40863749021580814,2023,5,May,Q2
SO00276,2023-11-24,East,Patna,Consumer,Distributor,Office Supplies,Envelopes,P10089,C1269,9,1172.89,0.3127,7255.2,4544.4,2710.8,0.37363546146212373,2023,11,Nov,Q4
SO00277,2024-01-16,West,Ahmedabad,Corporate,Distributor,Technology,Laptops,P10025,C1538,10,26480.95,0.1887,214829.58,135547.44,79282.13,0.36904661825433915,2024,1,Jan,Q1
SO00278,2025-12-13,East,Kolkata,Consumer,Retail Store,Technology,Laptops,P10038,C1576,3,8371.28,0.2627,18517.27,11091.93,7425.33,0.40099485507312904,2025,12,Dec,Q4
SO00279,2023-08-05,Central,Bhopal,Consumer,Online,Furniture,Tables,P10017,C1516,7,5958.12,0.3727,26161.66,18243.57,7918.09,0.30266007585145593,2023,8,Aug,Q3
SO00280,2024-10-05,North,Delhi,Consumer,Online,Technology,Phones,P10018,C1377,3,19825.7,0.1162,52564.52,35482.91,17081.61,0.3249646339393949,2024,10,Oct,Q4
SO00281,2024-05-22,Central,Bhopal,Consumer,Retail Store,Furniture,Bookcases,P10090,C1530,7,11566.32,0.1893,65635.01,46062.79,19572.22,0.2981978672662654,2024,5,May,Q2
SO00282,2024-11-23,North,Delhi,Home Office,Distributor,Furniture,Bookcases,P10012,C1229,6,9611.74,0.0643,53959.63,40808.04,13151.59,0.2437301738355137,2024,11,Nov,Q4
SO00283,2025-05-11,North,Jaipur,Consumer,Online,Office Supplies,Paper,P10037,C1422,5,1437.72,0.1488,6119.23,3386.81,2732.42,0.4465300372759318,2025,5,May,Q2
SO00284,2023-12-30,North,Chandigarh,Consumer,Online,Office Supplies,Envelopes,P10095,C1144,8,1242.68,0.2448,7508.17,4809.58,2698.58,0.35941913941746123,2023,12,Dec,Q4
SO00285,2023-08-12,South,Bengaluru,Consumer,Retail Store,Furniture,Chairs,P10003,C1123,7,6743.16,0.55,21240.94,16002.37,5238.57,0.2466260909357119,2023,8,Aug,Q3
SO00286,2025-02-16,North,Delhi,Consumer,Distributor,Furniture,Tables,P10087,C1136,3,7623.1,0.3626,14577.36,10706.48,3870.88,0.265540536832458,2025,2,Feb,Q1
SO00287,2025-11-05,East,Guwahati,Consumer,Online,Office Supplies,Envelopes,P10060,C1465,7,1467.99,0.3654,6521.44,3718.27,2803.17,0.42983911528742125,2025,11,Nov,Q4
SO00288,2025-07-25,North,Chandigarh,Corporate,Distributor,Technology,Laptops,P10092,C1468,2,15649.55,0.2074,24806.86,15931.37,8875.48,0.35778329058978037,2025,7,Jul,Q3
SO00289,2024-04-25,North,Lucknow,Home Office,Retail Store,Office Supplies,Envelopes,P10047,C1370,8,650.37,0.0481,4952.88,3104.51,1848.37,0.3731909515271922,2024,4,Apr,Q2
SO00290,2024-08-10,North,Jaipur,Corporate,Distributor,Technology,Phones,P10019,C1440,5,22741.59,0.1169,100412.61,66970.71,33441.91,0.3330449233417994,2024,8,Aug,Q3
SO00291,2023-03-17,West,Surat,Consumer,Retail Store,Furniture,Bookcases,P10035,C1540,1,7095.92,0.4383,3985.46,3222.89,762.57,0.1913380136797258,2023,3,Mar,Q1
SO00292,2024-03-19,Central,Raipur,Home Office,Distributor,Technology,Accessories,P10097,C1463,5,31029.45,0.1869,126157.32,79187.82,46969.5,0.37230895519974583,2024,3,Mar,Q1
SO00293,2023-11-09,North,Lucknow,Consumer,Retail Store,Technology,Printers,P10090,C1533,3,29950.85,0.11,79972.25,48904.48,31067.78,0.3884820046953787,2023,11,Nov,Q4
SO00294,2023-10-23,West,Surat,Consumer,Distributor,Furniture,Bookcases,P10014,C1075,1,6132.65,0.283,4396.98,3197.52,1199.46,0.2727917798125077,2023,10,Oct,Q4
SO00295,2025-04-13,Central,Raipur,Consumer,Online,Technology,Accessories,P10098,C1126,1,16129.64,0.3085,11153.7,7788.41,3365.29,0.3017196087397007,2025,4,Apr,Q2
SO00296,2023-12-11,South,Hyderabad,Consumer,Retail Store,Furniture,Bookcases,P10006,C1045,9,5261.34,0.3567,30463.1,20906.38,9556.72,0.3137146252351205,2023,12,Dec,Q4
SO00297,2023-01-21,East,Bhubaneswar,Consumer,Retail Store,Furniture,Storage,P10081,C1388,9,6725.98,0.1251,52963.41,40952.13,12011.28,0.22678449140642568,2023,1,Jan,Q1
SO00298,2023-09-29,South,Chennai,Consumer,Retail Store,Furniture,Chairs,P10011,C1117,2,6374.23,0.4967,6416.49,4932.24,1484.25,0.23131805706858424,2023,9,Sep,Q3
SO00299,2024-04-29,North,Lucknow,Consumer,Online,Office Supplies,Envelopes,P10029,C1151,8,904.15,0.1722,5987.74,3644.62,2343.12,0.3913195963752601,2024,4,Apr,Q2
SO00300,2023-06-28,Central,Bhopal,Home Office,Online,Technology,Accessories,P10084,C1587,2,21505.29,0.3835,26517.09,19153.15,7363.94,0.27770543449526325,2023,6,Jun,Q2
SO00301,2023-11-21,South,Kochi,Corporate,Distributor,Furniture,Bookcases,P10030,C1519,8,9734.86,0.3852,47879.15,36072.07,11807.08,0.2466017044997666,2023,11,Nov,Q4
SO00302,2024-04-11,West,Surat,Consumer,Online,Office Supplies,Binders,P10024,C1518,4,1688.6,0.1346,5845.5,3497.48,2348.02,0.40167992472842357,2024,4,Apr,Q2
SO00303,2025-07-02,Central,Nagpur,Consumer,Retail Store,Furniture,Chairs,P10059,C1222,10,6455.65,0.1883,52402.83,37472.45,14930.38,0.28491552841707213,2025,7,Jul,Q3
SO00304,2023-06-28,Central,Bhopal,Home Office,Distributor,Technology,Accessories,P10087,C1172,8,14456.07,0.3439,75872.7,57382.01,18490.69,0.24370676145701944,2023,6,Jun,Q2
SO00305,2025-04-22,West,Ahmedabad,Corporate,Retail Store,Furniture,Bookcases,P10061,C1447,1,11752.25,0.291,8332.23,6117.2,2215.02,0.26583759689782926,2025,4,Apr,Q2
SO00306,2024-02-19,North,Chandigarh,Consumer,Online,Technology,Printers,P10094,C1256,2,29030.13,0.3561,37385.98,23447.18,13938.8,0.3728349504279411,2024,2,Feb,Q1
SO00307,2025-01-22,South,Chennai,Consumer,Online,Technology,Accessories,P10002,C1310,2,28683.41,0.3161,39233.67,25937.32,13296.36,0.3389017647342194,2025,1,Jan,Q1
SO00308,2025-08-31,Central,Nagpur,Consumer,Retail Store,Furniture,Storage,P10039,C1597,5,9767.03,0.55,21975.81,15540.25,6435.57,0.29284790867776883,2025,8,Aug,Q3
SO00309,2025-05-11,East,Guwahati,Consumer,Online,Office Supplies,Paper,P10097,C1251,9,684.83,0.3423,4053.99,2451.91,1602.09,0.39518844397741487,2025,5,May,Q2
SO00310,2024-06-13,West,Pune,Consumer,Retail Store,Technology,Phones,P10043,C1113,1,26637.77,0.1346,23051.37,16513.5,6537.88,0.2836221881823076,2024,6,Jun,Q2
SO00311,2023-10-22,West,Pune,Home Office,Online,Office Supplies,Binders,P10068,C1193,2,778.98,0.2858,1112.69,604.65,508.04,0.4565871896035733,2023,10,Oct,Q4
SO00312,2024-05-08,South,Hyderabad,Corporate,Online,Office Supplies,Paper,P10071,C1431,10,1122.29,0.3844,6909.23,3764.21,3145.01,0.4551896521030564,2024,5,May,Q2
SO00313,2023-03-24,East,Bhubaneswar,Consumer,Online,Technology,Printers,P10017,C1122,4,16985.96,0.2709,49540.7,35525.04,14015.66,0.28291202990672315,2023,3,Mar,Q1
SO00314,2024-02-02,West,Ahmedabad,Consumer,Retail Store,Office Supplies,Envelopes,P10054,C1061,9,636.54,0.3207,3891.64,2221.61,1670.02,0.4291301353670946,2024,2,Feb,Q1
SO00315,2024-06-21,East,Guwahati,Consumer,Online,Office Supplies,Binders,P10010,C1002,7,959.49,0.2397,5106.48,3452.71,1653.77,0.32385713838103747,2024,6,Jun,Q2
SO00316,2024-03-09,South,Bengaluru,Corporate,Online,Furniture,Tables,P10026,C1027,6,5277.54,0.336,21025.96,14495.96,6530.01,0.3105689347834772,2024,3,Mar,Q1
SO00317,2025-09-01,West,Ahmedabad,Home Office,Online,Office Supplies,Pens,P10041,C1169,10,677.45,0.4775,3539.84,1992.51,1547.33,0.43711862683059116,2025,9,Sep,Q3
SO00318,2024-08-05,Central,Bhopal,Home Office,Distributor,Furniture,Tables,P10097,C1209,4,7656.01,0.0974,27641.67,19765.47,7876.2,0.28493936871397424,2024,8,Aug,Q3
SO00319,2023-03-15,Central,Bhopal,Corporate,Retail Store,Furniture,Bookcases,P10060,C1215,1,11513.49,0.3647,7314.45,4417.07,2897.37,0.3961159075528577,2023,3,Mar,Q1
SO00320,2024-03-22,East,Bhubaneswar,Corporate,Online,Office Supplies,Paper,P10017,C1337,9,1038.66,0.1995,7483.45,3983.01,3500.45,0.46775885453901606,2024,3,Mar,Q1
SO00321,2023-04-27,East,Guwahati,Corporate,Retail Store,Furniture,Tables,P10047,C1376,8,8384.06,0.1309,58294.91,41974.2,16320.71,0.27996801092925605,2023,4,Apr,Q2
SO00322,2023-04-17,North,Jaipur,Consumer,Online,Technology,Accessories,P10097,C1450,10,20842.04,0.1884,169145.98,107252.98,61893.0,0.3659146968789917,2023,4,Apr,Q2
SO00323,2025-03-20,East,Guwahati,Home Office,Online,Technology,Printers,P10061,C1408,1,2860.7,0.1556,2415.51,1745.7,669.81,0.2772954779735956,2025,3,Mar,Q1
SO00324,2025-04-01,South,Kochi,Consumer,Online,Technology,Laptops,P10033,C1199,7,26689.62,0.55,84072.32,50133.41,33938.9,0.4036869685527888,2025,4,Apr,Q2
SO00325,2024-06-21,North,Jaipur,Home Office,Retail Store,Furniture,Bookcases,P10021,C1282,2,9057.26,0.3639,11521.96,7770.17,3751.8,0.32562168242208794,2024,6,Jun,Q2
SO00326,2025-07-12,East,Guwahati,Home Office,Online,Technology,Laptops,P10100,C1322,1,27596.35,0.2008,22055.43,16063.91,5991.53,0.27165781850546555,2025,7,Jul,Q3
SO00327,2023-03-19,East,Patna,Consumer,Online,Technology,Phones,P10048,C1565,6,26345.39,0.0735,146449.12,87741.66,58707.47,0.4008728082490356,2023,3,Mar,Q1
SO00328,2024-10-08,Central,Bhopal,Home Office,Retail Store,Technology,Printers,P10014,C1547,5,24557.05,0.4132,72046.4,48881.28,23165.13,0.32153070798818545,2024,10,Oct,Q4
SO00329,2025-11-03,West,Pune,Consumer,Online,Technology,Accessories,P10085,C1106,1,23291.45,0.2496,17478.82,10631.36,6847.46,0.39175756715842375,2025,11,Nov,Q4
SO00330,2023-08-02,Central,Indore,Home Office,Retail Store,Furniture,Bookcases,P10100,C1309,6,9383.92,0.4401,31521.95,27166.96,4354.99,0.13815737922304933,2023,8,Aug,Q3
SO00331,2024-04-13,West,Surat,Consumer,Retail Store,Technology,Phones,P10026,C1129,6,14584.94,0.2696,63918.21,41479.4,22438.8,0.3510548871753449,2024,4,Apr,Q2
SO00332,2023-03-27,South,Chennai,Consumer,Retail Store,Office Supplies,Binders,P10018,C1443,8,1132.64,0.4979,4549.8,2568.75,1981.06,0.4354169414040177,2023,3,Mar,Q1
SO00333,2025-01-01,North,Delhi,Consumer,Online,Office Supplies,Envelopes,P10093,C1343,4,423.29,0.2726,1231.66,634.44,597.22,0.48489031063767596,2025,1,Jan,Q1
SO00334,2024-07-29,East,Bhubaneswar,Consumer,Online,Office Supplies,Binders,P10010,C1309,4,393.15,0.55,707.67,388.84,318.83,0.4505348538160442,2024,7,Jul,Q3
SO00335,2023-12-09,West,Mumbai,Corporate,Retail Store,Office Supplies,Binders,P10024,C1140,8,814.08,0.3715,4093.02,2254.54,1838.48,0.44917444820694746,2023,12,Dec,Q4
SO00336,2024-06-29,North,Chandigarh,Corporate,Online,Furniture,Chairs,P10007,C1258,3,6397.98,0.4592,10379.48,7424.49,2954.99,0.28469537973000575,2024,6,Jun,Q2
SO00337,2023-10-09,Central,Raipur,Corporate,Retail Store,Technology,Accessories,P10028,C1040,5,24595.83,0.0718,114143.58,79833.67,34309.91,0.300585543225471,2023,10,Oct,Q4
SO00338,2024-02-20,South,Hyderabad,Corporate,Online,Furniture,Storage,P10044,C1409,10,7310.1,0.1457,62447.98,46082.24,16365.74,0.26206996607416283,2024,2,Feb,Q1
SO00339,2023-12-23,South,Chennai,Corporate,Distributor,Technology,Phones,P10033,C1181,8,24885.73,0.2923,140893.94,94095.51,46798.43,0.33215360433528934,2023,12,Dec,Q4
SO00340,2023-03-12,West,Ahmedabad,Home Office,Online,Office Supplies,Envelopes,P10076,C1215,6,658.93,0.2481,2972.79,1706.48,1266.3,0.42596348884381335,2023,3,Mar,Q1
SO00341,2023-04-11,East,Kolkata,Corporate,Retail Store,Office Supplies,Binders,P10076,C1336,7,799.41,0.4605,3018.71,1641.17,1377.54,0.4563339969722166,2023,4,Apr,Q2
SO00342,2025-12-28,South,Hyderabad,Consumer,Online,Technology,Printers,P10059,C1433,8,15413.5,0.3569,79301.36,49195.87,30105.49,0.3796339684464428,2025,12,Dec,Q4
SO00343,2025-08-26,East,Guwahati,Corporate,Retail Store,Technology,Phones,P10015,C1461,8,33871.59,0.4284,154896.1,106103.97,48792.13,0.31499908648442404,2025,8,Aug,Q3
SO00344,2025-08-17,South,Bengaluru,Corporate,Online,Furniture,Bookcases,P10053,C1246,2,3003.24,0.2124,4730.8,3353.0,1377.81,0.29124249598376595,2025,8,Aug,Q3
SO00345,2023-07-26,West,Mumbai,Consumer,Online,Technology,Phones,P10044,C1007,3,24104.06,0.1692,60074.72,39236.21,20838.51,0.34687652310322875,2023,7,Jul,Q3
SO00346,2024-08-02,South,Bengaluru,Home Office,Online,Office Supplies,Pens,P10030,C1085,7,1307.23,0.1842,7465.18,4003.23,3461.95,0.4637463530685127,2024,8,Aug,Q3
SO00347,2023-02-18,North,Lucknow,Consumer,Online,Office Supplies,Paper,P10049,C1555,6,1165.23,0.0838,6405.48,4070.65,2334.83,0.3645050800252284,2023,2,Feb,Q1
SO00348,2023-04-05,Central,Raipur,Consumer,Distributor,Office Supplies,Binders,P10097,C1019,8,1432.82,0.3364,7606.6,4637.02,2969.57,0.3903938684826335,2023,4,Apr,Q2
SO00349,2023-08-25,North,Delhi,Consumer,Retail Store,Furniture,Chairs,P10066,C1509,6,8178.43,0.5312,23004.98,17741.47,5263.51,0.22879872097258944,2023,8,Aug,Q3
SO00350,2023-10-02,Central,Bhopal,Corporate,Distributor,Technology,Accessories,P10039,C1081,1,18099.31,0.2538,13506.25,9371.12,4135.13,0.3061641832484961,2023,10,Oct,Q4
SO00351,2024-02-28,North,Delhi,Consumer,Distributor,Office Supplies,Paper,P10075,C1344,9,811.71,0.1736,6036.96,3363.03,2673.93,0.4429265723145424,2024,2,Feb,Q1
SO00352,2023-07-28,Central,Bhopal,Corporate,Online,Technology,Phones,P10059,C1047,3,24548.62,0.0626,69035.14,45641.51,23393.63,0.3388655400713318,2023,7,Jul,Q3
SO00353,2025-08-15,North,Chandigarh,Home Office,Retail Store,Furniture,Storage,P10038,C1508,7,4565.05,0.1986,25607.41,17160.27,8447.15,0.3298713145921434,2025,8,Aug,Q3
SO00354,2024-05-25,East,Kolkata,Home Office,Distributor,Office Supplies,Envelopes,P10038,C1404,4,1330.4,0.1205,4680.47,2670.39,2010.08,0.42946114385948414,2024,5,May,Q2
SO00355,2023-03-09,West,Mumbai,Consumer,Online,Technology,Accessories,P10034,C1479,2,16970.17,0.4422,18933.23,12114.87,6818.36,0.36012661336707996,2023,3,Mar,Q1
SO00356,2024-12-10,East,Bhubaneswar,Consumer,Distributor,Office Supplies,Pens,P10013,C1519,6,1264.39,0.1406,6519.68,3713.0,2806.68,0.4304935211544124,2024,12,Dec,Q4
SO00357,2025-10-24,North,Chandigarh,Consumer,Online,Office Supplies,Envelopes,P10040,C1473,9,597.55,0.2594,3982.88,2106.25,1876.62,0.4711716145101032,2025,10,Oct,Q4
SO00358,2024-04-05,Central,Bhopal,Corporate,Online,Office Supplies,Pens,P10060,C1227,3,658.94,0.1394,1701.25,902.65,798.6,0.4694195444526084,2024,4,Apr,Q2
SO00359,2024-03-17,Central,Bhopal,Home Office,Online,Office Supplies,Pens,P10056,C1117,8,854.4,0.0652,6389.76,4221.12,2168.64,0.3393930288461538,2024,3,Mar,Q1
SO00360,2023-06-11,East,Kolkata,Consumer,Online,Technology,Phones,P10038,C1070,4,22972.52,0.1581,77364.38,48961.33,28403.05,0.3671334275541276,2023,6,Jun,Q2
SO00361,2024-10-03,Central,Bhopal,Corporate,Distributor,Furniture,Bookcases,P10095,C1478,1,9310.67,0.1284,8114.94,5718.91,2396.03,0.29526157925998225,2024,10,Oct,Q4
SO00362,2025-04-11,East,Patna,Home Office,Online,Technology,Printers,P10053,C1092,6,23473.59,0.1115,125133.78,84936.27,40197.51,0.32123628008360333,2025,4,Apr,Q2
SO00363,2025-01-12,West,Pune,Consumer,Retail Store,Furniture,Bookcases,P10048,C1154,7,7897.1,0.258,41018.64,31604.83,9413.81,0.22950078305862895,2025,1,Jan,Q1
SO00364,2023-12-17,East,Patna,Corporate,Online,Office Supplies,Binders,P10075,C1164,3,999.84,0.4838,1548.31,824.69,723.62,0.46736118735912063,2023,12,Dec,Q4
SO00365,2023-12-04,Central,Bhopal,Corporate,Distributor,Furniture,Bookcases,P10034,C1258,6,5022.97,0.3121,20731.32,14617.6,6113.72,0.294902591827245,2023,12,Dec,Q4
SO00366,2023-08-18,Central,Nagpur,Consumer,Distributor,Furniture,Storage,P10015,C1261,6,11149.29,0.4362,37716.48,29592.61,8123.87,0.21539311197651528,2023,8,Aug,Q3
SO00367,2023-05-03,North,Lucknow,Home Office,Distributor,Technology,Accessories,P10011,C1217,7,29261.73,0.0993,184493.26,124862.48,59630.78,0.3232138669998026,2023,5,May,Q2
SO00368,2024-03-31,South,Chennai,Consumer,Online,Furniture,Storage,P10080,C1502,5,7958.12,0.5417,18236.22,13212.05,5024.17,0.2755050114552248,2024,3,Mar,Q1
SO00369,2025-06-04,South,Kochi,Home Office,Online,Office Supplies,Paper,P10072,C1220,6,419.28,0.2972,1768.04,1064.52,703.52,0.3979095495577023,2025,6,Jun,Q2
SO00370,2024-12-27,West,Pune,Consumer,Online,Office Supplies,Binders,P10006,C1067,2,1129.52,0.4072,1339.1,804.75,534.36,0.39904413411993134,2024,12,Dec,Q4
SO00371,2024-09-28,South,Kochi,Corporate,Distributor,Office Supplies,Binders,P10003,C1478,6,1072.18,0.4097,3797.24,2439.44,1357.8,0.35757550220686607,2024,9,Sep,Q3
SO00372,2023-02-15,West,Mumbai,Consumer,Distributor,Technology,Printers,P10068,C1115,8,24776.62,0.2302,152583.71,107632.24,44951.48,0.29460209087850864,2023,2,Feb,Q1
SO00373,2024-02-01,Central,Nagpur,Home Office,Online,Technology,Accessories,P10032,C1455,7,20587.15,0.2762,104303.78,65354.16,38949.63,0.37342491326776456,2024,2,Feb,Q1
SO00374,2023-10-03,East,Guwahati,Corporate,Online,Office Supplies,Envelopes,P10053,C1109,6,1125.31,0.0958,6104.78,3549.87,2554.91,0.4185097579273946,2023,10,Oct,Q4
SO00375,2023-03-09,Central,Indore,Consumer,Online,Office Supplies,Binders,P10048,C1514,5,829.59,0.1242,3632.59,1929.1,1703.49,0.4689463991256927,2023,3,Mar,Q1
SO00376,2023-08-26,East,Patna,Corporate,Online,Furniture,Tables,P10099,C1012,2,9052.54,0.1948,14577.64,9599.52,4978.12,0.34149011774196647,2023,8,Aug,Q3
SO00377,2024-05-20,Central,Bhopal,Home Office,Online,Office Supplies,Paper,P10093,C1335,1,1186.83,0.3487,772.94,410.39,362.55,0.4690532253473749,2024,5,May,Q2
SO00378,2023-09-17,West,Ahmedabad,Home Office,Distributor,Technology,Printers,P10089,C1112,3,20894.12,0.1917,50665.15,34559.11,16106.04,0.3178918842636408,2023,9,Sep,Q3
SO00379,2025-09-24,North,Lucknow,Home Office,Distributor,Furniture,Chairs,P10057,C1474,2,7494.09,0.3585,9615.6,6938.01,2677.59,0.27846312242605764,2025,9,Sep,Q3
SO00380,2023-09-10,North,Jaipur,Consumer,Retail Store,Technology,Laptops,P10058,C1581,7,19764.68,0.1852,112734.61,69410.25,43324.37,0.38430407485332146,2023,9,Sep,Q3
SO00381,2025-03-22,West,Ahmedabad,Consumer,Retail Store,Office Supplies,Pens,P10058,C1188,6,442.87,0.2396,2020.43,1204.81,815.62,0.40368634399608005,2025,3,Mar,Q1
SO00382,2025-03-20,West,Mumbai,Corporate,Online,Office Supplies,Pens,P10020,C1329,4,806.81,0.3901,1968.16,1243.25,724.91,0.36831863263149334,2025,3,Mar,Q1
SO00383,2023-10-08,West,Surat,Consumer,Online,Technology,Printers,P10083,C1229,10,28720.18,0.0396,275828.55,192556.79,83271.76,0.30189681234955557,2023,10,Oct,Q4
SO00384,2024-01-02,Central,Raipur,Consumer,Online,Furniture,Storage,P10030,C1018,5,7717.0,0.4234,22248.36,16857.57,5390.79,0.2423005560859317,2024,1,Jan,Q1
SO00385,2024-07-04,East,Bhubaneswar,Corporate,Distributor,Furniture,Chairs,P10070,C1186,2,12958.87,0.3231,17543.41,12867.13,4676.28,0.2665547917993138,2024,7,Jul,Q3
SO00386,2023-05-30,East,Guwahati,Corporate,Retail Store,Furniture,Storage,P10051,C1226,7,5133.51,0.2505,26933.73,18610.02,8323.71,0.3090440870982222,2023,5,May,Q2
SO00387,2025-11-23,North,Lucknow,Home Office,Retail Store,Furniture,Tables,P10029,C1575,1,7089.85,0.5088,3482.63,2218.15,1264.48,0.363081923718569,2025,11,Nov,Q4
SO00388,2024-12-22,North,Jaipur,Consumer,Distributor,Furniture,Chairs,P10043,C1554,6,10788.74,0.496,32627.74,22586.46,10041.28,0.30775285079505965,2024,12,Dec,Q4
SO00389,2023-03-05,South,Chennai,Corporate,Distributor,Technology,Laptops,P10021,C1599,3,30415.61,0.2969,64152.74,40746.31,23406.44,0.3648548760349129,2023,3,Mar,Q1
SO00390,2025-01-30,North,Lucknow,Consumer,Retail Store,Office Supplies,Pens,P10066,C1347,1,735.75,0.3356,488.82,300.44,188.38,0.38537703039973814,2025,1,Jan,Q1
SO00391,2024-12-28,Central,Nagpur,Consumer,Distributor,Technology,Laptops,P10093,C1341,7,27736.03,0.0995,174842.87,113658.3,61184.57,0.34994032070052383,2024,12,Dec,Q4
SO00392,2025-11-09,East,Bhubaneswar,Consumer,Retail Store,Technology,Laptops,P10035,C1371,6,28485.54,0.174,141174.97,96031.79,45143.19,0.3197676613637673,2025,11,Nov,Q4
SO00393,2023-11-28,West,Ahmedabad,Consumer,Retail Store,Furniture,Bookcases,P10089,C1551,5,10097.49,0.2537,37680.34,28059.12,9621.22,0.2553379295409755,2023,11,Nov,Q4
SO00394,2025-07-30,Central,Indore,Home Office,Online,Office Supplies,Envelopes,P10080,C1214,7,967.69,0.189,5493.68,3364.8,2128.88,0.3875143801604753,2025,7,Jul,Q3
SO00395,2023-06-18,West,Surat,Home Office,Retail Store,Office Supplies,Binders,P10021,C1153,7,580.57,0.2136,3195.79,1891.73,1304.05,0.408052469029567,2023,6,Jun,Q2
SO00396,2024-02-05,East,Guwahati,Corporate,Online,Technology,Laptops,P10019,C1017,5,384.93,0.1444,1646.8,1108.49,538.3,0.32687636628613065,2024,2,Feb,Q1
SO00397,2024-12-31,Central,Indore,Consumer,Online,Furniture,Tables,P10099,C1272,8,8207.67,0.519,31586.18,22193.84,9392.33,0.297355678970993,2024,12,Dec,Q4
SO00398,2025-10-14,South,Kochi,Consumer,Distributor,Technology,Accessories,P10084,C1259,1,21929.53,0.0873,20014.95,13673.88,6341.06,0.31681617990552063,2025,10,Oct,Q4
SO00399,2023-04-13,South,Bengaluru,Home Office,Retail Store,Furniture,Tables,P10014,C1273,10,9913.48,0.4206,57439.49,44625.19,12814.3,0.22309216185589392,2023,4,Apr,Q2
SO00400,2023-08-20,South,Bengaluru,Home Office,Distributor,Technology,Printers,P10092,C1053,4,10728.27,0.2046,34133.82,21218.09,12915.73,0.37838513239947946,2023,8,Aug,Q3
SO00401,2025-05-16,South,Hyderabad,Corporate,Retail Store,Office Supplies,Paper,P10084,C1130,3,773.51,0.1212,2039.38,1329.8,709.59,0.34794398297521795,2025,5,May,Q2
SO00402,2023-09-28,West,Ahmedabad,Corporate,Retail Store,Furniture,Tables,P10063,C1395,8,9319.51,0.2158,58468.44,41117.22,17351.22,0.29676215065768813,2023,9,Sep,Q3
SO00403,2025-05-25,East,Kolkata,Consumer,Retail Store,Technology,Laptops,P10081,C1243,5,21454.53,0.55,48272.7,31341.32,16931.38,0.3507444166164313,2025,5,May,Q2
SO00404,2024-07-08,North,Delhi,Corporate,Online,Office Supplies,Binders,P10024,C1229,2,1134.54,0.1002,2041.65,1273.07,768.57,0.3764455220042613,2024,7,Jul,Q3
SO00405,2025-12-06,North,Delhi,Consumer,Distributor,Furniture,Storage,P10082,C1379,8,6531.98,0.55,23515.13,17552.76,5962.37,0.25355462631931014,2025,12,Dec,Q4
SO00406,2024-04-10,West,Ahmedabad,Consumer,Online,Furniture,Tables,P10040,C1007,4,10210.82,0.512,19931.39,13049.59,6881.81,0.34527496577007427,2024,4,Apr,Q2
SO00407,2024-04-20,North,Lucknow,Home Office,Retail Store,Technology,Laptops,P10011,C1240,9,27458.96,0.2706,180261.28,109797.7,70463.58,0.39089692473059107,2024,4,Apr,Q2
SO00408,2025-05-21,Central,Nagpur,Consumer,Online,Office Supplies,Paper,P10080,C1335,10,180.81,0.242,1370.52,741.32,629.2,0.4590958176458571,2025,5,May,Q2
SO00409,2023-11-20,East,Patna,Corporate,Distributor,Furniture,Chairs,P10094,C1221,10,13440.76,0.0586,126529.16,92508.2,34020.96,0.2688784150625832,2023,11,Nov,Q4
SO00410,2024-12-13,West,Mumbai,Corporate,Retail Store,Furniture,Tables,P10033,C1235,6,11110.63,0.2077,52817.63,41007.13,11810.5,0.2236090487210426,2024,12,Dec,Q4
SO00411,2024-05-24,East,Kolkata,Corporate,Online,Office Supplies,Binders,P10039,C1008,8,609.22,0.4757,2555.09,1648.57,906.51,0.3547859370902786,2024,5,May,Q2
SO00412,2023-08-23,West,Surat,Consumer,Online,Technology,Printers,P10033,C1009,2,31097.9,0.1611,52178.59,35119.38,17059.21,0.3269388843201781,2023,8,Aug,Q3
SO00413,2024-03-19,North,Lucknow,Corporate,Online,Furniture,Tables,P10089,C1177,3,16187.51,0.3897,29636.43,22094.1,7542.33,0.25449522766406074,2024,3,Mar,Q1
SO00414,2025-10-31,South,Kochi,Consumer,Retail Store,Technology,Phones,P10087,C1235,1,20862.62,0.0599,19613.46,11820.24,7793.22,0.39734039786962627,2025,10,Oct,Q4
SO00415,2024-12-08,West,Mumbai,Home Office,Retail Store,Office Supplies,Paper,P10036,C1439,7,750.03,0.4241,3023.37,2031.39,991.97,0.3281007617327684,2024,12,Dec,Q4
SO00416,2023-12-11,East,Patna,Corporate,Online,Technology,Phones,P10085,C1333,8,30501.3,0.2195,190444.27,124075.97,66368.29,0.3484919236477947,2023,12,Dec,Q4
SO00417,2024-09-12,West,Ahmedabad,Consumer,Online,Office Supplies,Pens,P10086,C1119,9,1113.93,0.2682,7336.17,4256.41,3079.76,0.4198048845651069,2024,9,Sep,Q3
SO00418,2024-01-27,South,Chennai,Consumer,Online,Office Supplies,Binders,P10080,C1145,8,1202.9,0.2399,7314.91,4336.76,2978.16,0.40713556284356195,2024,1,Jan,Q1
SO00419,2024-01-11,South,Hyderabad,Consumer,Retail Store,Technology,Phones,P10006,C1224,7,13615.5,0.1315,82775.68,53868.8,28906.88,0.3492194808910057,2024,1,Jan,Q1
SO00420,2024-09-25,Central,Indore,Consumer,Online,Technology,Laptops,P10023,C1133,5,26022.87,0.0673,121352.82,80559.15,40793.66,0.33615749514514787,2024,9,Sep,Q3
SO00421,2024-10-10,Central,Nagpur,Consumer,Online,Office Supplies,Binders,P10044,C1054,4,923.34,0.1988,2959.05,1783.5,1175.55,0.39727277335631367,2024,10,Oct,Q4
SO00422,2025-11-23,North,Jaipur,Consumer,Distributor,Technology,Laptops,P10099,C1394,6,12813.07,0.55,34595.3,22059.36,12535.94,0.36235962688573303,2025,11,Nov,Q4
SO00423,2025-05-01,West,Surat,Consumer,Distributor,Office Supplies,Pens,P10085,C1204,7,827.62,0.035,5590.71,3488.56,2102.15,0.37600769848552335,2025,5,May,Q2
SO00424,2024-07-05,East,Patna,Consumer,Distributor,Furniture,Bookcases,P10049,C1129,8,8353.24,0.1105,59441.95,41626.03,17815.92,0.29971964244107063,2024,7,Jul,Q3
SO00425,2025-02-27,North,Delhi,Consumer,Retail Store,Technology,Phones,P10039,C1229,7,21666.94,0.1183,133727.63,88848.94,44878.7,0.3355978117611147,2025,2,Feb,Q1
SO00426,2023-12-10,West,Pune,Consumer,Distributor,Office Supplies,Pens,P10077,C1423,2,949.98,0.0846,1739.31,1212.03,527.28,0.3031546992772996,2023,12,Dec,Q4
SO00427,2025-03-15,Central,Bhopal,Consumer,Online,Technology,Accessories,P10058,C1324,2,19228.04,0.2133,30254.74,21475.89,8778.85,0.29016445026465276,2025,3,Mar,Q1
SO00428,2023-06-14,South,Hyderabad,Consumer,Retail Store,Furniture,Chairs,P10078,C1466,6,8030.43,0.0933,43686.15,32732.28,10953.86,0.2507398798017221,2023,6,Jun,Q2
SO00429,2025-03-09,South,Bengaluru,Consumer,Distributor,Technology,Phones,P10089,C1118,6,12195.2,0.3922,44474.78,29064.78,15410.0,0.34648850427140954,2025,3,Mar,Q1
SO00430,2024-10-27,East,Bhubaneswar,Consumer,Retail Store,Technology,Laptops,P10091,C1558,8,16802.66,0.0852,122971.31,82344.22,40627.09,0.3303786061968438,2024,10,Oct,Q4
SO00431,2023-05-21,North,Jaipur,Consumer,Online,Technology,Accessories,P10040,C1401,3,24875.39,0.3575,47945.56,30543.37,17402.19,0.3629572790473195,2023,5,May,Q2
SO00432,2023-06-26,East,Bhubaneswar,Home Office,Retail Store,Office Supplies,Envelopes,P10065,C1134,10,928.94,0.078,8564.76,4815.65,3749.11,0.4377367258393697,2023,6,Jun,Q2
SO00433,2024-01-25,East,Guwahati,Consumer,Retail Store,Furniture,Chairs,P10042,C1268,8,7926.62,0.1247,55503.32,40385.43,15117.89,0.272378120804305,2024,1,Jan,Q1
SO00434,2025-10-06,West,Mumbai,Corporate,Distributor,Furniture,Storage,P10003,C1271,10,8305.06,0.2107,65555.98,43740.55,21815.43,0.3327755911817656,2025,10,Oct,Q4
SO00435,2025-03-21,East,Patna,Consumer,Online,Office Supplies,Pens,P10026,C1043,10,535.78,0.3256,3613.21,1785.27,1827.94,0.5059047218401366,2025,3,Mar,Q1
SO00436,2025-04-18,South,Hyderabad,Corporate,Online,Technology,Accessories,P10036,C1270,2,30351.09,0.1382,52315.02,33428.65,18886.37,0.36101238229479793,2025,4,Apr,Q2
SO00437,2023-01-24,Central,Indore,Corporate,Online,Furniture,Storage,P10039,C1566,2,13891.76,0.38,17224.93,13009.14,4215.78,0.2447487449876429,2023,1,Jan,Q1
SO00438,2023-02-11,South,Kochi,Corporate,Retail Store,Furniture,Storage,P10081,C1130,10,9206.34,0.55,41428.51,32370.25,9058.26,0.2186479793745901,2023,2,Feb,Q1
SO00439,2024-10-31,North,Delhi,Consumer,Online,Technology,Accessories,P10039,C1299,1,22525.19,0.29,15991.99,9849.13,6142.86,0.3841210506009571,2024,10,Oct,Q4
SO00440,2024-10-07,North,Jaipur,Consumer,Retail Store,Furniture,Bookcases,P10033,C1381,5,9286.79,0.2425,35172.36,25904.42,9267.94,0.263500657902967,2024,10,Oct,Q4
SO00441,2025-03-08,East,Patna,Home Office,Online,Technology,Accessories,P10085,C1042,5,26319.74,0.1982,105517.85,70640.36,34877.49,0.3305363973962699,2025,3,Mar,Q1
SO00442,2024-01-28,North,Lucknow,Corporate,Online,Office Supplies,Paper,P10060,C1009,9,572.75,0.3239,3485.18,1955.02,1530.16,0.43904762451293766,2024,1,Jan,Q1
SO00443,2025-06-11,South,Chennai,Consumer,Distributor,Technology,Laptops,P10042,C1104,10,19708.57,0.2924,139451.39,99871.18,39580.21,0.28382800630384536,2025,6,Jun,Q2
SO00444,2024-09-30,Central,Nagpur,Consumer,Retail Store,Technology,Laptops,P10077,C1065,4,17505.61,0.1434,59981.81,43453.01,16528.79,0.27556337496317634,2024,9,Sep,Q3
SO00445,2024-08-14,South,Bengaluru,Consumer,Online,Technology,Accessories,P10050,C1315,2,20744.41,0.0833,38030.77,26476.7,11554.07,0.30380846877410056,2024,8,Aug,Q3
SO00446,2024-12-09,North,Delhi,Corporate,Online,Technology,Accessories,P10094,C1130,1,24848.77,0.3102,17139.66,11326.89,5812.77,0.33914149988972947,2024,12,Dec,Q4
SO00447,2025-06-30,West,Surat,Home Office,Online,Furniture,Storage,P10074,C1178,8,8036.83,0.35,41794.51,28743.14,13051.36,0.3122745068670502,2025,6,Jun,Q2
SO00448,2025-05-27,North,Lucknow,Consumer,Online,Furniture,Storage,P10025,C1414,10,3458.08,0.2067,27431.25,20035.02,7396.22,0.26962752335383916,2025,5,May,Q2
SO00449,2024-10-27,South,Hyderabad,Consumer,Retail Store,Office Supplies,Pens,P10072,C1482,9,982.5,0.1172,7805.97,4529.67,3276.31,0.41971849750895784,2024,10,Oct,Q4
SO00450,2025-04-06,East,Kolkata,Consumer,Retail Store,Technology,Printers,P10018,C1285,9,29646.83,0.2378,203376.26,145476.52,57899.75,0.2846927660091694,2025,4,Apr,Q2
SO00451,2023-01-20,South,Chennai,Consumer,Online,Furniture,Tables,P10100,C1465,2,4785.46,0.2425,7250.01,5107.4,2142.61,0.2955320061627501,2023,1,Jan,Q1
SO00452,2025-07-01,West,Ahmedabad,Consumer,Distributor,Technology,Laptops,P10094,C1047,4,17395.73,0.0873,63508.64,42234.2,21274.44,0.334984972123478,2025,7,Jul,Q3
SO00453,2025-07-28,Central,Bhopal,Corporate,Retail Store,Technology,Printers,P10088,C1275,9,12271.73,0.1125,98019.38,68669.19,29350.19,0.2994325203852544,2025,7,Jul,Q3
SO00454,2025-05-30,East,Kolkata,Consumer,Retail Store,Technology,Phones,P10013,C1446,10,28283.4,0.5405,129957.11,83454.0,46503.12,0.35783436550720465,2025,5,May,Q2
SO00455,2025-08-15,Central,Raipur,Consumer,Distributor,Technology,Laptops,P10051,C1561,3,28596.42,0.3511,55665.48,35849.31,19816.17,0.3559866904947195,2025,8,Aug,Q3
SO00456,2025-08-12,Central,Bhopal,Consumer,Distributor,Office Supplies,Envelopes,P10054,C1564,7,1404.2,0.433,5573.17,3185.02,2388.15,0.42850837135777303,2025,8,Aug,Q3
SO00457,2025-12-25,East,Guwahati,Home Office,Distributor,Office Supplies,Paper,P10082,C1292,5,616.17,0.0211,3015.79,1687.93,1327.86,0.4403025409594169,2025,12,Dec,Q4
SO00458,2024-05-09,West,Mumbai,Home Office,Online,Office Supplies,Paper,P10020,C1158,1,1290.43,0.1076,1151.58,644.17,507.41,0.44062071241251155,2024,5,May,Q2
SO00459,2023-11-25,West,Surat,Corporate,Online,Technology,Laptops,P10068,C1300,9,20441.13,0.2393,139945.94,89672.6,50273.34,0.3592340013579529,2023,11,Nov,Q4
SO00460,2024-02-21,North,Delhi,Consumer,Retail Store,Technology,Phones,P10089,C1511,2,19262.16,0.3355,25600.86,16901.84,8699.02,0.33979405379350536,2024,2,Feb,Q1
SO00461,2024-09-19,West,Mumbai,Consumer,Distributor,Office Supplies,Paper,P10090,C1257,9,892.11,0.3029,5597.1,3263.84,2333.25,0.41686766361151306,2024,9,Sep,Q3
SO00462,2025-05-07,South,Hyderabad,Consumer,Retail Store,Furniture,Chairs,P10093,C1447,8,5395.43,0.3445,28292.35,17878.5,10413.86,0.3680804174980163,2025,5,May,Q2
SO00463,2023-11-20,East,Patna,Corporate,Online,Furniture,Chairs,P10095,C1017,4,6856.93,0.127,23944.81,17482.08,6462.73,0.2699010766842585,2023,11,Nov,Q4
SO00464,2025-09-15,North,Chandigarh,Home Office,Online,Technology,Phones,P10028,C1295,7,25311.82,0.0857,161996.97,110462.1,51534.87,0.3181224315491827,2025,9,Sep,Q3
SO00465,2024-07-02,Central,Raipur,Consumer,Retail Store,Furniture,Bookcases,P10094,C1218,4,7670.49,0.1771,25249.08,18644.59,6604.49,0.2615734909945233,2024,7,Jul,Q3
SO00466,2024-11-03,North,Chandigarh,Consumer,Retail Store,Technology,Laptops,P10052,C1351,10,31154.25,0.2121,245474.7,169429.8,76044.9,0.3097871185910401,2024,11,Nov,Q4
SO00467,2025-02-12,East,Guwahati,Corporate,Online,Technology,Printers,P10098,C1468,5,29780.06,0.1819,121812.68,69818.14,51994.54,0.42684012863028714,2025,2,Feb,Q1
SO00468,2025-07-22,South,Bengaluru,Consumer,Retail Store,Furniture,Bookcases,P10091,C1149,8,7487.16,0.3619,38221.42,26635.95,11585.47,0.30311458862595897,2025,7,Jul,Q3
SO00469,2023-05-02,North,Lucknow,Corporate,Online,Furniture,Storage,P10049,C1089,10,11208.11,0.3012,78320.91,51790.4,26530.51,0.3387410845966932,2023,5,May,Q2
SO00470,2024-12-10,West,Surat,Corporate,Retail Store,Furniture,Chairs,P10010,C1359,7,8206.03,0.2016,45859.49,34885.42,10974.07,0.2392976895294736,2024,12,Dec,Q4
SO00471,2025-03-08,East,Patna,Consumer,Retail Store,Furniture,Bookcases,P10071,C1244,2,6187.62,0.2503,9277.54,7172.16,2105.38,0.22693300163620958,2025,3,Mar,Q1
SO00472,2025-09-13,East,Bhubaneswar,Consumer,Online,Office Supplies,Paper,P10010,C1124,8,1440.72,0.2013,9205.38,5023.81,4181.56,0.45425175277935304,2025,9,Sep,Q3
SO00473,2024-06-26,South,Hyderabad,Home Office,Retail Store,Technology,Laptops,P10065,C1282,2,22724.79,0.3145,31155.48,21763.76,9391.72,0.3014468080735716,2024,6,Jun,Q2
SO00474,2024-05-30,Central,Nagpur,Home Office,Retail Store,Office Supplies,Binders,P10069,C1431,1,1007.47,0.0988,907.96,508.31,399.65,0.44016256222741085,2024,5,May,Q2
SO00475,2024-03-17,Central,Bhopal,Consumer,Online,Furniture,Bookcases,P10057,C1158,5,5402.24,0.3511,17526.78,11636.76,5890.02,0.3360583062034213,2024,3,Mar,Q1
SO00476,2025-12-07,South,Chennai,Consumer,Distributor,Office Supplies,Paper,P10002,C1434,9,1041.08,0.2856,6694.0,3594.53,3099.47,0.46302210935165816,2025,12,Dec,Q4
SO00477,2024-02-24,South,Bengaluru,Home Office,Distributor,Furniture,Storage,P10088,C1065,2,11836.72,0.2407,17974.29,13297.81,4676.47,0.260175506236964,2024,2,Feb,Q1
SO00478,2024-12-13,South,Hyderabad,Consumer,Online,Furniture,Chairs,P10099,C1237,6,7686.94,0.4673,24570.31,18190.46,6379.85,0.2596568785660417,2024,12,Dec,Q4
SO00479,2024-07-11,Central,Nagpur,Consumer,Retail Store,Office Supplies,Envelopes,P10043,C1406,4,803.89,0.5165,1554.84,878.75,676.09,0.4348293071955957,2024,7,Jul,Q3
SO00480,2025-05-29,Central,Bhopal,Consumer,Online,Technology,Phones,P10044,C1449,10,10789.44,0.319,73478.05,45203.39,28274.66,0.38480416940841516,2025,5,May,Q2
SO00481,2025-05-17,South,Bengaluru,Consumer,Online,Technology,Printers,P10007,C1275,2,27092.61,0.0692,50433.28,31648.01,18785.27,0.37247765761021295,2025,5,May,Q2
SO00482,2025-06-23,West,Pune,Home Office,Retail Store,Furniture,Tables,P10047,C1126,2,7203.51,0.2071,11423.46,9181.68,2241.78,0.19624351991428168,2025,6,Jun,Q2
SO00483,2024-09-10,West,Pune,Corporate,Online,Technology,Laptops,P10055,C1216,1,15754.58,0.2224,12251.35,8450.97,3800.38,0.3102009166336771,2024,9,Sep,Q3
SO00484,2024-10-18,North,Delhi,Consumer,Distributor,Furniture,Chairs,P10028,C1068,4,5680.65,0.0871,20743.05,14415.03,6328.02,0.3050669983440237,2024,10,Oct,Q4
SO00485,2025-12-10,East,Patna,Consumer,Retail Store,Furniture,Storage,P10100,C1417,7,10100.41,0.3734,44304.01,30588.77,13715.24,0.309571074943329,2025,12,Dec,Q4
SO00486,2023-07-08,Central,Indore,Consumer,Retail Store,Office Supplies,Paper,P10099,C1122,3,711.62,0.2355,1632.08,955.46,676.62,0.4145752659183374,2023,7,Jul,Q3
SO00487,2023-10-21,West,Surat,Consumer,Distributor,Office Supplies,Pens,P10012,C1333,6,874.71,0.3449,3438.05,1830.5,1607.55,0.4675760969154026,2023,10,Oct,Q4
SO00488,2023-02-24,Central,Raipur,Home Office,Online,Furniture,Chairs,P10034,C1564,9,4809.71,0.4586,23435.1,16641.91,6793.19,0.2898724562728557,2023,2,Feb,Q1
SO00489,2024-04-11,East,Patna,Home Office,Retail Store,Furniture,Chairs,P10069,C1097,3,8550.24,0.2696,18734.13,13890.17,4843.96,0.25856338137933277,2024,4,Apr,Q2
SO00490,2024-03-31,South,Chennai,Consumer,Online,Furniture,Chairs,P10031,C1062,10,5131.2,0.25,38482.33,28146.63,10335.71,0.2685832692563054,2024,3,Mar,Q1
SO00491,2025-12-01,South,Chennai,Consumer,Retail Store,Office Supplies,Pens,P10019,C1021,3,657.74,0.2433,1493.22,756.05,737.17,0.49367809164088344,2025,12,Dec,Q4
SO00492,2025-03-25,North,Lucknow,Corporate,Retail Store,Furniture,Storage,P10093,C1490,8,7171.1,0.1501,48755.53,35403.68,13351.85,0.2738530377989943,2025,3,Mar,Q1
SO00493,2023-11-22,East,Guwahati,Home Office,Retail Store,Technology,Printers,P10004,C1173,2,22167.54,0.5472,20074.95,12038.89,8036.05,0.4003023668801168,2023,11,Nov,Q4
SO00494,2025-05-03,East,Kolkata,Corporate,Online,Office Supplies,Binders,P10014,C1184,7,841.43,0.1192,5188.05,2905.16,2282.89,0.44002852709592233,2025,5,May,Q2
SO00495,2024-06-28,West,Ahmedabad,Consumer,Distributor,Technology,Laptops,P10080,C1008,4,23687.13,0.0844,86756.05,58175.76,28580.3,0.32943293291937564,2024,6,Jun,Q2
SO00496,2025-11-22,North,Delhi,Consumer,Distributor,Technology,Accessories,P10050,C1338,2,34414.96,0.2234,53452.64,33920.9,19531.75,0.3654029061988332,2025,11,Nov,Q4
SO00497,2025-06-03,South,Kochi,Corporate,Online,Office Supplies,Paper,P10016,C1541,6,1191.32,0.223,5553.64,3196.63,2357.01,0.42440813592526705,2025,6,Jun,Q2
SO00498,2024-08-10,West,Surat,Consumer,Retail Store,Office Supplies,Paper,P10039,C1029,9,1232.15,0.0805,10196.22,5782.93,4413.28,0.43283491333062646,2024,8,Aug,Q3
SO00499,2025-11-06,East,Bhubaneswar,Corporate,Online,Office Supplies,Paper,P10061,C1229,2,609.28,0.176,1004.14,550.65,453.49,0.4516202919911566,2025,11,Nov,Q4
SO00500,2024-08-20,West,Surat,Consumer,Retail Store,Furniture,Storage,P10007,C1041,8,3641.41,0.4151,17038.4,12517.85,4520.55,0.2653154052023664,2024,8,Aug,Q3
SO00501,2024-12-28,Central,Raipur,Consumer,Online,Technology,Laptops,P10082,C1427,5,18205.83,0.3158,62281.72,43897.11,18384.62,0.29518484717506194,2024,12,Dec,Q4
SO00502,2025-06-06,East,Guwahati,Home Office,Online,Office Supplies,Paper,P10043,C1331,8,943.09,0.2117,5947.21,3497.57,2449.64,0.41189734346021073,2025,6,Jun,Q2
SO00503,2024-05-11,West,Ahmedabad,Consumer,Distributor,Office Supplies,Paper,P10077,C1084,3,826.31,0.2937,1750.97,957.35,793.61,0.45324020400121073,2024,5,May,Q2
SO00504,2024-11-03,North,Lucknow,Consumer,Online,Technology,Accessories,P10046,C1316,3,30595.45,0.4234,52922.24,34702.17,18220.07,0.3442800229166415,2024,11,Nov,Q4
SO00505,2025-04-01,East,Kolkata,Consumer,Distributor,Technology,Accessories,P10051,C1183,3,19801.95,0.3084,41086.59,27432.63,13653.96,0.33232156769398485,2025,4,Apr,Q2
SO00506,2023-04-17,West,Surat,Consumer,Retail Store,Technology,Accessories,P10090,C1056,6,16250.13,0.1535,82531.71,56257.5,26274.21,0.31835290944535133,2023,4,Apr,Q2
SO00507,2023-08-11,South,Bengaluru,Consumer,Online,Furniture,Chairs,P10061,C1345,2,6123.5,0.4938,6199.09,4987.47,1211.62,0.19545126784737757,2023,8,Aug,Q3
SO00508,2025-11-07,Central,Nagpur,Consumer,Retail Store,Technology,Accessories,P10029,C1438,9,26752.53,0.1984,193007.11,115754.83,77252.28,0.4002561356418424,2025,11,Nov,Q4
SO00509,2025-11-11,South,Bengaluru,Consumer,Retail Store,Technology,Laptops,P10040,C1431,7,30113.11,0.1057,188515.21,132085.55,56429.66,0.2993374380772777,2025,11,Nov,Q4
SO00510,2023-10-29,Central,Bhopal,Consumer,Online,Technology,Phones,P10016,C1481,4,12881.01,0.3217,34949.6,23743.27,11206.33,0.3206425824616019,2023,10,Oct,Q4
SO00511,2023-01-24,East,Patna,Consumer,Online,Furniture,Bookcases,P10017,C1530,2,10657.4,0.3464,13930.93,10120.18,3810.75,0.2735459872384686,2023,1,Jan,Q1
SO00512,2025-01-07,South,Hyderabad,Home Office,Distributor,Office Supplies,Paper,P10001,C1175,9,1135.31,0.1322,8867.07,5288.94,3578.13,0.4035301401703156,2025,1,Jan,Q1
SO00513,2025-01-10,Central,Indore,Home Office,Retail Store,Office Supplies,Binders,P10040,C1060,3,754.99,0.338,1499.32,783.39,715.93,0.47750313475442197,2025,1,Jan,Q1
SO00514,2024-11-07,East,Guwahati,Corporate,Distributor,Furniture,Chairs,P10007,C1457,10,10400.46,0.0759,96105.92,71887.09,24218.83,0.25200143758053617,2024,11,Nov,Q4
SO00515,2024-09-17,Central,Nagpur,Consumer,Retail Store,Technology,Phones,P10099,C1092,2,21724.74,0.0781,40056.68,25742.59,14314.09,0.35734589087263346,2024,9,Sep,Q3
SO00516,2024-06-26,East,Patna,Consumer,Online,Office Supplies,Pens,P10052,C1533,1,963.2,0.4346,544.57,327.29,217.28,0.39899370145252216,2024,6,Jun,Q2
SO00517,2025-09-28,South,Hyderabad,Home Office,Online,Office Supplies,Pens,P10001,C1527,8,1113.3,0.4221,5147.39,3264.12,1883.27,0.36586891609145605,2025,9,Sep,Q3
SO00518,2024-10-08,North,Delhi,Consumer,Online,Technology,Phones,P10001,C1067,4,27778.68,0.2996,77820.55,47354.61,30465.94,0.39148965151235754,2024,10,Oct,Q4
SO00519,2025-05-31,Central,Nagpur,Consumer,Retail Store,Office Supplies,Paper,P10041,C1105,8,594.21,0.2484,3573.09,2085.91,1487.17,0.4162139772577797,2025,5,May,Q2
SO00520,2025-07-01,South,Hyderabad,Home Office,Retail Store,Technology,Laptops,P10043,C1478,2,18036.4,0.1416,30963.41,21783.47,9179.94,0.29647703531361697,2025,7,Jul,Q3
SO00521,2025-01-31,West,Mumbai,Consumer,Online,Furniture,Storage,P10077,C1297,5,9759.64,0.3703,30730.29,20654.15,10076.14,0.3278895187777271,2025,1,Jan,Q1
SO00522,2023-05-07,West,Pune,Consumer,Online,Office Supplies,Pens,P10098,C1194,3,423.26,0.512,619.69,365.04,254.65,0.41093127208765673,2023,5,May,Q2
SO00523,2025-05-04,Central,Bhopal,Consumer,Online,Technology,Laptops,P10078,C1505,10,27059.6,0.285,193473.86,130065.69,63408.17,0.3277350749088275,2025,5,May,Q2
SO00524,2025-02-10,Central,Indore,Corporate,Retail Store,Furniture,Storage,P10052,C1029,6,6871.76,0.1135,36552.52,26980.6,9571.92,0.26186758122285414,2025,2,Feb,Q1
SO00525,2023-06-11,West,Surat,Home Office,Online,Technology,Printers,P10027,C1522,2,25016.46,0.4623,26901.47,16869.74,10031.72,0.3729060159166023,2023,6,Jun,Q2
SO00526,2023-01-12,North,Lucknow,Consumer,Retail Store,Furniture,Tables,P10051,C1001,1,10738.16,0.3538,6939.41,5300.33,1639.08,0.23619875464917045,2023,1,Jan,Q1
SO00527,2023-05-13,East,Guwahati,Consumer,Online,Furniture,Bookcases,P10063,C1578,5,10090.93,0.1155,44624.85,28149.87,16474.98,0.36918846786039616,2023,5,May,Q2
SO00528,2024-11-28,West,Ahmedabad,Home Office,Distributor,Furniture,Bookcases,P10074,C1326,1,4677.09,0.3009,3269.67,2040.34,1229.33,0.3759798389439913,2024,11,Nov,Q4
SO00529,2025-12-27,South,Hyderabad,Corporate,Distributor,Technology,Printers,P10066,C1228,8,27889.09,0.2894,158544.02,97978.56,60565.46,0.38201037163054147,2025,12,Dec,Q4
SO00530,2025-05-07,West,Pune,Corporate,Online,Furniture,Storage,P10085,C1407,6,9618.6,0.5394,26580.13,20717.66,5862.47,0.2205583644624763,2025,5,May,Q2
SO00531,2024-10-12,Central,Indore,Consumer,Online,Technology,Accessories,P10005,C1342,9,24816.72,0.179,183372.39,120347.04,63025.35,0.34370141546390925,2024,10,Oct,Q4
SO00532,2024-03-18,South,Bengaluru,Consumer,Distributor,Office Supplies,Binders,P10063,C1187,10,982.74,0.1697,8159.58,4728.33,3431.25,0.42051796783657985,2024,3,Mar,Q1
SO00533,2023-07-06,East,Guwahati,Home Office,Online,Office Supplies,Envelopes,P10095,C1473,4,715.49,0.3934,1735.98,949.51,786.48,0.4530466940863374,2023,7,Jul,Q3
SO00534,2025-05-30,East,Bhubaneswar,Consumer,Retail Store,Technology,Accessories,P10025,C1472,3,39539.57,0.0798,109153.26,70304.12,38849.13,0.35591360258044513,2025,5,May,Q2
SO00535,2023-09-06,North,Jaipur,Consumer,Online,Technology,Laptops,P10072,C1464,1,20073.7,0.2094,15870.18,9306.89,6563.29,0.41356115683628036,2023,9,Sep,Q3
SO00536,2024-12-28,East,Guwahati,Consumer,Online,Furniture,Storage,P10037,C1080,1,5846.95,0.2449,4415.06,3010.02,1405.04,0.31823803074023904,2024,12,Dec,Q4
SO00537,2024-02-17,East,Guwahati,Consumer,Retail Store,Technology,Printers,P10059,C1537,5,18812.31,0.2689,68772.28,44509.9,24262.38,0.352793014860057,2024,2,Feb,Q1
SO00538,2023-03-27,East,Kolkata,Consumer,Retail Store,Technology,Printers,P10013,C1322,5,26972.47,0.2912,95586.48,67376.71,28209.77,0.29512301321274725,2023,3,Mar,Q1
SO00539,2024-07-19,West,Surat,Corporate,Distributor,Technology,Phones,P10031,C1568,7,29800.47,0.3827,128773.87,94273.58,34500.29,0.2679137467872947,2024,7,Jul,Q3
SO00540,2024-10-13,North,Delhi,Corporate,Retail Store,Office Supplies,Pens,P10083,C1330,9,1032.68,0.0683,8658.99,5252.11,3406.88,0.393450044404717,2024,10,Oct,Q4
SO00541,2023-04-05,North,Lucknow,Consumer,Distributor,Furniture,Tables,P10036,C1562,3,14978.0,0.55,20220.3,15317.94,4902.36,0.24244744143261968,2023,4,Apr,Q2
SO00542,2023-04-02,North,Lucknow,Home Office,Retail Store,Furniture,Storage,P10067,C1415,6,8528.29,0.1568,43147.77,30063.31,13084.46,0.3032476533549706,2023,4,Apr,Q2
SO00543,2023-12-09,East,Patna,Home Office,Distributor,Technology,Phones,P10083,C1094,7,15246.53,0.1469,91049.15,63739.7,27309.44,0.29994173476633224,2023,12,Dec,Q4
SO00544,2024-10-25,Central,Bhopal,Consumer,Online,Office Supplies,Pens,P10090,C1057,5,351.27,0.4685,933.58,420.11,513.47,0.550001071145483,2024,10,Oct,Q4
SO00545,2024-09-10,North,Jaipur,Consumer,Distributor,Technology,Printers,P10041,C1235,6,14807.03,0.2508,66556.93,40788.45,25768.48,0.3871644921122414,2024,9,Sep,Q3
SO00546,2023-06-30,East,Patna,Home Office,Online,Furniture,Chairs,P10065,C1435,6,9063.29,0.4139,31870.93,22723.98,9146.95,0.2869997831880024,2023,6,Jun,Q2
SO00547,2023-11-04,West,Pune,Corporate,Online,Furniture,Tables,P10022,C1092,8,11313.78,0.1074,80793.92,61489.66,19304.26,0.23893208795909393,2023,11,Nov,Q4
SO00548,2023-06-21,West,Pune,Consumer,Retail Store,Technology,Printers,P10090,C1557,8,24783.33,0.2382,151046.07,104907.02,46139.05,0.3054634258276299,2023,6,Jun,Q2
SO00549,2023-01-14,East,Patna,Consumer,Online,Technology,Accessories,P10096,C1131,6,21988.69,0.3156,90294.34,62490.38,27803.96,0.30792583455397093,2023,1,Jan,Q1
SO00550,2024-08-30,Central,Bhopal,Consumer,Online,Furniture,Tables,P10062,C1207,1,1602.79,0.224,1243.82,845.59,398.23,0.32016690517920604,2024,8,Aug,Q3
SO00551,2024-07-10,West,Pune,Corporate,Online,Furniture,Chairs,P10073,C1141,8,5763.65,0.1971,37021.51,27978.25,9043.26,0.24427042549047837,2024,7,Jul,Q3
SO00552,2024-03-15,North,Delhi,Home Office,Online,Furniture,Bookcases,P10027,C1383,7,11283.05,0.366,50077.15,36359.88,13717.27,0.273922737216475,2024,3,Mar,Q1
SO00553,2025-04-27,Central,Bhopal,Consumer,Online,Technology,Printers,P10009,C1077,8,28215.2,0.4545,123123.07,83656.37,39466.71,0.32054683171886467,2025,4,Apr,Q2
SO00554,2023-01-24,Central,Bhopal,Consumer,Retail Store,Office Supplies,Envelopes,P10088,C1068,10,1028.74,0.1279,8971.72,5182.96,3788.76,0.42230029470380265,2023,1,Jan,Q1
SO00555,2024-11-03,North,Lucknow,Corporate,Retail Store,Technology,Printers,P10085,C1337,10,30254.26,0.3898,184625.52,114827.57,69797.95,0.37805147414073637,2024,11,Nov,Q4
SO00556,2024-07-16,West,Mumbai,Consumer,Online,Office Supplies,Binders,P10006,C1549,9,434.67,0.2363,2987.5,1564.21,1423.29,0.47641506276150625,2024,7,Jul,Q3
SO00557,2023-01-26,East,Patna,Corporate,Retail Store,Furniture,Bookcases,P10034,C1596,9,12157.49,0.3749,68394.02,48006.2,20387.83,0.2980937514712544,2023,1,Jan,Q1
SO00558,2023-03-17,West,Ahmedabad,Home Office,Retail Store,Office Supplies,Binders,P10049,C1363,4,1281.34,0.2898,3640.19,2074.71,1565.49,0.4300572222878476,2023,3,Mar,Q1
SO00559,2023-09-28,South,Hyderabad,Consumer,Online,Furniture,Bookcases,P10092,C1255,9,10569.85,0.2871,67821.89,49084.16,18737.73,0.27627849946381616,2023,9,Sep,Q3
SO00560,2023-12-02,East,Kolkata,Consumer,Distributor,Technology,Accessories,P10100,C1329,6,15699.52,0.2932,66580.53,44417.04,22163.48,0.3328823005764598,2023,12,Dec,Q4
SO00561,2023-09-13,North,Delhi,Home Office,Retail Store,Office Supplies,Pens,P10065,C1374,3,1121.33,0.1173,2969.45,2052.77,916.68,0.30870363198572126,2023,9,Sep,Q3
SO00562,2024-01-22,North,Lucknow,Home Office,Online,Furniture,Tables,P10019,C1314,9,12778.36,0.174,94993.36,69780.37,25212.98,0.2654183408187688,2024,1,Jan,Q1
SO00563,2024-04-06,Central,Bhopal,Consumer,Retail Store,Office Supplies,Pens,P10060,C1089,1,973.71,0.2851,696.13,417.28,278.85,0.4005717322913824,2024,4,Apr,Q2
SO00564,2023-08-19,East,Patna,Consumer,Online,Furniture,Tables,P10096,C1333,3,9870.84,0.272,21557.62,17046.86,4510.76,0.20924202207850404,2023,8,Aug,Q3
SO00565,2023-05-12,South,Bengaluru,Consumer,Distributor,Furniture,Tables,P10004,C1253,10,6919.11,0.1799,56743.65,38045.6,18698.05,0.3295179284378076,2023,5,May,Q2
SO00566,2024-04-18,North,Delhi,Home Office,Online,Office Supplies,Pens,P10007,C1579,4,875.01,0.248,2632.01,1345.93,1286.09,0.4886341617243095,2024,4,Apr,Q2
SO00567,2023-02-24,South,Hyderabad,Consumer,Online,Technology,Printers,P10034,C1551,4,20303.62,0.2461,61228.2,37610.74,23617.46,0.38572847152129247,2023,2,Feb,Q1
SO00568,2023-12-19,East,Bhubaneswar,Consumer,Online,Furniture,Storage,P10057,C1598,1,6976.4,0.3628,4445.16,2733.64,1711.53,0.38503225980617123,2023,12,Dec,Q4
SO00569,2024-04-25,South,Hyderabad,Home Office,Retail Store,Furniture,Bookcases,P10044,C1545,8,8755.49,0.5136,34072.62,25622.42,8450.2,0.24800558336869896,2024,4,Apr,Q2
SO00570,2024-05-23,South,Hyderabad,Consumer,Retail Store,Office Supplies,Envelopes,P10072,C1586,1,1307.18,0.4546,712.91,472.88,240.03,0.33669046583720247,2024,5,May,Q2
SO00571,2024-03-23,Central,Raipur,Consumer,Online,Technology,Laptops,P10052,C1505,5,16732.49,0.1548,70711.07,43868.61,26842.46,0.3796076059943655,2024,3,Mar,Q1
SO00572,2025-07-20,North,Lucknow,Corporate,Retail Store,Technology,Accessories,P10039,C1304,6,25854.2,0.3255,104632.9,62990.72,41642.18,0.3979836170076525,2025,7,Jul,Q3
SO00573,2024-07-12,North,Chandigarh,Home Office,Online,Office Supplies,Pens,P10086,C1566,5,800.85,0.3278,2691.56,1475.07,1216.49,0.45196465989983503,2024,7,Jul,Q3
SO00574,2024-06-07,East,Patna,Home Office,Online,Office Supplies,Envelopes,P10095,C1419,10,745.3,0.5496,3356.82,1618.77,1738.04,0.5177638360114631,2024,6,Jun,Q2
SO00575,2023-11-05,North,Lucknow,Consumer,Online,Technology,Printers,P10072,C1562,4,150.0,0.2613,443.24,324.37,118.88,0.2682068405378576,2023,11,Nov,Q4
SO00576,2023-03-29,South,Bengaluru,Consumer,Online,Technology,Phones,P10007,C1420,7,29297.72,0.1516,173988.8,122351.32,51637.49,0.2967862873932115,2023,3,Mar,Q1
SO00577,2023-08-28,South,Hyderabad,Consumer,Distributor,Technology,Laptops,P10076,C1435,6,20400.75,0.0688,113986.62,77567.06,36419.56,0.31950732463161025,2023,8,Aug,Q3
SO00578,2024-11-26,West,Mumbai,Corporate,Online,Furniture,Bookcases,P10005,C1402,5,10051.28,0.3418,33078.11,21156.88,11921.23,0.3603963467078379,2024,11,Nov,Q4
SO00579,2024-06-14,East,Bhubaneswar,Consumer,Distributor,Office Supplies,Envelopes,P10046,C1046,7,933.14,0.2829,4684.25,2836.7,1847.55,0.3944174627741901,2024,6,Jun,Q2
SO00580,2024-06-09,Central,Nagpur,Corporate,Online,Technology,Printers,P10044,C1016,2,14567.65,0.1465,24867.49,18752.56,6114.94,0.2459009735200456,2024,6,Jun,Q2
SO00581,2024-01-11,West,Pune,Consumer,Online,Furniture,Bookcases,P10021,C1599,2,9309.7,0.2585,13805.64,11522.55,2283.08,0.16537299248712845,2024,1,Jan,Q1
SO00582,2024-08-10,South,Kochi,Consumer,Online,Office Supplies,Pens,P10013,C1241,8,539.91,0.2254,3345.55,1975.19,1370.36,0.4096067911105797,2024,8,Aug,Q3
SO00583,2024-08-23,North,Chandigarh,Consumer,Retail Store,Furniture,Storage,P10038,C1575,7,11330.82,0.3208,53873.39,36539.04,17334.35,0.3217608916015866,2024,8,Aug,Q3
SO00584,2025-06-14,North,Chandigarh,Home Office,Online,Office Supplies,Envelopes,P10013,C1351,4,1171.0,0.1735,3871.47,2173.34,1698.12,0.43862408852451396,2025,6,Jun,Q2
SO00585,2024-05-20,East,Bhubaneswar,Consumer,Retail Store,Technology,Phones,P10053,C1250,5,12551.05,0.3088,43377.29,29739.33,13637.96,0.31440322804859405,2024,5,May,Q2
SO00586,2024-08-23,West,Ahmedabad,Consumer,Online,Furniture,Bookcases,P10086,C1252,1,10965.66,0.55,4934.55,3436.1,1498.45,0.30366497451641994,2024,8,Aug,Q3
SO00587,2023-06-22,West,Surat,Consumer,Retail Store,Furniture,Storage,P10013,C1168,3,4644.94,0.3637,8866.57,5544.21,3322.36,0.3747063407834146,2023,6,Jun,Q2
SO00588,2025-12-17,North,Chandigarh,Corporate,Online,Technology,Printers,P10057,C1145,6,13545.79,0.0757,75120.92,49364.32,25756.6,0.3428685378187594,2025,12,Dec,Q4
SO00589,2025-09-19,Central,Indore,Consumer,Retail Store,Technology,Laptops,P10098,C1057,3,13697.07,0.543,18780.38,12268.82,6511.56,0.34672141884243024,2025,9,Sep,Q3
SO00590,2023-07-15,West,Pune,Consumer,Online,Technology,Printers,P10010,C1396,10,29004.29,0.231,223030.85,150388.39,72642.47,0.32570592812608656,2023,7,Jul,Q3
SO00591,2025-07-14,South,Chennai,Consumer,Retail Store,Office Supplies,Binders,P10078,C1566,10,166.39,0.3278,1118.45,672.0,446.45,0.39916849210961597,2025,7,Jul,Q3
SO00592,2024-10-16,Central,Nagpur,Corporate,Online,Office Supplies,Binders,P10034,C1447,7,1135.97,0.4169,4636.3,2856.39,1779.92,0.38390958307270884,2024,10,Oct,Q4
SO00593,2023-07-28,West,Pune,Corporate,Distributor,Furniture,Tables,P10077,C1377,7,11110.27,0.4151,45490.54,36707.43,8783.11,0.193075527351401,2023,7,Jul,Q3
SO00594,2023-04-28,Central,Bhopal,Consumer,Online,Technology,Phones,P10068,C1150,6,28437.23,0.2274,131821.58,86392.13,45429.45,0.3446283226160694,2023,4,Apr,Q2
SO00595,2023-04-30,East,Bhubaneswar,Corporate,Online,Technology,Accessories,P10027,C1321,8,24075.33,0.1945,155138.1,103081.31,52056.8,0.3355513571456657,2023,4,Apr,Q2
SO00596,2025-05-05,West,Mumbai,Corporate,Online,Office Supplies,Envelopes,P10005,C1068,1,985.39,0.2929,696.76,409.37,287.39,0.4124662724611057,2025,5,May,Q2
SO00597,2025-07-07,West,Pune,Corporate,Retail Store,Technology,Printers,P10002,C1229,2,22363.64,0.4194,25967.22,19303.17,6664.05,0.2566331705896896,2025,7,Jul,Q3
SO00598,2025-04-13,West,Mumbai,Consumer,Online,Technology,Laptops,P10040,C1206,10,17672.69,0.1768,145485.3,96930.04,48555.26,0.3337468459012698,2025,4,Apr,Q2
SO00599,2025-05-16,West,Surat,Consumer,Online,Office Supplies,Pens,P10048,C1307,7,775.6,0.1711,4500.42,2944.0,1556.42,0.3458388328200479,2025,5,May,Q2
SO00600,2023-05-16,North,Delhi,Consumer,Online,Technology,Phones,P10052,C1318,8,28974.38,0.3396,153086.54,103800.99,49285.55,0.32194567856847506,2023,5,May,Q2
SO00601,2024-11-16,East,Bhubaneswar,Consumer,Distributor,Office Supplies,Pens,P10033,C1522,3,591.3,0.1909,1435.29,896.48,538.81,0.3754014868075441,2024,11,Nov,Q4
SO00602,2024-02-01,North,Jaipur,Consumer,Retail Store,Furniture,Bookcases,P10070,C1011,6,8966.64,0.1556,45427.06,32133.21,13293.85,0.29264165455567676,2024,2,Feb,Q1
SO00603,2024-01-31,South,Kochi,Consumer,Distributor,Technology,Accessories,P10086,C1013,3,16885.25,0.4,30393.11,19219.56,11173.55,0.3676343092233733,2024,1,Jan,Q1
SO00604,2023-02-04,East,Bhubaneswar,Home Office,Online,Technology,Laptops,P10030,C1431,5,17868.95,0.2083,70735.28,48925.8,21809.48,0.3083253505181573,2023,2,Feb,Q1
SO00605,2023-12-26,North,Lucknow,Consumer,Online,Furniture,Bookcases,P10007,C1069,1,8393.21,0.3182,5722.62,3925.6,1797.02,0.3140205010991469,2023,12,Dec,Q4
SO00606,2024-01-18,South,Kochi,Consumer,Online,Technology,Printers,P10100,C1554,1,26193.17,0.1951,21082.7,15309.61,5773.09,0.27383067633652236,2024,1,Jan,Q1
SO00607,2023-04-24,East,Bhubaneswar,Corporate,Online,Furniture,Tables,P10062,C1248,9,8324.2,0.3517,48571.52,36749.74,11821.78,0.24338913009104926,2023,4,Apr,Q2
SO00608,2023-04-06,West,Surat,Consumer,Online,Furniture,Tables,P10008,C1337,5,11877.43,0.2356,45392.89,32941.2,12451.69,0.27430925856450206,2023,4,Apr,Q2
SO00609,2024-06-22,South,Hyderabad,Corporate,Online,Furniture,Storage,P10057,C1285,6,6926.45,0.1493,35355.08,26671.5,8683.58,0.2456105317821371,2024,6,Jun,Q2
SO00610,2025-06-19,West,Surat,Consumer,Online,Technology,Laptops,P10051,C1144,8,29953.78,0.2307,184354.6,124967.92,59386.68,0.3221328895508981,2025,6,Jun,Q2
SO00611,2024-01-03,East,Bhubaneswar,Consumer,Online,Technology,Accessories,P10060,C1536,9,19913.85,0.2738,130158.6,97428.84,32729.77,0.25146067950946,2024,1,Jan,Q1
SO00612,2024-03-09,East,Guwahati,Corporate,Online,Office Supplies,Envelopes,P10027,C1049,8,889.63,0.3962,4297.13,2535.4,1761.74,0.40998061496859534,2024,3,Mar,Q1
SO00613,2024-05-17,West,Ahmedabad,Home Office,Distributor,Furniture,Bookcases,P10027,C1359,10,7096.51,0.2765,51344.27,38361.52,12982.74,0.25285664787911094,2024,5,May,Q2
SO00614,2025-08-07,East,Guwahati,Consumer,Online,Furniture,Storage,P10049,C1020,1,7773.49,0.2782,5610.82,4086.39,1524.43,0.2716946899027237,2025,8,Aug,Q3
SO00615,2025-09-28,South,Chennai,Corporate,Online,Office Supplies,Paper,P10059,C1316,6,1117.96,0.4158,3918.88,2537.96,1380.92,0.3523761891152574,2025,9,Sep,Q3
SO00616,2024-12-25,Central,Nagpur,Consumer,Distributor,Furniture,Tables,P10034,C1006,9,9802.49,0.116,77986.53,56494.58,21491.94,0.2755852837663119,2024,12,Dec,Q4
SO00617,2024-12-03,South,Kochi,Consumer,Retail Store,Technology,Printers,P10025,C1266,10,23796.96,0.4395,133374.15,82955.37,50418.79,0.37802520203502704,2024,12,Dec,Q4
SO00618,2023-01-31,Central,Raipur,Consumer,Retail Store,Furniture,Bookcases,P10023,C1237,1,4025.99,0.0687,3749.57,2862.87,886.71,0.23648311673071845,2023,1,Jan,Q1
SO00619,2023-01-16,East,Guwahati,Consumer,Online,Furniture,Tables,P10054,C1163,5,7075.07,0.2201,27590.89,17988.15,9602.74,0.348040240818618,2023,1,Jan,Q1
SO00620,2023-01-16,East,Bhubaneswar,Consumer,Online,Furniture,Storage,P10012,C1566,5,5022.33,0.2254,19452.05,13396.69,6055.37,0.31129726686904463,2023,1,Jan,Q1
SO00621,2023-06-14,Central,Bhopal,Corporate,Online,Technology,Laptops,P10013,C1446,2,28097.51,0.3049,39060.46,25345.15,13715.31,0.35113027342739944,2023,6,Jun,Q2
SO00622,2024-07-12,Central,Raipur,Consumer,Online,Furniture,Chairs,P10067,C1304,2,11090.64,0.1727,18350.43,12474.95,5875.49,0.3201826878171247,2024,7,Jul,Q3
SO00623,2023-08-09,North,Lucknow,Corporate,Online,Technology,Accessories,P10084,C1426,5,26025.21,0.1721,107725.4,77477.72,30247.69,0.2807851258848888,2023,8,Aug,Q3
SO00624,2023-05-13,West,Mumbai,Consumer,Retail Store,Office Supplies,Envelopes,P10095,C1065,10,1130.9,0.2803,8139.04,5157.62,2981.41,0.36630978592069824,2023,5,May,Q2
SO00625,2024-11-14,South,Hyderabad,Consumer,Online,Technology,Laptops,P10022,C1068,10,21248.39,0.3823,131258.18,85861.91,45396.26,0.3458547116834928,2024,11,Nov,Q4
SO00626,2024-02-12,West,Pune,Consumer,Retail Store,Furniture,Storage,P10061,C1290,7,8391.67,0.0762,54265.73,35582.0,18683.73,0.34430072165250514,2024,2,Feb,Q1
SO00627,2025-07-25,West,Surat,Consumer,Online,Office Supplies,Pens,P10021,C1551,1,253.44,0.212,199.73,125.03,74.7,0.37400490662394237,2025,7,Jul,Q3
SO00628,2024-08-28,North,Jaipur,Consumer,Retail Store,Furniture,Chairs,P10083,C1426,6,5626.45,0.3364,22402.4,15483.97,6918.43,0.30882539370781703,2024,8,Aug,Q3
SO00629,2023-06-27,West,Pune,Consumer,Online,Technology,Printers,P10076,C1392,2,29243.04,0.4649,31296.39,21210.47,10085.92,0.32227103509382393,2023,6,Jun,Q2
SO00630,2024-05-08,East,Patna,Corporate,Distributor,Furniture,Storage,P10078,C1497,7,11309.43,0.409,46785.29,32517.96,14267.34,0.3049535441588585,2024,5,May,Q2
SO00631,2024-03-01,North,Chandigarh,Consumer,Retail Store,Technology,Printers,P10020,C1071,3,14755.77,0.1449,37853.18,25166.63,12686.54,0.3351512343216607,2024,3,Mar,Q1
SO00632,2023-12-03,North,Chandigarh,Corporate,Online,Office Supplies,Envelopes,P10036,C1452,3,984.2,0.1978,2368.49,1442.85,925.64,0.39081440073633417,2023,12,Dec,Q4
SO00633,2025-01-16,South,Hyderabad,Consumer,Retail Store,Technology,Accessories,P10006,C1178,6,21999.54,0.3145,90490.48,54876.7,35613.79,0.39356394175387294,2025,1,Jan,Q1
SO00634,2025-05-02,West,Mumbai,Corporate,Retail Store,Technology,Phones,P10003,C1075,10,28562.72,0.3892,174458.02,110996.69,63461.33,0.36376275507425804,2025,5,May,Q2
SO00635,2025-01-17,South,Bengaluru,Corporate,Retail Store,Office Supplies,Pens,P10078,C1182,9,1178.55,0.1128,9410.9,5834.12,3576.78,0.3800677937285488,2025,1,Jan,Q1
SO00636,2024-05-25,West,Ahmedabad,Consumer,Online,Office Supplies,Envelopes,P10012,C1393,10,703.0,0.3142,4821.27,2507.1,2314.17,0.47999178639653034,2024,5,May,Q2
SO00637,2024-02-03,Central,Nagpur,Consumer,Retail Store,Technology,Accessories,P10040,C1210,3,30688.76,0.1745,75998.11,46808.84,29189.27,0.3840788935409052,2024,2,Feb,Q1
SO00638,2024-09-27,South,Kochi,Home Office,Online,Furniture,Chairs,P10045,C1340,9,12433.98,0.329,75091.53,49059.92,26031.61,0.3466650632900941,2024,9,Sep,Q3
SO00639,2023-06-15,Central,Indore,Consumer,Distributor,Office Supplies,Paper,P10013,C1234,9,806.42,0.1201,6385.92,3883.92,2502.0,0.3917994588093806,2023,6,Jun,Q2
SO00640,2024-12-08,North,Jaipur,Home Office,Online,Technology,Printers,P10074,C1349,10,24147.57,0.4888,123436.57,81543.53,41893.04,0.3393892101830114,2024,12,Dec,Q4
SO00641,2025-06-12,East,Patna,Corporate,Online,Office Supplies,Paper,P10079,C1051,9,1087.33,0.335,6508.12,3507.76,3000.36,0.4610179283725562,2025,6,Jun,Q2
SO00642,2023-06-23,South,Bengaluru,Corporate,Retail Store,Office Supplies,Envelopes,P10072,C1130,7,929.16,0.4538,3552.64,2095.48,1457.16,0.41016258331832106,2023,6,Jun,Q2
SO00643,2025-05-26,North,Lucknow,Corporate,Distributor,Furniture,Chairs,P10038,C1083,10,5081.75,0.2648,37359.58,26054.82,11304.77,0.30259360517436223,2025,5,May,Q2
SO00644,2023-10-15,North,Delhi,Consumer,Online,Technology,Accessories,P10013,C1592,8,8116.9,0.3945,39315.9,25633.53,13682.37,0.3480111100089277,2023,10,Oct,Q4
SO00645,2024-04-18,South,Chennai,Consumer,Retail Store,Technology,Printers,P10077,C1540,8,25953.38,0.3064,144009.25,91559.81,52449.45,0.36420889630353603,2024,4,Apr,Q2
SO00646,2024-05-23,North,Lucknow,Consumer,Distributor,Technology,Accessories,P10022,C1078,6,29494.34,0.4798,92051.22,68874.41,23176.81,0.25178167111744965,2024,5,May,Q2
SO00647,2023-04-18,North,Delhi,Consumer,Retail Store,Technology,Laptops,P10031,C1560,8,36761.25,0.1593,247239.58,174192.19,73047.39,0.29545184472486163,2023,4,Apr,Q2
SO00648,2023-06-10,Central,Indore,Consumer,Online,Office Supplies,Envelopes,P10028,C1034,9,1111.7,0.3848,6155.6,3333.39,2822.22,0.4584800831762947,2023,6,Jun,Q2
SO00649,2024-01-21,East,Patna,Consumer,Online,Office Supplies,Pens,P10024,C1066,8,1243.89,0.2226,7736.1,4739.36,2996.74,0.38737089748064263,2024,1,Jan,Q1
SO00650,2025-08-19,West,Ahmedabad,Corporate,Distributor,Technology,Accessories,P10068,C1531,7,26316.56,0.428,105371.0,63747.24,41623.76,0.39502102096402236,2025,8,Aug,Q3
SO00651,2025-03-02,West,Ahmedabad,Home Office,Retail Store,Technology,Accessories,P10061,C1485,7,9226.16,0.1637,54009.41,36034.26,17975.16,0.33281533717920636,2025,3,Mar,Q1
SO00652,2025-05-21,West,Ahmedabad,Consumer,Retail Store,Office Supplies,Binders,P10031,C1267,3,1238.88,0.2818,2669.1,1615.92,1053.19,0.3945861901015324,2025,5,May,Q2
SO00653,2024-01-30,South,Chennai,Consumer,Online,Furniture,Chairs,P10083,C1220,8,8854.71,0.3406,46711.46,30191.99,16519.47,0.3536491901559061,2024,1,Jan,Q1
SO00654,2023-04-17,South,Kochi,Consumer,Distributor,Office Supplies,Paper,P10004,C1307,1,984.71,0.1136,872.89,542.72,330.16,0.37823780774209814,2023,4,Apr,Q2
SO00655,2024-04-12,West,Mumbai,Corporate,Online,Furniture,Storage,P10013,C1173,6,3471.17,0.3291,13972.6,9750.72,4221.88,0.3021542161086698,2024,4,Apr,Q2
SO00656,2024-12-26,Central,Bhopal,Home Office,Distributor,Office Supplies,Pens,P10002,C1225,10,517.81,0.431,2946.34,1666.4,1279.94,0.4344169376243068,2024,12,Dec,Q4
SO00657,2024-02-13,South,Chennai,Consumer,Retail Store,Office Supplies,Pens,P10052,C1283,1,1302.78,0.194,1050.01,587.26,462.75,0.44071008847534787,2024,2,Feb,Q1
SO00658,2024-03-22,West,Surat,Corporate,Retail Store,Technology,Phones,P10081,C1558,7,30341.44,0.1039,190322.23,110918.49,79403.74,0.4172068601760288,2024,3,Mar,Q1
SO00659,2025-07-29,North,Delhi,Corporate,Online,Office Supplies,Pens,P10056,C1525,2,984.41,0.2078,1559.76,1001.3,558.46,0.35804226291224295,2025,7,Jul,Q3
SO00660,2023-02-25,West,Ahmedabad,Consumer,Online,Furniture,Bookcases,P10090,C1519,4,8402.53,0.1657,28041.34,21389.22,6652.12,0.23722546782714377,2023,2,Feb,Q1
SO00661,2023-05-16,Central,Indore,Consumer,Distributor,Furniture,Chairs,P10028,C1072,8,7702.27,0.4824,31896.46,22084.34,9812.12,0.3076241062487812,2023,5,May,Q2
SO00662,2024-04-13,South,Kochi,Home Office,Distributor,Technology,Accessories,P10008,C1576,7,19864.49,0.3729,87205.28,58387.15,28818.13,0.330463132507573,2024,4,Apr,Q2
SO00663,2023-01-25,East,Guwahati,Consumer,Online,Technology,Phones,P10017,C1458,5,34529.05,0.4831,89237.71,50797.48,38440.23,0.4307621744215534,2023,1,Jan,Q1
SO00664,2023-05-15,Central,Nagpur,Home Office,Distributor,Technology,Accessories,P10043,C1435,9,24260.97,0.0818,200477.73,142441.11,58036.62,0.28949160587562517,2023,5,May,Q2
SO00665,2024-09-07,South,Kochi,Home Office,Retail Store,Technology,Phones,P10077,C1222,7,20887.53,0.4085,86478.52,60433.75,26044.77,0.30117039468298024,2024,9,Sep,Q3
SO00666,2023-03-03,West,Ahmedabad,Consumer,Retail Store,Furniture,Chairs,P10050,C1369,7,6062.2,0.1646,35449.2,27017.18,8432.02,0.23786206740913762,2023,3,Mar,Q1
SO00667,2023-06-29,South,Bengaluru,Consumer,Retail Store,Furniture,Bookcases,P10036,C1107,3,6043.16,0.1295,15782.07,10780.57,5001.5,0.31691026589034266,2023,6,Jun,Q2
SO00668,2024-10-20,South,Bengaluru,Corporate,Online,Office Supplies,Envelopes,P10030,C1312,2,616.38,0.3078,853.32,489.27,364.05,0.426627759808747,2024,10,Oct,Q4
SO00669,2024-12-15,North,Delhi,Corporate,Retail Store,Technology,Phones,P10026,C1028,6,29404.01,0.1266,154089.11,108089.12,45999.99,0.2985284943238364,2024,12,Dec,Q4
SO00670,2024-04-19,West,Pune,Home Office,Retail Store,Office Supplies,Paper,P10012,C1333,7,660.01,0.1946,3720.9,1964.15,1756.76,0.47213308608132437,2024,4,Apr,Q2
SO00671,2024-03-25,West,Ahmedabad,Consumer,Online,Office Supplies,Paper,P10085,C1497,8,674.02,0.1395,4639.96,3071.18,1568.78,0.33810205260390175,2024,3,Mar,Q1
SO00672,2024-07-14,South,Hyderabad,Consumer,Online,Office Supplies,Envelopes,P10079,C1416,1,962.12,0.1286,838.38,458.57,379.82,0.4530403874138219,2024,7,Jul,Q3
SO00673,2025-01-25,Central,Nagpur,Consumer,Online,Office Supplies,Binders,P10098,C1497,9,763.81,0.1298,5982.0,3524.3,2457.7,0.4108492143095954,2025,1,Jan,Q1
SO00674,2023-01-16,East,Kolkata,Consumer,Retail Store,Office Supplies,Binders,P10068,C1422,7,1158.76,0.0934,7353.47,3767.14,3586.32,0.4877044442963662,2023,1,Jan,Q1
SO00675,2025-02-13,Central,Indore,Corporate,Online,Office Supplies,Pens,P10041,C1006,6,357.37,0.1829,1752.02,1033.21,718.81,0.4102749968607664,2025,2,Feb,Q1
SO00676,2025-06-13,East,Patna,Corporate,Online,Office Supplies,Pens,P10073,C1005,10,1010.24,0.3937,6125.26,3621.4,2503.85,0.4087744846749362,2025,6,Jun,Q2
SO00677,2025-10-08,Central,Raipur,Corporate,Retail Store,Technology,Phones,P10040,C1466,8,18433.52,0.1497,125386.43,78741.58,46644.86,0.37200883700094184,2025,10,Oct,Q4
SO00678,2023-10-30,Central,Raipur,Consumer,Online,Furniture,Chairs,P10035,C1550,4,9880.04,0.3099,27274.75,17124.87,10149.88,0.37213466667888795,2023,10,Oct,Q4
SO00679,2025-11-27,South,Kochi,Consumer,Distributor,Office Supplies,Pens,P10059,C1230,9,1236.06,0.4405,6223.83,3644.28,2579.54,0.4144618345938112,2025,11,Nov,Q4
SO00680,2023-04-06,South,Kochi,Corporate,Online,Technology,Laptops,P10041,C1413,9,11684.58,0.4612,56659.33,34870.32,21789.02,0.3845619071033844,2023,4,Apr,Q2
SO00681,2025-10-01,East,Patna,Consumer,Online,Furniture,Tables,P10083,C1185,6,9350.04,0.2149,44046.57,29644.9,14401.67,0.3269646194925053,2025,10,Oct,Q4
SO00682,2024-05-24,West,Surat,Consumer,Online,Furniture,Chairs,P10008,C1186,4,10788.08,0.4842,22258.24,15865.83,6392.41,0.28719296763805224,2024,5,May,Q2
SO00683,2024-11-12,West,Surat,Consumer,Online,Furniture,Tables,P10068,C1446,5,5920.73,0.4649,15841.21,12579.29,3261.92,0.20591356342097605,2024,11,Nov,Q4
SO00684,2025-01-24,North,Delhi,Corporate,Online,Furniture,Bookcases,P10097,C1167,7,7004.99,0.358,31481.1,23267.81,8213.29,0.2608959026209377,2025,1,Jan,Q1
SO00685,2023-01-09,East,Guwahati,Home Office,Retail Store,Office Supplies,Binders,P10038,C1572,6,958.23,0.199,4605.27,2754.93,1850.34,0.4017875173442599,2023,1,Jan,Q1
SO00686,2025-07-02,North,Chandigarh,Consumer,Online,Furniture,Storage,P10009,C1023,9,11629.61,0.4436,58232.35,38857.47,19374.88,0.3327167802776292,2025,7,Jul,Q3
SO00687,2023-12-05,North,Jaipur,Consumer,Online,Furniture,Storage,P10099,C1424,7,8017.7,0.2192,43819.67,30870.26,12949.41,0.29551591785150366,2023,12,Dec,Q4
SO00688,2024-02-19,South,Bengaluru,Corporate,Retail Store,Technology,Phones,P10092,C1555,6,33627.06,0.4781,105305.87,63090.96,42214.91,0.40087898233973096,2024,2,Feb,Q1
SO00689,2023-02-15,Central,Bhopal,Consumer,Distributor,Technology,Accessories,P10035,C1179,2,31247.29,0.55,28122.56,19382.72,8739.84,0.31077682828305814,2023,2,Feb,Q1
SO00690,2024-11-28,South,Kochi,Consumer,Online,Office Supplies,Pens,P10098,C1032,2,925.53,0.1793,1519.13,908.31,610.82,0.40208540414579397,2024,11,Nov,Q4
SO00691,2023-02-12,West,Ahmedabad,Consumer,Retail Store,Office Supplies,Pens,P10089,C1530,3,795.77,0.0895,2173.66,1262.73,910.92,0.4190719799784695,2023,2,Feb,Q1
SO00692,2023-03-19,South,Bengaluru,Consumer,Online,Furniture,Storage,P10092,C1258,6,4782.63,0.2274,22170.34,16332.12,5838.22,0.26333470754169763,2023,3,Mar,Q1
SO00693,2023-04-15,Central,Bhopal,Consumer,Retail Store,Office Supplies,Envelopes,P10007,C1249,1,1082.62,0.1873,879.84,517.52,362.32,0.41180214584469904,2023,4,Apr,Q2
SO00694,2025-02-02,South,Bengaluru,Corporate,Online,Office Supplies,Envelopes,P10048,C1583,10,1041.59,0.2322,7997.02,4677.36,3319.66,0.41511212926815233,2025,2,Feb,Q1
SO00695,2023-04-28,West,Mumbai,Consumer,Retail Store,Technology,Printers,P10025,C1454,4,26783.78,0.1047,95915.98,70815.68,25100.3,0.2616904920327145,2023,4,Apr,Q2
SO00696,2025-09-27,Central,Indore,Home Office,Online,Technology,Laptops,P10089,C1412,8,27375.48,0.1388,188606.51,126134.93,62471.57,0.3312270080179099,2025,9,Sep,Q3
SO00697,2024-05-30,North,Chandigarh,Consumer,Online,Furniture,Chairs,P10050,C1489,5,7236.53,0.4007,21685.51,14942.58,6742.94,0.310942191352659,2024,5,May,Q2
SO00698,2024-07-21,North,Chandigarh,Corporate,Online,Technology,Printers,P10065,C1552,10,22347.7,0.1154,197685.07,144612.27,53072.8,0.26847146322178,2024,7,Jul,Q3
SO00699,2023-10-16,West,Pune,Corporate,Online,Technology,Phones,P10097,C1340,9,21615.77,0.4039,115970.88,70433.51,45537.37,0.39266210621149034,2023,10,Oct,Q4
SO00700,2023-11-08,East,Kolkata,Home Office,Online,Furniture,Storage,P10019,C1437,9,10773.74,0.2378,73909.45,56524.84,17384.62,0.23521511795852898,2023,11,Nov,Q4
SO00701,2024-07-18,North,Delhi,Consumer,Retail Store,Technology,Phones,P10005,C1240,1,25534.03,0.4028,15249.56,8559.06,6690.5,0.4387339700292992,2024,7,Jul,Q3
SO00702,2025-03-15,North,Lucknow,Consumer,Online,Office Supplies,Envelopes,P10086,C1409,4,737.91,0.265,2169.5,1258.79,910.71,0.4197787508642545,2025,3,Mar,Q1
SO00703,2025-03-20,West,Ahmedabad,Corporate,Online,Technology,Accessories,P10046,C1316,9,28821.95,0.215,203633.28,125087.89,78545.39,0.3857198096499747,2025,3,Mar,Q1
SO00704,2024-02-10,South,Hyderabad,Home Office,Retail Store,Office Supplies,Envelopes,P10075,C1439,2,999.53,0.0673,1864.57,965.95,898.63,0.4819502619907003,2024,2,Feb,Q1
SO00705,2024-08-30,Central,Raipur,Corporate,Retail Store,Office Supplies,Envelopes,P10041,C1301,2,657.03,0.187,1068.36,723.5,344.86,0.3227938148189749,2024,8,Aug,Q3
SO00706,2024-02-03,South,Hyderabad,Corporate,Online,Technology,Laptops,P10086,C1222,6,19673.81,0.43,67285.89,44151.06,23134.83,0.34382884732594016,2024,2,Feb,Q1
SO00707,2025-07-04,North,Chandigarh,Home Office,Online,Furniture,Tables,P10034,C1278,9,3990.35,0.2447,27124.48,21480.51,5643.97,0.20807661566230948,2025,7,Jul,Q3
SO00708,2023-11-08,South,Chennai,Consumer,Retail Store,Technology,Phones,P10044,C1083,3,25783.56,0.101,69541.11,48595.5,20945.6,0.30119737806888613,2023,11,Nov,Q4
SO00709,2025-08-23,Central,Raipur,Consumer,Online,Technology,Laptops,P10074,C1033,4,27803.88,0.4889,56838.77,36397.74,20441.03,0.35963181469268246,2025,8,Aug,Q3
SO00710,2024-05-26,North,Jaipur,Consumer,Retail Store,Office Supplies,Pens,P10075,C1439,4,1182.99,0.2471,3562.68,2250.14,1312.54,0.36841366611651905,2024,5,May,Q2
SO00711,2024-06-05,East,Bhubaneswar,Consumer,Distributor,Furniture,Tables,P10055,C1468,2,7769.72,0.2868,11083.38,7769.16,3314.22,0.29902610936375007,2024,6,Jun,Q2
SO00712,2024-02-28,West,Surat,Consumer,Retail Store,Furniture,Bookcases,P10075,C1235,10,6367.23,0.2513,47670.62,35861.83,11808.79,0.24771630828380248,2024,2,Feb,Q1
SO00713,2023-12-14,South,Kochi,Consumer,Distributor,Furniture,Storage,P10066,C1276,1,7831.33,0.55,3524.1,2630.21,893.89,0.2536505774523992,2023,12,Dec,Q4
SO00714,2024-09-30,Central,Nagpur,Consumer,Retail Store,Technology,Printers,P10070,C1420,10,8995.96,0.2519,67296.6,47911.12,19385.48,0.2880603180547011,2024,9,Sep,Q3
SO00715,2025-10-18,East,Patna,Consumer,Retail Store,Office Supplies,Paper,P10007,C1484,4,620.78,0.3335,1654.92,974.9,680.02,0.41090808014888935,2025,10,Oct,Q4
SO00716,2025-10-03,West,Surat,Corporate,Retail Store,Furniture,Bookcases,P10018,C1387,1,7328.1,0.0903,6666.32,5061.2,1605.12,0.24078052058707053,2025,10,Oct,Q4
SO00717,2023-06-02,North,Chandigarh,Home Office,Online,Technology,Laptops,P10067,C1372,5,24159.33,0.2405,91741.04,60838.58,30902.45,0.3368443392401046,2023,6,Jun,Q2
SO00718,2023-02-22,East,Patna,Consumer,Retail Store,Technology,Phones,P10059,C1166,1,23033.95,0.2789,16609.0,11145.76,5463.24,0.32893250647239447,2023,2,Feb,Q1
SO00719,2024-07-17,South,Kochi,Consumer,Retail Store,Technology,Phones,P10074,C1210,5,21060.95,0.1433,90214.31,61049.44,29164.87,0.32328429935339525,2024,7,Jul,Q3
SO00720,2024-11-06,East,Kolkata,Corporate,Retail Store,Technology,Laptops,P10068,C1277,6,16186.98,0.0732,90009.6,60549.6,29460.0,0.32729842150170646,2024,11,Nov,Q4
SO00721,2023-03-24,Central,Bhopal,Corporate,Online,Furniture,Bookcases,P10003,C1036,7,4688.68,0.3429,21566.39,16962.3,4604.09,0.21348450065124483,2023,3,Mar,Q1
SO00722,2025-09-20,North,Delhi,Home Office,Retail Store,Office Supplies,Paper,P10079,C1483,3,499.75,0.2903,1064.03,628.89,435.13,0.4089452365064895,2025,9,Sep,Q3
SO00723,2024-10-30,West,Ahmedabad,Home Office,Retail Store,Furniture,Tables,P10021,C1435,10,8303.92,0.1474,70796.87,55545.0,15251.87,0.21543141667138677,2024,10,Oct,Q4
SO00724,2025-05-24,West,Mumbai,Home Office,Retail Store,Office Supplies,Paper,P10090,C1479,6,551.06,0.2281,2552.23,1370.5,1181.74,0.46302253323564097,2025,5,May,Q2
SO00725,2025-04-03,South,Kochi,Home Office,Online,Office Supplies,Binders,P10020,C1272,5,327.04,0.1236,1433.15,870.96,562.18,0.39226877856470005,2025,4,Apr,Q2
SO00726,2023-10-26,South,Hyderabad,Corporate,Online,Furniture,Storage,P10086,C1168,2,9919.27,0.3693,12512.73,9288.81,3223.92,0.2576512080097629,2023,10,Oct,Q4
SO00727,2025-04-28,North,Jaipur,Consumer,Retail Store,Furniture,Storage,P10078,C1201,7,10119.51,0.55,31876.44,21555.41,10321.03,0.32378239226212213,2025,4,Apr,Q2
SO00728,2025-07-03,North,Lucknow,Corporate,Retail Store,Furniture,Bookcases,P10004,C1304,3,6088.64,0.3553,11776.84,7906.22,3870.62,0.3286637162430669,2025,7,Jul,Q3
SO00729,2025-06-22,North,Lucknow,Corporate,Retail Store,Technology,Printers,P10016,C1412,2,24216.59,0.2446,36584.97,22982.68,13602.3,0.3718002228784115,2025,6,Jun,Q2
SO00730,2023-11-06,North,Delhi,Consumer,Distributor,Office Supplies,Binders,P10006,C1343,1,1094.29,0.5403,503.06,295.92,207.15,0.4117799069693476,2023,11,Nov,Q4
SO00731,2023-06-05,South,Hyderabad,Home Office,Online,Furniture,Chairs,P10086,C1267,10,6808.93,0.55,30640.19,22005.14,8635.05,0.28182103309411594,2023,6,Jun,Q2
SO00732,2024-04-27,North,Jaipur,Consumer,Online,Furniture,Chairs,P10081,C1245,6,7246.38,0.1134,38548.97,30770.15,7778.82,0.20179060555962972,2024,4,Apr,Q2
SO00733,2025-01-29,North,Delhi,Consumer,Online,Office Supplies,Paper,P10044,C1311,8,1015.82,0.1879,6599.25,4325.6,2273.66,0.34453309088153955,2025,1,Jan,Q1
SO00734,2023-02-08,North,Jaipur,Corporate,Online,Technology,Printers,P10086,C1564,7,18989.57,0.3781,82663.35,52674.21,29989.14,0.36278641018056973,2023,2,Feb,Q1
SO00735,2025-06-01,East,Kolkata,Consumer,Distributor,Technology,Printers,P10020,C1142,9,22850.09,0.1198,181022.51,129187.61,51834.89,0.28634499654214274,2025,6,Jun,Q2
SO00736,2024-08-23,Central,Raipur,Consumer,Retail Store,Technology,Accessories,P10091,C1053,5,30771.08,0.3043,107042.53,65886.41,41156.12,0.38448381218194305,2024,8,Aug,Q3
SO00737,2025-04-13,Central,Indore,Consumer,Distributor,Technology,Printers,P10004,C1413,3,36790.12,0.1148,97702.5,65073.98,32628.51,0.33395777999539417,2025,4,Apr,Q2
SO00738,2023-11-13,South,Hyderabad,Consumer,Online,Furniture,Tables,P10009,C1030,10,8971.31,0.2375,68403.86,46098.05,22305.81,0.32608993118224616,2023,11,Nov,Q4
SO00739,2024-11-07,South,Kochi,Consumer,Retail Store,Technology,Printers,P10033,C1038,7,21885.55,0.1924,123724.03,77988.69,45735.34,0.3696560805528239,2024,11,Nov,Q4
SO00740,2023-08-29,Central,Raipur,Consumer,Online,Office Supplies,Binders,P10010,C1273,4,1258.73,0.4965,2534.88,1432.23,1102.65,0.4349910054913842,2023,8,Aug,Q3
SO00741,2025-02-28,West,Pune,Consumer,Retail Store,Technology,Printers,P10040,C1148,2,13134.7,0.2533,19614.08,13620.86,5993.22,0.3055570284204,2025,2,Feb,Q1
SO00742,2023-10-22,East,Bhubaneswar,Consumer,Distributor,Office Supplies,Binders,P10041,C1078,5,1189.82,0.3522,3853.7,2265.85,1587.85,0.4120325920543893,2023,10,Oct,Q4
SO00743,2023-07-12,South,Kochi,Corporate,Retail Store,Technology,Accessories,P10068,C1452,5,22750.71,0.4104,67070.32,42754.63,24315.69,0.362540241346694,2023,7,Jul,Q3
SO00744,2025-07-13,East,Kolkata,Home Office,Online,Technology,Printers,P10067,C1039,9,23531.82,0.335,140840.73,90710.37,50130.36,0.3559365248958877,2025,7,Jul,Q3
SO00745,2023-07-28,East,Guwahati,Consumer,Retail Store,Office Supplies,Paper,P10095,C1077,2,717.54,0.3761,895.41,449.04,446.36,0.49849789481913315,2023,7,Jul,Q3
SO00746,2025-06-02,East,Kolkata,Consumer,Retail Store,Technology,Printers,P10028,C1583,5,17444.18,0.3382,57722.26,35767.81,21954.45,0.38034633432578696,2025,6,Jun,Q2
SO00747,2024-09-05,East,Guwahati,Consumer,Retail Store,Technology,Printers,P10023,C1157,8,25784.75,0.2602,152612.8,99987.01,52625.78,0.3448320193325855,2024,9,Sep,Q3
SO00748,2023-04-22,North,Chandigarh,Consumer,Online,Technology,Laptops,P10043,C1279,6,32597.47,0.2428,148103.65,94703.09,53400.56,0.360562079327552,2023,4,Apr,Q2
SO00749,2025-10-22,Central,Nagpur,Corporate,Retail Store,Technology,Phones,P10062,C1378,7,15615.94,0.3388,72279.53,48092.17,24187.36,0.3346363763018382,2025,10,Oct,Q4
SO00750,2025-01-13,South,Kochi,Corporate,Distributor,Furniture,Storage,P10025,C1026,6,6640.96,0.4385,22373.98,18068.87,4305.11,0.19241592242417307,2025,1,Jan,Q1
SO00751,2025-03-14,North,Lucknow,Consumer,Online,Technology,Printers,P10009,C1567,5,26812.96,0.2174,104914.09,73177.32,31736.77,0.30250245701030243,2025,3,Mar,Q1
SO00752,2024-06-10,South,Bengaluru,Consumer,Distributor,Technology,Printers,P10046,C1085,9,25947.82,0.3253,157569.46,99653.27,57916.19,0.3675597415895187,2024,6,Jun,Q2
SO00753,2025-12-17,East,Guwahati,Consumer,Retail Store,Office Supplies,Pens,P10069,C1351,10,897.1,0.2861,6404.63,3629.65,2774.98,0.4332771760429564,2025,12,Dec,Q4
SO00754,2025-12-11,South,Bengaluru,Corporate,Online,Office Supplies,Pens,P10070,C1143,6,775.03,0.1541,3933.7,2087.06,1846.64,0.4694409843150215,2025,12,Dec,Q4
SO00755,2025-08-06,South,Kochi,Consumer,Retail Store,Office Supplies,Pens,P10032,C1217,9,912.03,0.124,7190.4,4100.54,3089.86,0.4297201824655096,2025,8,Aug,Q3
SO00756,2025-05-16,North,Jaipur,Consumer,Distributor,Office Supplies,Binders,P10016,C1412,7,990.17,0.0457,6614.69,3909.19,2705.5,0.4090138766896106,2025,5,May,Q2
SO00757,2024-06-11,Central,Indore,Consumer,Retail Store,Office Supplies,Pens,P10074,C1074,9,1334.78,0.1923,9702.63,6183.96,3518.66,0.36265012682128456,2024,6,Jun,Q2
SO00758,2024-02-24,West,Ahmedabad,Consumer,Retail Store,Technology,Phones,P10031,C1236,2,19314.2,0.4336,21877.87,13201.43,8676.43,0.39658476807842813,2024,2,Feb,Q1
SO00759,2025-04-07,West,Surat,Consumer,Online,Office Supplies,Paper,P10090,C1418,4,507.92,0.0746,1880.12,1008.76,871.37,0.4634650979724699,2025,4,Apr,Q2
SO00760,2023-01-09,West,Mumbai,Consumer,Online,Technology,Accessories,P10031,C1029,9,29768.2,0.0797,246572.64,166973.47,79599.17,0.322822394244552,2023,1,Jan,Q1
SO00761,2025-11-08,Central,Nagpur,Corporate,Online,Office Supplies,Binders,P10034,C1098,6,1427.53,0.2452,6464.68,3252.63,3212.05,0.4968614069064517,2025,11,Nov,Q4
SO00762,2025-05-17,North,Delhi,Consumer,Online,Furniture,Tables,P10084,C1323,9,9058.63,0.2866,58161.01,40923.86,17237.16,0.2963696813380648,2025,5,May,Q2
SO00763,2025-08-16,North,Chandigarh,Consumer,Online,Office Supplies,Pens,P10025,C1413,7,721.28,0.0911,4589.03,2572.01,2017.01,0.43952861497963625,2025,8,Aug,Q3
SO00764,2025-08-09,Central,Nagpur,Consumer,Online,Furniture,Storage,P10065,C1388,4,7417.27,0.3433,19482.85,13144.1,6338.75,0.32535024393248424,2025,8,Aug,Q3
SO00765,2024-03-30,Central,Bhopal,Home Office,Distributor,Office Supplies,Binders,P10018,C1145,4,718.45,0.2958,2023.85,1062.23,961.63,0.4751488499641772,2024,3,Mar,Q1
SO00766,2024-05-22,North,Jaipur,Home Office,Online,Technology,Accessories,P10009,C1525,8,20239.1,0.3195,110188.37,67324.36,42864.0,0.3890065712016613,2024,5,May,Q2
SO00767,2025-10-20,West,Surat,Corporate,Retail Store,Furniture,Storage,P10040,C1350,9,11249.22,0.3442,66399.7,47599.38,18800.32,0.2831386286383824,2025,10,Oct,Q4
SO00768,2024-04-15,West,Mumbai,Consumer,Retail Store,Office Supplies,Binders,P10061,C1100,8,778.79,0.0766,5753.24,3494.12,2259.11,0.3926674360881869,2024,4,Apr,Q2
SO00769,2023-11-04,West,Ahmedabad,Consumer,Retail Store,Furniture,Bookcases,P10074,C1402,10,6470.33,0.1548,54686.72,37845.31,16841.42,0.3079617867006834,2023,11,Nov,Q4
SO00770,2025-04-18,East,Bhubaneswar,Consumer,Online,Office Supplies,Binders,P10032,C1479,1,989.33,0.3984,595.18,371.08,224.1,0.3765247488154844,2025,4,Apr,Q2
SO00771,2024-01-13,Central,Indore,Corporate,Online,Office Supplies,Envelopes,P10090,C1542,8,1199.13,0.3565,6172.8,3774.27,2398.52,0.38856272680145154,2024,1,Jan,Q1
SO00772,2023-05-28,East,Patna,Corporate,Distributor,Furniture,Tables,P10087,C1521,1,10745.3,0.1986,8611.06,5928.57,2682.48,0.3115156554477614,2023,5,May,Q2
SO00773,2023-06-10,South,Kochi,Corporate,Retail Store,Technology,Laptops,P10010,C1536,3,21486.34,0.3037,44883.38,28162.41,16720.97,0.37254257589334855,2023,6,Jun,Q2
SO00774,2025-01-10,West,Surat,Home Office,Distributor,Furniture,Bookcases,P10058,C1062,6,9434.85,0.2436,42818.31,32628.0,10190.32,0.23798977586924847,2025,1,Jan,Q1
SO00775,2025-02-24,Central,Indore,Corporate,Online,Office Supplies,Envelopes,P10035,C1274,6,993.66,0.2239,4627.25,2677.85,1949.4,0.42128694148792484,2025,2,Feb,Q1
SO00776,2023-08-05,East,Kolkata,Consumer,Online,Technology,Accessories,P10052,C1501,4,19352.65,0.4793,40304.19,25076.57,15227.62,0.37781729393395574,2023,8,Aug,Q3
SO00777,2023-04-13,North,Chandigarh,Corporate,Retail Store,Technology,Laptops,P10091,C1460,3,18049.78,0.2318,41596.21,25687.28,15908.92,0.3824608059243859,2023,4,Apr,Q2
SO00778,2023-11-21,Central,Raipur,Home Office,Retail Store,Technology,Printers,P10017,C1395,8,31126.26,0.411,146667.3,106981.28,39686.03,0.27058539974486473,2023,11,Nov,Q4
SO00779,2025-05-25,South,Bengaluru,Consumer,Online,Technology,Printers,P10060,C1007,7,12628.81,0.26,65420.69,38509.87,26910.82,0.41135029300363535,2025,5,May,Q2
SO00780,2023-01-04,North,Lucknow,Home Office,Online,Furniture,Bookcases,P10090,C1399,7,10109.09,0.3604,45261.63,32330.26,12931.37,0.28570270226679867,2023,1,Jan,Q1
SO00781,2023-06-17,Central,Bhopal,Corporate,Retail Store,Furniture,Tables,P10045,C1107,1,7973.31,0.3963,4813.12,3323.49,1489.63,0.3094936340668839,2023,6,Jun,Q2
SO00782,2024-05-20,Central,Bhopal,Corporate,Distributor,Technology,Accessories,P10037,C1527,6,23258.18,0.0276,135693.97,98903.16,36790.81,0.27113076579600404,2024,5,May,Q2
SO00783,2023-06-04,North,Chandigarh,Home Office,Retail Store,Technology,Printers,P10081,C1484,7,17040.84,0.0433,114117.4,72851.44,41265.95,0.3616096230723798,2023,6,Jun,Q2
SO00784,2025-02-09,West,Pune,Corporate,Retail Store,Technology,Accessories,P10066,C1419,10,23774.42,0.1374,205077.37,122468.06,82609.31,0.4028202136588742,2025,2,Feb,Q1
SO00785,2025-09-21,West,Surat,Corporate,Online,Office Supplies,Binders,P10088,C1268,6,998.18,0.2749,4342.9,2489.62,1853.28,0.42673789403394047,2025,9,Sep,Q3
SO00786,2025-01-23,East,Guwahati,Corporate,Retail Store,Furniture,Tables,P10009,C1045,2,4334.56,0.3892,5295.22,3431.76,1863.45,0.3519117241587696,2025,1,Jan,Q1
SO00787,2025-02-12,West,Mumbai,Corporate,Online,Technology,Accessories,P10036,C1418,10,19464.79,0.169,161746.18,119859.35,41886.83,0.25896642504942,2025,2,Feb,Q1
SO00788,2024-07-27,South,Kochi,Home Office,Retail Store,Furniture,Chairs,P10075,C1123,7,6811.3,0.3221,32323.24,22608.14,9715.1,0.30056083486680174,2024,7,Jul,Q3
SO00789,2024-06-01,West,Pune,Consumer,Distributor,Technology,Accessories,P10038,C1225,5,32110.65,0.0675,149723.83,93723.89,55999.94,0.37402155688910715,2024,6,Jun,Q2
SO00790,2025-09-29,South,Bengaluru,Consumer,Distributor,Technology,Phones,P10072,C1177,10,17107.56,0.2139,134475.18,89562.86,44912.32,0.3339822263112048,2025,9,Sep,Q3
SO00791,2024-08-04,East,Patna,Consumer,Retail Store,Furniture,Bookcases,P10014,C1131,9,8660.23,0.4991,39038.82,25004.86,14033.96,0.3594873000772052,2024,8,Aug,Q3
SO00792,2025-03-24,South,Chennai,Consumer,Online,Furniture,Storage,P10055,C1567,6,12389.6,0.55,33451.92,21233.4,12218.52,0.36525616466857513,2025,3,Mar,Q1
SO00793,2025-06-22,East,Kolkata,Corporate,Online,Office Supplies,Binders,P10006,C1506,3,543.22,0.2987,1142.96,764.79,378.17,0.33086897179253866,2025,6,Jun,Q2
SO00794,2024-11-19,North,Jaipur,Consumer,Retail Store,Office Supplies,Envelopes,P10087,C1081,5,520.35,0.4708,1376.82,821.01,555.81,0.40369111430688104,2024,11,Nov,Q4
SO00795,2024-05-07,Central,Indore,Consumer,Retail Store,Office Supplies,Pens,P10089,C1591,10,762.33,0.0639,7135.87,4043.06,3092.81,0.43341736887022886,2024,5,May,Q2
SO00796,2023-03-08,South,Chennai,Consumer,Retail Store,Furniture,Storage,P10038,C1302,9,6735.23,0.2979,42560.41,31604.75,10955.67,0.2574145784779799,2023,3,Mar,Q1
SO00797,2025-08-25,North,Lucknow,Home Office,Distributor,Office Supplies,Envelopes,P10004,C1366,8,892.22,0.3105,4921.27,3021.22,1900.04,0.38608733111574856,2025,8,Aug,Q3
SO00798,2024-03-14,West,Surat,Consumer,Online,Office Supplies,Paper,P10090,C1538,4,1252.34,0.1675,4170.26,2587.49,1582.76,0.3795350889392987,2024,3,Mar,Q1
SO00799,2025-07-05,Central,Raipur,Consumer,Retail Store,Technology,Laptops,P10004,C1167,9,34610.74,0.0631,291835.72,187390.72,104444.99,0.3578896716275856,2025,7,Jul,Q3
SO00800,2023-06-07,North,Lucknow,Consumer,Retail Store,Technology,Accessories,P10015,C1414,10,12862.18,0.1236,112728.84,71126.84,41602.0,0.3690448690858524,2023,6,Jun,Q2
SO00801,2024-03-06,West,Surat,Home Office,Online,Office Supplies,Binders,P10061,C1535,4,627.68,0.2573,1864.8,1056.73,808.07,0.43332797082797087,2024,3,Mar,Q1
SO00802,2023-03-15,North,Chandigarh,Home Office,Distributor,Office Supplies,Paper,P10097,C1343,8,893.77,0.1405,6145.71,3935.16,2210.55,0.35968993004876576,2023,3,Mar,Q1
SO00803,2025-12-11,North,Jaipur,Consumer,Online,Technology,Phones,P10059,C1161,8,30621.6,0.4411,136908.14,83244.22,53663.91,0.3919701925685354,2025,12,Dec,Q4
SO00804,2023-04-24,West,Pune,Consumer,Online,Technology,Printers,P10010,C1288,7,13531.72,0.2185,74022.41,40573.41,33449.01,0.45187680325458196,2023,4,Apr,Q2
SO00805,2025-06-22,West,Surat,Corporate,Online,Furniture,Storage,P10068,C1341,2,8303.78,0.1983,13313.92,9510.14,3803.79,0.28570022953420177,2025,6,Jun,Q2
SO00806,2025-08-01,Central,Bhopal,Home Office,Retail Store,Office Supplies,Binders,P10100,C1540,7,751.2,0.163,4401.19,2487.79,1913.4,0.43474605731631677,2025,8,Aug,Q3
SO00807,2024-10-21,West,Surat,Home Office,Retail Store,Furniture,Bookcases,P10081,C1317,9,8416.7,0.1674,63066.33,41015.78,22050.55,0.34964060854658896,2024,10,Oct,Q4
SO00808,2024-07-30,South,Bengaluru,Consumer,Online,Furniture,Bookcases,P10018,C1049,3,9020.06,0.3791,16800.33,12232.55,4567.78,0.2718863260424051,2024,7,Jul,Q3
SO00809,2024-12-01,Central,Indore,Corporate,Online,Furniture,Chairs,P10020,C1533,1,6061.85,0.55,2727.83,1830.3,897.53,0.3290271021287983,2024,12,Dec,Q4
SO00810,2025-01-26,East,Patna,Consumer,Online,Technology,Printers,P10090,C1297,2,25507.07,0.1699,42349.13,28630.09,13719.04,0.32395092886205695,2025,1,Jan,Q1
SO00811,2024-01-02,Central,Indore,Consumer,Retail Store,Furniture,Tables,P10003,C1238,6,5791.67,0.4238,20022.31,14619.39,5402.92,0.2698449879159797,2024,1,Jan,Q1
SO00812,2025-07-15,West,Ahmedabad,Corporate,Online,Technology,Laptops,P10004,C1246,4,19317.08,0.1442,66127.53,44885.92,21241.61,0.32122188746502406,2025,7,Jul,Q3
SO00813,2025-08-18,North,Jaipur,Consumer,Retail Store,Technology,Printers,P10057,C1026,6,27564.83,0.2057,131376.0,88295.52,43080.48,0.32791742784070155,2025,8,Aug,Q3
SO00814,2025-02-03,West,Surat,Corporate,Online,Office Supplies,Envelopes,P10076,C1487,7,1651.84,0.1918,9344.63,6184.39,3160.24,0.3381878148198484,2025,2,Feb,Q1
SO00815,2023-11-21,West,Pune,Consumer,Online,Technology,Accessories,P10078,C1317,3,22649.9,0.1191,59855.82,40383.65,19472.17,0.3253179055938086,2023,11,Nov,Q4
SO00816,2025-02-01,South,Bengaluru,Home Office,Distributor,Technology,Laptops,P10045,C1245,7,28015.97,0.2697,143211.32,86056.29,57155.02,0.39909568601141304,2025,2,Feb,Q1
SO00817,2024-08-18,Central,Indore,Home Office,Online,Furniture,Tables,P10061,C1405,10,4603.03,0.3973,27744.16,19922.35,7821.8,0.2819259981199647,2024,8,Aug,Q3
SO00818,2025-09-06,West,Ahmedabad,Corporate,Retail Store,Furniture,Bookcases,P10015,C1369,3,11403.89,0.1549,28912.49,22529.2,6383.29,0.22077966996270468,2025,9,Sep,Q3
SO00819,2024-10-15,Central,Bhopal,Consumer,Retail Store,Office Supplies,Envelopes,P10003,C1182,9,754.53,0.1408,5834.43,3665.92,2168.51,0.37167469658561336,2024,10,Oct,Q4
SO00820,2023-08-31,South,Bengaluru,Corporate,Retail Store,Technology,Printers,P10080,C1048,8,19539.95,0.0195,153274.05,88832.63,64441.42,0.4204326825056166,2023,8,Aug,Q3
SO00821,2024-01-11,East,Patna,Corporate,Online,Technology,Printers,P10088,C1131,10,21748.94,0.55,97870.22,62242.77,35627.45,0.36402748456067635,2024,1,Jan,Q1
SO00822,2024-08-20,South,Bengaluru,Corporate,Distributor,Office Supplies,Paper,P10073,C1548,7,1014.89,0.2234,5517.42,3137.42,2380.0,0.431361034686502,2024,8,Aug,Q3
SO00823,2025-12-28,East,Patna,Consumer,Retail Store,Office Supplies,Envelopes,P10008,C1196,4,1338.94,0.2881,3812.73,2276.73,1536.0,0.402860942159555,2025,12,Dec,Q4
SO00824,2024-08-30,Central,Bhopal,Corporate,Online,Technology,Accessories,P10067,C1546,8,22357.48,0.1603,150185.74,87959.46,62226.28,0.41432881710340813,2024,8,Aug,Q3
SO00825,2023-06-16,West,Ahmedabad,Home Office,Online,Furniture,Chairs,P10002,C1388,1,8587.61,0.3911,5228.67,3278.72,1949.94,0.3729323135711376,2023,6,Jun,Q2
SO00826,2024-06-07,West,Mumbai,Corporate,Online,Technology,Printers,P10027,C1534,3,28653.48,0.1238,75321.9,50447.78,24874.12,0.3302375537526271,2024,6,Jun,Q2
SO00827,2023-04-20,North,Delhi,Corporate,Retail Store,Office Supplies,Binders,P10033,C1136,9,1076.79,0.217,7587.98,3818.97,3769.01,0.49670795125975564,2023,4,Apr,Q2
SO00828,2023-03-15,North,Jaipur,Consumer,Retail Store,Office Supplies,Pens,P10076,C1346,6,877.55,0.5044,2609.41,1518.01,1091.4,0.41825546771109184,2023,3,Mar,Q1
SO00829,2025-11-14,West,Ahmedabad,Home Office,Retail Store,Technology,Printers,P10019,C1105,5,17472.06,0.2462,65851.53,41473.58,24377.95,0.37019565073127386,2025,11,Nov,Q4
SO00830,2025-08-19,West,Pune,Corporate,Retail Store,Office Supplies,Paper,P10052,C1353,1,604.12,0.1894,489.67,277.61,212.06,0.4330671676843588,2025,8,Aug,Q3
SO00831,2024-11-05,North,Delhi,Corporate,Retail Store,Furniture,Chairs,P10083,C1344,8,8298.82,0.0726,61573.05,38008.82,23564.23,0.38270363413863695,2024,11,Nov,Q4
SO00832,2024-06-07,South,Hyderabad,Consumer,Retail Store,Technology,Accessories,P10047,C1246,3,31696.89,0.2431,71970.14,47132.2,24837.94,0.34511451554769795,2024,6,Jun,Q2
SO00833,2024-02-09,North,Jaipur,Consumer,Retail Store,Technology,Phones,P10043,C1397,3,32554.21,0.1429,83707.77,54421.15,29286.63,0.3498675212587792,2024,2,Feb,Q1
SO00834,2025-11-16,West,Pune,Consumer,Online,Furniture,Chairs,P10045,C1117,5,14924.77,0.2072,59163.67,42416.56,16747.11,0.28306408307665837,2025,11,Nov,Q4
SO00835,2023-04-24,North,Delhi,Consumer,Online,Furniture,Chairs,P10015,C1553,4,5992.14,0.55,10785.86,7923.24,2862.61,0.2654039640788959,2023,4,Apr,Q2
SO00836,2025-10-02,West,Surat,Corporate,Online,Technology,Laptops,P10060,C1509,3,15160.23,0.2131,35786.51,23331.35,12455.16,0.3480406443657121,2025,10,Oct,Q4
SO00837,2025-12-08,East,Kolkata,Corporate,Retail Store,Furniture,Bookcases,P10003,C1113,1,10419.87,0.3558,6712.99,5012.52,1700.47,0.2533103728740844,2025,12,Dec,Q4
SO00838,2023-04-17,South,Bengaluru,Consumer,Online,Technology,Accessories,P10033,C1097,7,28947.11,0.5159,98089.71,61753.69,36336.01,0.37043651163817287,2023,4,Apr,Q2
SO00839,2024-04-20,Central,Indore,Home Office,Retail Store,Furniture,Chairs,P10088,C1450,2,8206.8,0.4463,9088.72,6397.26,2691.46,0.2961319085635821,2024,4,Apr,Q2
SO00840,2023-01-19,North,Lucknow,Consumer,Distributor,Furniture,Tables,P10009,C1202,2,7995.52,0.4231,9224.73,6331.44,2893.28,0.31364386816741524,2023,1,Jan,Q1
SO00841,2024-01-24,Central,Bhopal,Corporate,Distributor,Office Supplies,Binders,P10005,C1502,9,744.67,0.1539,5670.64,3376.59,2294.05,0.4045486929164962,2024,1,Jan,Q1
SO00842,2025-04-25,Central,Raipur,Consumer,Online,Technology,Printers,P10056,C1342,4,17454.62,0.1562,58914.15,42187.61,16726.54,0.28391379660064686,2025,4,Apr,Q2
SO00843,2025-12-18,West,Ahmedabad,Consumer,Online,Technology,Printers,P10100,C1205,9,13588.16,0.1143,108312.72,74745.9,33566.82,0.3099065372931268,2025,12,Dec,Q4
SO00844,2025-12-29,Central,Nagpur,Consumer,Online,Furniture,Storage,P10087,C1002,8,12941.59,0.2622,76385.1,56706.44,19678.66,0.25762432725754103,2025,12,Dec,Q4
SO00845,2025-10-23,Central,Indore,Consumer,Distributor,Office Supplies,Paper,P10057,C1194,5,609.32,0.3553,1964.27,1229.37,734.9,0.3741339021621264,2025,10,Oct,Q4
SO00846,2023-11-09,East,Bhubaneswar,Corporate,Distributor,Technology,Laptops,P10062,C1376,3,20269.26,0.1998,48659.18,34131.91,14527.27,0.29855147579552305,2023,11,Nov,Q4
SO00847,2025-08-11,Central,Nagpur,Consumer,Online,Office Supplies,Paper,P10031,C1293,5,1047.34,0.1612,4392.74,2362.49,2030.25,0.46218305658882614,2025,8,Aug,Q3
SO00848,2023-04-17,East,Patna,Consumer,Online,Furniture,Bookcases,P10017,C1455,10,6388.96,0.273,46445.28,31601.96,14843.32,0.3195872648415512,2023,4,Apr,Q2
SO00849,2023-12-21,East,Guwahati,Consumer,Retail Store,Furniture,Storage,P10046,C1170,4,8055.62,0.2483,24220.21,17850.49,6369.72,0.2629919393762482,2023,12,Dec,Q4
SO00850,2025-11-15,Central,Raipur,Corporate,Online,Furniture,Bookcases,P10090,C1233,7,7562.91,0.5068,26107.61,19357.18,6750.42,0.25856139263609346,2025,11,Nov,Q4
SO00851,2024-10-19,West,Mumbai,Home Office,Retail Store,Technology,Accessories,P10067,C1362,8,16755.83,0.1726,110903.66,78941.16,31962.5,0.28820058778943813,2024,10,Oct,Q4
SO00852,2024-08-28,South,Hyderabad,Consumer,Online,Technology,Laptops,P10056,C1189,3,25005.59,0.3069,51995.58,34979.1,17016.48,0.32726781776450997,2024,8,Aug,Q3
SO00853,2025-10-22,North,Chandigarh,Consumer,Online,Technology,Printers,P10048,C1577,2,24185.05,0.2709,35267.77,22220.37,13047.41,0.36995279259221664,2025,10,Oct,Q4
SO00854,2023-05-18,East,Guwahati,Corporate,Retail Store,Technology,Printers,P10064,C1021,7,20343.02,0.1084,126958.55,93836.73,33121.82,0.26088688000926286,2023,5,May,Q2
SO00855,2025-12-31,West,Ahmedabad,Corporate,Retail Store,Furniture,Bookcases,P10048,C1599,3,9929.74,0.1903,24121.63,17523.24,6598.39,0.27354660526672536,2025,12,Dec,Q4
SO00856,2025-01-22,Central,Indore,Consumer,Online,Office Supplies,Envelopes,P10026,C1365,6,1055.35,0.3588,4060.07,2301.03,1759.04,0.4332536138539483,2025,1,Jan,Q1
SO00857,2025-11-02,East,Bhubaneswar,Consumer,Distributor,Furniture,Chairs,P10040,C1585,8,6838.2,0.55,24617.51,17518.73,7098.79,0.28836344536876396,2025,11,Nov,Q4
SO00858,2023-08-25,East,Bhubaneswar,Consumer,Online,Office Supplies,Binders,P10038,C1381,9,604.82,0.1897,4410.61,2650.98,1759.63,0.3989538861971474,2023,8,Aug,Q3
SO00859,2025-02-07,East,Guwahati,Corporate,Distributor,Technology,Accessories,P10002,C1518,4,17586.14,0.0946,63687.98,42874.16,20813.82,0.3268092346467889,2025,2,Feb,Q1
SO00860,2025-02-21,South,Bengaluru,Consumer,Distributor,Furniture,Storage,P10091,C1009,8,7219.92,0.3138,39634.79,31347.54,8287.25,0.2090902966812742,2025,2,Feb,Q1
SO00861,2023-06-19,East,Guwahati,Corporate,Distributor,Furniture,Chairs,P10016,C1112,1,7845.43,0.2409,5955.62,4622.78,1332.84,0.2237953395280424,2023,6,Jun,Q2
SO00862,2024-08-15,South,Hyderabad,Consumer,Online,Furniture,Storage,P10098,C1200,2,11525.36,0.266,16919.01,11557.88,5361.13,0.31687019512371,2024,8,Aug,Q3
SO00863,2023-07-04,South,Kochi,Consumer,Retail Store,Technology,Accessories,P10029,C1269,2,29645.92,0.1328,51415.63,34902.7,16512.93,0.32116556774661714,2023,7,Jul,Q3
SO00864,2025-10-15,South,Chennai,Consumer,Retail Store,Technology,Printers,P10090,C1384,8,9209.37,0.141,63287.58,38898.77,24388.8,0.3853647113699086,2025,10,Oct,Q4
SO00865,2023-07-25,South,Chennai,Consumer,Distributor,Technology,Phones,P10094,C1516,5,22560.82,0.3879,69052.48,44196.41,24856.07,0.3599591209468509,2023,7,Jul,Q3
SO00866,2023-11-14,East,Kolkata,Corporate,Online,Technology,Printers,P10090,C1089,10,16273.96,0.2464,122633.36,91043.21,31590.16,0.25759842183236276,2023,11,Nov,Q4
SO00867,2025-10-17,South,Chennai,Consumer,Online,Technology,Laptops,P10069,C1518,8,26419.92,0.4512,116001.27,79859.61,36141.66,0.31156262340920926,2025,10,Oct,Q4
SO00868,2024-04-03,South,Hyderabad,Corporate,Retail Store,Technology,Phones,P10081,C1308,3,24854.07,0.1431,63891.38,44258.1,19633.29,0.30729168786149247,2024,4,Apr,Q2
SO00869,2025-02-21,West,Pune,Corporate,Retail Store,Technology,Accessories,P10048,C1506,10,21414.92,0.1049,191686.14,117091.0,74595.15,0.38915254905753743,2025,2,Feb,Q1
SO00870,2025-01-02,East,Guwahati,Corporate,Online,Office Supplies,Paper,P10059,C1017,9,1006.41,0.3626,5773.62,3224.11,2549.51,0.44157911327728533,2025,1,Jan,Q1
SO00871,2023-05-21,West,Ahmedabad,Corporate,Retail Store,Technology,Accessories,P10041,C1295,7,32753.5,0.55,103173.53,75146.01,28027.52,0.27165417331363967,2023,5,May,Q2
SO00872,2025-06-24,South,Chennai,Consumer,Online,Technology,Printers,P10069,C1164,9,23890.14,0.3247,145202.71,96748.33,48454.37,0.3337015541927558,2025,6,Jun,Q2
SO00873,2023-04-07,North,Delhi,Corporate,Retail Store,Office Supplies,Binders,P10010,C1498,10,1024.28,0.0421,9811.71,6114.44,3697.27,0.376822184919856,2023,4,Apr,Q2
SO00874,2023-08-24,West,Ahmedabad,Corporate,Online,Technology,Phones,P10082,C1547,8,15415.26,0.2716,89823.44,60875.27,28948.17,0.3222785722746757,2023,8,Aug,Q3
SO00875,2025-08-15,South,Chennai,Home Office,Online,Office Supplies,Paper,P10020,C1232,5,888.74,0.081,4083.66,2302.03,1781.63,0.43628264840853553,2025,8,Aug,Q3
SO00876,2024-02-28,East,Guwahati,Consumer,Retail Store,Technology,Laptops,P10031,C1205,8,28047.38,0.55,100970.56,59695.14,41275.41,0.4087865809598363,2024,2,Feb,Q1
SO00877,2025-03-02,East,Guwahati,Corporate,Online,Technology,Printers,P10083,C1192,8,23517.53,0.4552,102500.43,63473.28,39027.15,0.38075108562959203,2025,3,Mar,Q1
SO00878,2023-03-12,East,Kolkata,Consumer,Retail Store,Furniture,Chairs,P10034,C1066,1,12156.7,0.219,9494.3,7033.51,2460.8,0.2591870912020897,2023,3,Mar,Q1
SO00879,2023-09-11,West,Ahmedabad,Consumer,Distributor,Technology,Printers,P10064,C1403,4,11346.44,0.1663,37837.13,27417.59,10419.55,0.27537897298235886,2023,9,Sep,Q3
SO00880,2024-06-14,North,Delhi,Consumer,Distributor,Office Supplies,Envelopes,P10037,C1180,7,948.01,0.2773,4796.14,2901.38,1894.76,0.3950593602355227,2024,6,Jun,Q2
SO00881,2025-12-07,East,Patna,Consumer,Online,Office Supplies,Pens,P10074,C1156,2,1056.51,0.2929,1494.04,978.99,515.05,0.3447364193729753,2025,12,Dec,Q4
SO00882,2024-04-12,East,Guwahati,Corporate,Online,Office Supplies,Paper,P10060,C1343,1,1272.42,0.3393,840.7,489.35,351.34,0.41791364339241105,2024,4,Apr,Q2
SO00883,2024-09-26,East,Patna,Home Office,Retail Store,Technology,Laptops,P10004,C1483,2,26942.98,0.1804,44164.84,29772.75,14392.08,0.3258718926639381,2024,9,Sep,Q3
SO00884,2025-05-10,North,Delhi,Home Office,Online,Technology,Phones,P10092,C1268,5,17541.1,0.109,78145.3,50423.82,27721.49,0.35474289560600575,2025,5,May,Q2
SO00885,2023-09-10,West,Ahmedabad,Consumer,Online,Technology,Phones,P10047,C1332,9,26830.96,0.3598,154587.47,98368.8,56218.66,0.3636689312529664,2023,9,Sep,Q3
SO00886,2024-10-09,North,Lucknow,Home Office,Distributor,Technology,Phones,P10048,C1070,4,22840.17,0.3844,56237.37,36191.2,20046.17,0.3564563918974162,2024,10,Oct,Q4
SO00887,2025-11-04,East,Guwahati,Consumer,Online,Furniture,Storage,P10060,C1029,2,9284.17,0.3029,12944.05,9715.07,3228.98,0.24945670018270943,2025,11,Nov,Q4
SO00888,2024-10-30,South,Bengaluru,Corporate,Online,Technology,Accessories,P10053,C1520,4,11419.02,0.1324,39630.74,27166.58,12464.16,0.3145073748307501,2024,10,Oct,Q4
SO00889,2024-01-26,Central,Indore,Home Office,Retail Store,Office Supplies,Binders,P10023,C1562,9,816.92,0.1573,6195.96,3070.01,3125.95,0.504514231854305,2024,1,Jan,Q1
SO00890,2023-03-29,Central,Bhopal,Home Office,Online,Technology,Laptops,P10097,C1476,10,24136.11,0.5418,110594.74,79971.91,30622.83,0.2768922825805278,2023,3,Mar,Q1
SO00891,2025-06-25,East,Bhubaneswar,Consumer,Distributor,Furniture,Bookcases,P10064,C1059,9,6950.9,0.3654,39699.54,27179.86,12519.67,0.31536058100421316,2025,6,Jun,Q2
SO00892,2024-10-09,North,Lucknow,Consumer,Online,Office Supplies,Pens,P10089,C1088,5,597.11,0.2054,2372.22,1317.27,1054.95,0.4447100184637176,2024,10,Oct,Q4
SO00893,2024-07-26,East,Patna,Corporate,Online,Technology,Phones,P10038,C1426,8,18076.32,0.1709,119896.86,75314.29,44582.57,0.37184101401821534,2024,7,Jul,Q3
SO00894,2024-03-03,West,Pune,Consumer,Retail Store,Office Supplies,Envelopes,P10053,C1087,3,972.54,0.0924,2648.09,1695.47,952.62,0.35973852852433263,2024,3,Mar,Q1
SO00895,2024-05-03,North,Lucknow,Consumer,Online,Technology,Laptops,P10050,C1363,5,21859.99,0.1072,97583.31,60666.95,36916.36,0.3783060853336498,2024,5,May,Q2
SO00896,2025-11-06,North,Chandigarh,Corporate,Distributor,Furniture,Chairs,P10010,C1241,8,6466.99,0.1596,43479.8,31015.13,12464.67,0.28667726162493845,2025,11,Nov,Q4
SO00897,2023-08-11,South,Bengaluru,Consumer,Retail Store,Furniture,Tables,P10031,C1393,2,9118.64,0.4675,9710.68,7033.48,2677.2,0.2756964496822055,2023,8,Aug,Q3
SO00898,2024-07-18,East,Patna,Home Office,Online,Furniture,Storage,P10036,C1414,3,7331.73,0.4503,12091.02,9885.82,2205.19,0.18238246235636033,2024,7,Jul,Q3
SO00899,2023-01-09,West,Surat,Corporate,Online,Office Supplies,Paper,P10089,C1283,3,855.27,0.2821,1842.06,1203.12,638.94,0.3468616657437869,2023,1,Jan,Q1
SO00900,2024-02-20,East,Bhubaneswar,Home Office,Distributor,Office Supplies,Envelopes,P10087,C1165,7,532.35,0.1116,3310.58,1796.09,1514.49,0.45746968809090854,2024,2,Feb,Q1
SO00901,2023-11-26,South,Hyderabad,Home Office,Online,Furniture,Chairs,P10013,C1247,2,8761.86,0.093,15893.7,11935.46,3958.24,0.24904458999477777,2023,11,Nov,Q4
SO00902,2025-02-11,North,Jaipur,Consumer,Retail Store,Office Supplies,Envelopes,P10099,C1214,1,806.27,0.15,685.29,389.87,295.42,0.43108756876650767,2025,2,Feb,Q1
SO00903,2025-08-13,North,Chandigarh,Consumer,Online,Furniture,Bookcases,P10003,C1417,1,9584.24,0.3809,5933.6,4296.64,1636.96,0.2758797357422138,2025,8,Aug,Q3
SO00904,2023-08-03,South,Hyderabad,Consumer,Online,Technology,Laptops,P10091,C1190,2,26918.66,0.3595,34482.09,22128.15,12353.94,0.35827120687870145,2023,8,Aug,Q3
SO00905,2025-08-07,North,Lucknow,Consumer,Retail Store,Technology,Phones,P10048,C1437,1,25545.39,0.244,19312.35,12904.85,6407.5,0.3317825122266322,2025,8,Aug,Q3
SO00906,2024-06-26,North,Delhi,Consumer,Retail Store,Office Supplies,Binders,P10077,C1082,7,596.41,0.0695,3884.92,1995.7,1889.23,0.48629830215294007,2024,6,Jun,Q2
SO00907,2023-08-17,South,Bengaluru,Corporate,Retail Store,Technology,Phones,P10089,C1597,7,27436.81,0.4075,113787.39,76253.87,37533.51,0.3298564981585394,2023,8,Aug,Q3
SO00908,2023-02-11,East,Patna,Home Office,Online,Technology,Printers,P10026,C1146,1,26317.17,0.1317,22852.06,15818.49,7033.58,0.3077875692607143,2023,2,Feb,Q1
SO00909,2023-08-22,East,Guwahati,Corporate,Online,Technology,Accessories,P10100,C1399,8,34303.22,0.2523,205190.61,152477.22,52713.39,0.2568996212838395,2023,8,Aug,Q3
SO00910,2024-01-18,South,Kochi,Consumer,Online,Technology,Laptops,P10001,C1111,6,10401.55,0.2018,49816.54,34322.17,15494.37,0.31102862623538285,2024,1,Jan,Q1
SO00911,2025-02-03,West,Ahmedabad,Corporate,Retail Store,Technology,Phones,P10023,C1573,8,34123.65,0.1372,235526.75,142598.98,92927.76,0.39455289048908454,2025,2,Feb,Q1
SO00912,2024-06-25,North,Chandigarh,Consumer,Online,Technology,Accessories,P10025,C1097,10,16758.19,0.0808,154041.75,102277.3,51764.44,0.33604162507891533,2024,6,Jun,Q2
SO00913,2025-07-26,North,Lucknow,Home Office,Online,Furniture,Bookcases,P10089,C1126,6,12471.34,0.1666,62361.2,43693.4,18667.8,0.2993495955818682,2025,7,Jul,Q3
SO00914,2023-01-17,North,Lucknow,Home Office,Retail Store,Office Supplies,Binders,P10044,C1181,7,1032.57,0.1946,5821.35,3215.65,2605.71,0.4476126671648329,2023,1,Jan,Q1
SO00915,2023-05-10,West,Ahmedabad,Corporate,Retail Store,Technology,Phones,P10068,C1589,4,26478.43,0.0539,100200.51,63658.16,36542.35,0.3646922555583799,2023,5,May,Q2
SO00916,2024-02-05,North,Lucknow,Consumer,Online,Technology,Printers,P10087,C1390,8,29213.53,0.3497,151974.76,104571.41,47403.35,0.31191593919937755,2024,2,Feb,Q1
SO00917,2025-02-11,South,Kochi,Consumer,Distributor,Furniture,Bookcases,P10038,C1061,5,8959.86,0.1702,37172.25,25069.62,12102.63,0.32558239008938117,2025,2,Feb,Q1
SO00918,2025-11-22,West,Surat,Consumer,Online,Technology,Phones,P10078,C1206,8,20136.23,0.0621,151093.04,99457.44,51635.6,0.3417470453966642,2025,11,Nov,Q4
SO00919,2025-07-01,East,Bhubaneswar,Consumer,Online,Office Supplies,Binders,P10053,C1427,6,1017.63,0.2482,4590.4,2981.42,1608.98,0.350509759498083,2025,7,Jul,Q3
SO00920,2024-10-16,North,Chandigarh,Consumer,Online,Technology,Accessories,P10056,C1575,9,17176.56,0.3517,100227.25,70522.22,29705.04,0.2963768835321731,2024,10,Oct,Q4
SO00921,2024-11-04,West,Pune,Consumer,Online,Office Supplies,Binders,P10007,C1440,5,774.12,0.1485,3295.72,2025.15,1270.57,0.38552122146298834,2024,11,Nov,Q4
SO00922,2025-12-14,North,Jaipur,Consumer,Online,Technology,Laptops,P10076,C1355,7,17708.26,0.3427,81474.83,49776.17,31698.65,0.3890606460915598,2025,12,Dec,Q4
SO00923,2025-05-17,West,Surat,Consumer,Online,Office Supplies,Paper,P10003,C1111,6,1034.25,0.239,4722.15,2711.83,2010.32,0.42572133456158745,2025,5,May,Q2
SO00924,2024-02-08,South,Hyderabad,Consumer,Distributor,Furniture,Chairs,P10021,C1283,3,10727.12,0.2418,24399.03,19167.47,5231.56,0.21441672066471498,2024,2,Feb,Q1
SO00925,2023-06-04,South,Chennai,Home Office,Distributor,Technology,Phones,P10019,C1589,8,21404.75,0.3857,105182.95,69936.09,35246.87,0.335100603282186,2023,6,Jun,Q2
SO00926,2025-12-21,East,Kolkata,Home Office,Online,Office Supplies,Binders,P10071,C1409,8,884.3,0.3156,4841.92,2997.57,1844.35,0.38091294362566913,2025,12,Dec,Q4
SO00927,2023-12-09,Central,Nagpur,Corporate,Online,Furniture,Chairs,P10064,C1398,7,8503.74,0.127,51967.33,34930.02,17037.32,0.32784674525321966,2023,12,Dec,Q4
SO00928,2025-01-29,South,Bengaluru,Corporate,Retail Store,Technology,Printers,P10087,C1167,8,34342.92,0.1412,235943.05,160907.6,75035.46,0.31802360781553013,2025,1,Jan,Q1
SO00929,2025-06-28,North,Chandigarh,Consumer,Retail Store,Technology,Phones,P10043,C1456,5,24812.63,0.1137,109958.26,65970.86,43987.4,0.40003725049850736,2025,6,Jun,Q2
SO00930,2025-08-25,West,Surat,Consumer,Online,Office Supplies,Pens,P10017,C1126,2,1297.68,0.1546,2194.19,1453.73,740.46,0.33746393885670795,2025,8,Aug,Q3
SO00931,2024-10-25,South,Hyderabad,Corporate,Retail Store,Technology,Accessories,P10020,C1590,9,22683.32,0.2765,147695.28,97153.59,50541.69,0.34220247255023994,2024,10,Oct,Q4
SO00932,2023-10-31,West,Pune,Consumer,Online,Office Supplies,Envelopes,P10065,C1248,4,767.48,0.2141,2412.5,1363.69,1048.81,0.434739896373057,2023,10,Oct,Q4
SO00933,2023-11-02,South,Bengaluru,Consumer,Distributor,Office Supplies,Binders,P10038,C1107,4,1132.0,0.105,4052.32,2389.66,1662.67,0.41030076598096893,2023,11,Nov,Q4
SO00934,2024-11-28,West,Pune,Consumer,Online,Office Supplies,Pens,P10049,C1201,1,1070.73,0.4164,624.83,314.69,310.14,0.4963590096506249,2024,11,Nov,Q4
SO00935,2025-07-14,South,Kochi,Home Office,Retail Store,Technology,Accessories,P10076,C1189,7,19385.08,0.2384,103346.84,68409.45,34937.39,0.338059586534044,2025,7,Jul,Q3
SO00936,2023-03-06,Central,Indore,Corporate,Online,Furniture,Storage,P10080,C1469,8,11627.98,0.2696,67947.47,49692.81,18254.66,0.2686584209831507,2023,3,Mar,Q1
SO00937,2025-12-10,East,Kolkata,Home Office,Online,Technology,Phones,P10088,C1524,9,35158.43,0.2217,246288.59,156017.9,90270.69,0.3665240440086973,2025,12,Dec,Q4
SO00938,2024-09-15,South,Chennai,Home Office,Distributor,Furniture,Bookcases,P10042,C1510,3,13522.09,0.2246,31456.02,20577.92,10878.1,0.34581933760215056,2024,9,Sep,Q3
SO00939,2025-10-17,South,Chennai,Consumer,Retail Store,Office Supplies,Binders,P10082,C1366,1,872.05,0.1442,746.34,385.16,361.19,0.48394833453921804,2025,10,Oct,Q4
SO00940,2025-09-08,South,Bengaluru,Consumer,Distributor,Technology,Laptops,P10060,C1234,5,25993.88,0.1678,108164.48,71921.27,36243.2,0.3350748785553261,2025,9,Sep,Q3
SO00941,2025-02-09,East,Kolkata,Consumer,Online,Office Supplies,Pens,P10025,C1097,1,825.04,0.2642,607.1,332.55,274.55,0.4522319222533355,2025,2,Feb,Q1
SO00942,2024-07-02,South,Hyderabad,Consumer,Online,Office Supplies,Envelopes,P10056,C1018,9,1211.06,0.0897,9922.17,6075.37,3846.79,0.387696441403443,2024,7,Jul,Q3
SO00943,2024-02-09,North,Jaipur,Corporate,Distributor,Furniture,Chairs,P10040,C1323,7,10802.09,0.2221,58818.67,41642.2,17176.47,0.2920241141120668,2024,2,Feb,Q1
SO00944,2024-09-19,North,Delhi,Home Office,Online,Office Supplies,Envelopes,P10014,C1304,6,1610.27,0.2397,7345.58,4583.51,2762.07,0.37601795909921343,2024,9,Sep,Q3
SO00945,2024-12-03,West,Mumbai,Corporate,Online,Furniture,Chairs,P10100,C1499,9,9088.28,0.2981,57415.21,41096.35,16318.87,0.2842255562593954,2024,12,Dec,Q4
SO00946,2025-12-05,West,Mumbai,Consumer,Online,Technology,Accessories,P10085,C1152,9,19007.74,0.1613,143483.61,93787.82,49695.8,0.3463517540435455,2025,12,Dec,Q4
SO00947,2025-10-12,North,Chandigarh,Consumer,Online,Furniture,Chairs,P10008,C1150,3,9167.13,0.2727,20001.38,14497.77,5503.61,0.27516151385554394,2025,10,Oct,Q4
SO00948,2024-04-24,North,Jaipur,Consumer,Online,Technology,Laptops,P10074,C1365,7,31330.91,0.2516,164135.73,109662.54,54473.19,0.33187892727561513,2024,4,Apr,Q2
SO00949,2024-01-10,East,Kolkata,Consumer,Online,Furniture,Storage,P10075,C1519,8,7598.7,0.2426,46044.93,34023.24,12021.69,0.26108607397166206,2024,1,Jan,Q1
SO00950,2025-12-19,North,Lucknow,Consumer,Online,Technology,Accessories,P10040,C1315,3,13849.77,0.075,38433.72,20335.68,18098.04,0.47088962504800475,2025,12,Dec,Q4
SO00951,2024-05-15,North,Delhi,Corporate,Retail Store,Office Supplies,Envelopes,P10058,C1245,6,456.3,0.3198,1862.27,1013.05,849.22,0.4560133600390921,2024,5,May,Q2
SO00952,2024-12-03,West,Ahmedabad,Home Office,Retail Store,Furniture,Tables,P10016,C1334,10,5697.06,0.4381,32010.09,22638.08,9372.01,0.2927829943620902,2024,12,Dec,Q4
SO00953,2025-12-02,West,Ahmedabad,Consumer,Online,Technology,Printers,P10066,C1543,4,14618.88,0.2511,43791.94,26650.35,17141.58,0.3914323046661098,2025,12,Dec,Q4
SO00954,2025-02-24,Central,Raipur,Corporate,Online,Technology,Phones,P10088,C1075,10,31709.36,0.326,213734.46,140053.25,73681.21,0.3447324778606127,2025,2,Feb,Q1
SO00955,2023-05-22,Central,Indore,Corporate,Distributor,Technology,Laptops,P10100,C1189,7,19123.34,0.3777,83299.08,58307.8,24991.28,0.30001867967809487,2023,5,May,Q2
SO00956,2023-03-12,North,Chandigarh,Home Office,Online,Office Supplies,Envelopes,P10070,C1195,9,1120.92,0.4179,5872.41,4072.82,1799.59,0.3064482895438159,2023,3,Mar,Q1
SO00957,2024-07-27,West,Pune,Consumer,Retail Store,Office Supplies,Envelopes,P10046,C1180,1,1208.92,0.1007,1087.15,593.91,493.23,0.45369084302994067,2024,7,Jul,Q3
SO00958,2024-10-26,East,Kolkata,Corporate,Online,Office Supplies,Binders,P10010,C1277,9,1024.07,0.5395,4244.32,2634.18,1610.13,0.3793611226297735,2024,10,Oct,Q4
SO00959,2023-05-12,North,Lucknow,Home Office,Distributor,Furniture,Chairs,P10090,C1080,8,4389.61,0.5267,16620.32,12758.67,3861.65,0.2323451052687313,2023,5,May,Q2
SO00960,2024-01-12,East,Patna,Home Office,Online,Technology,Phones,P10028,C1046,6,20616.38,0.3346,82305.16,58383.18,23921.98,0.29064982074027923,2024,1,Jan,Q1
SO00961,2025-11-06,East,Kolkata,Home Office,Retail Store,Office Supplies,Binders,P10009,C1571,8,817.49,0.1076,5836.21,3645.65,2190.56,0.3753394754472509,2025,11,Nov,Q4
SO00962,2023-11-29,West,Ahmedabad,Consumer,Distributor,Furniture,Tables,P10096,C1293,9,7548.7,0.133,58901.62,41294.93,17606.69,0.29891690585080677,2023,11,Nov,Q4
SO00963,2023-03-27,Central,Raipur,Consumer,Online,Technology,Laptops,P10060,C1121,8,27265.84,0.2761,157900.44,109241.4,48659.03,0.3081627258290097,2023,3,Mar,Q1
SO00964,2024-10-13,South,Kochi,Consumer,Online,Technology,Printers,P10030,C1478,10,19825.44,0.2097,156673.91,99402.67,57271.24,0.36554420579661284,2024,10,Oct,Q4
SO00965,2024-08-09,Central,Bhopal,Consumer,Online,Office Supplies,Binders,P10047,C1443,4,739.89,0.1107,2631.94,1607.79,1024.15,0.38912361224040065,2024,8,Aug,Q3
SO00966,2025-12-07,Central,Nagpur,Consumer,Distributor,Office Supplies,Binders,P10093,C1053,6,583.18,0.3247,2363.09,1452.7,910.39,0.3852540529560871,2025,12,Dec,Q4
SO00967,2025-10-30,West,Ahmedabad,Corporate,Online,Technology,Laptops,P10020,C1532,7,19629.73,0.0912,124883.22,86589.37,38293.85,0.30663727280574604,2025,10,Oct,Q4
SO00968,2024-05-25,North,Lucknow,Home Office,Online,Office Supplies,Paper,P10009,C1032,4,240.37,0.1703,797.76,458.61,339.15,0.4251278580024067,2024,5,May,Q2
SO00969,2023-11-30,East,Patna,Home Office,Online,Technology,Phones,P10043,C1001,10,31646.78,0.0939,286763.02,187140.08,99622.94,0.34740511520627726,2023,11,Nov,Q4
SO00970,2023-11-07,West,Mumbai,Corporate,Online,Office Supplies,Envelopes,P10061,C1212,4,1016.51,0.2709,2964.48,1823.62,1140.86,0.3848432102763385,2023,11,Nov,Q4
SO00971,2023-07-04,East,Guwahati,Corporate,Online,Office Supplies,Pens,P10078,C1142,4,948.62,0.2491,2849.41,1519.47,1329.94,0.4667422378667865,2023,7,Jul,Q3
SO00972,2023-11-18,Central,Nagpur,Corporate,Distributor,Furniture,Tables,P10069,C1593,4,4850.66,0.3278,13042.98,9361.57,3681.41,0.2822522153679604,2023,11,Nov,Q4
SO00973,2024-01-17,West,Ahmedabad,Corporate,Online,Furniture,Storage,P10015,C1440,5,10895.8,0.1763,44875.39,35349.86,9525.53,0.21226623322939367,2024,1,Jan,Q1
SO00974,2025-09-14,West,Ahmedabad,Consumer,Online,Technology,Laptops,P10013,C1485,10,12309.47,0.2397,93589.47,59401.49,34187.98,0.36529729252660587,2025,9,Sep,Q3
SO00975,2025-07-22,North,Jaipur,Consumer,Distributor,Technology,Laptops,P10028,C1360,4,20124.36,0.3622,51342.61,37302.77,14039.84,0.27345395958639424,2025,7,Jul,Q3
SO00976,2025-03-21,North,Lucknow,Corporate,Online,Furniture,Chairs,P10078,C1599,10,5648.51,0.3737,35375.42,28005.55,7369.87,0.20833307420802355,2025,3,Mar,Q1
SO00977,2025-07-16,South,Hyderabad,Home Office,Retail Store,Furniture,Chairs,P10065,C1415,3,10624.08,0.3161,21798.83,16262.3,5536.53,0.25398289724723755,2025,7,Jul,Q3
SO00978,2024-09-01,West,Surat,Consumer,Online,Technology,Printers,P10019,C1161,10,31364.53,0.0839,287326.22,195290.39,92035.83,0.3203182431453698,2024,9,Sep,Q3
SO00979,2025-02-08,South,Bengaluru,Corporate,Retail Store,Furniture,Tables,P10051,C1533,9,8059.33,0.1168,64060.19,46086.34,17973.86,0.2805776879525334,2025,2,Feb,Q1
SO00980,2024-11-05,East,Bhubaneswar,Consumer,Distributor,Office Supplies,Pens,P10049,C1585,1,1193.65,0.0353,1151.47,723.85,427.62,0.37136877209132674,2024,11,Nov,Q4
SO00981,2025-07-17,Central,Indore,Consumer,Retail Store,Office Supplies,Pens,P10094,C1468,7,700.48,0.1087,4370.35,2727.78,1642.57,0.3758440399510336,2025,7,Jul,Q3
SO00982,2025-05-01,North,Lucknow,Consumer,Retail Store,Furniture,Storage,P10012,C1032,2,10113.09,0.1019,18164.86,11714.0,6450.86,0.3551285283784185,2025,5,May,Q2
SO00983,2025-10-20,Central,Bhopal,Consumer,Online,Office Supplies,Binders,P10034,C1422,3,1190.83,0.2811,2568.23,1406.64,1161.6,0.45229593922662686,2025,10,Oct,Q4
SO00984,2025-04-14,East,Bhubaneswar,Home Office,Retail Store,Technology,Phones,P10052,C1223,10,22884.02,0.1463,195361.54,124170.67,71190.87,0.36440575765322075,2025,4,Apr,Q2
SO00985,2024-06-30,North,Chandigarh,Consumer,Distributor,Office Supplies,Envelopes,P10017,C1184,2,645.32,0.1441,1104.65,739.72,364.92,0.3303489793147151,2024,6,Jun,Q2
SO00986,2025-08-22,North,Jaipur,Consumer,Retail Store,Technology,Laptops,P10030,C1136,10,35317.32,0.3536,228288.64,156986.65,71301.98,0.3123325803684318,2025,8,Aug,Q3
SO00987,2024-07-10,South,Bengaluru,Consumer,Distributor,Technology,Phones,P10088,C1224,6,31242.9,0.1595,157565.0,100902.76,56662.24,0.3596118427315711,2024,7,Jul,Q3
SO00988,2023-10-02,East,Kolkata,Corporate,Online,Technology,Phones,P10087,C1548,2,23733.44,0.2499,35606.33,25356.5,10249.84,0.28786566882910986,2023,10,Oct,Q4
SO00989,2023-11-24,West,Surat,Consumer,Online,Furniture,Bookcases,P10026,C1241,9,7373.55,0.3292,44515.12,32205.86,12309.26,0.2765186300744556,2023,11,Nov,Q4
SO00990,2024-07-18,West,Pune,Consumer,Online,Technology,Laptops,P10020,C1053,4,27869.14,0.2624,82225.35,55938.78,26286.57,0.3196893658707442,2024,7,Jul,Q3
SO00991,2023-01-08,East,Kolkata,Corporate,Distributor,Technology,Phones,P10081,C1240,3,14204.12,0.0271,41458.16,28943.7,12514.45,0.30185734243873824,2023,1,Jan,Q1
SO00992,2023-06-29,North,Chandigarh,Consumer,Retail Store,Furniture,Bookcases,P10005,C1596,2,7176.89,0.1099,12775.88,9196.91,3578.96,0.2801341277469732,2023,6,Jun,Q2
SO00993,2024-01-29,Central,Raipur,Consumer,Retail Store,Technology,Phones,P10095,C1050,3,14809.82,0.0522,42111.89,26474.67,15637.21,0.3713252955400482,2024,1,Jan,Q1
SO00994,2023-08-16,South,Hyderabad,Corporate,Online,Office Supplies,Binders,P10021,C1257,1,1351.24,0.2583,1002.2,607.8,394.4,0.39353422470564753,2023,8,Aug,Q3
SO00995,2024-03-13,West,Surat,Consumer,Retail Store,Furniture,Bookcases,P10048,C1186,5,5004.35,0.1157,22127.21,16105.99,6021.21,0.2721179037031781,2024,3,Mar,Q1
SO00996,2025-05-24,South,Kochi,Consumer,Online,Technology,Printers,P10063,C1498,9,17269.89,0.5364,72058.35,47677.39,24380.96,0.33835023977096335,2025,5,May,Q2
SO00997,2025-09-20,West,Pune,Corporate,Retail Store,Technology,Accessories,P10071,C1103,9,19500.61,0.1292,152838.08,106309.22,46528.86,0.30443237706205156,2025,9,Sep,Q3
SO00998,2023-02-11,South,Chennai,Consumer,Retail Store,Furniture,Chairs,P10023,C1252,8,9827.31,0.5054,38884.76,25135.57,13749.19,0.3535881409580514,2023,2,Feb,Q1
SO00999,2025-03-14,North,Jaipur,Home Office,Online,Technology,Printers,P10079,C1117,6,15937.13,0.3943,57921.17,36458.98,21462.19,0.37054137545909377,2025,3,Mar,Q1
SO01000,2024-10-11,East,Patna,Consumer,Distributor,Office Supplies,Envelopes,P10056,C1465,9,1142.18,0.1966,8258.72,5452.17,2806.55,0.3398286901602186,2024,10,Oct,Q4
SO01001,2023-06-06,South,Chennai,Consumer,Online,Office Supplies,Pens,P10058,C1161,9,525.01,0.4753,2479.17,1395.19,1083.98,0.4372350423730523,2023,6,Jun,Q2
SO01002,2023-05-23,South,Chennai,Consumer,Online,Technology,Accessories,P10050,C1554,5,24864.85,0.2011,99319.95,65055.1,34264.85,0.34499463602226943,2023,5,May,Q2
SO01003,2023-04-22,South,Kochi,Consumer,Online,Furniture,Tables,P10028,C1144,2,7202.25,0.3623,9185.71,6493.24,2692.47,0.2931150667721929,2023,4,Apr,Q2
SO01004,2024-11-21,West,Pune,Corporate,Retail Store,Technology,Printers,P10018,C1423,4,28534.55,0.2573,84766.67,66469.36,18297.31,0.21585500527506862,2024,11,Nov,Q4
SO01005,2024-04-01,North,Delhi,Corporate,Online,Technology,Phones,P10016,C1465,8,20207.11,0.1312,140446.94,94343.68,46103.26,0.3282610500449494,2024,4,Apr,Q2
SO01006,2024-01-10,West,Pune,Corporate,Online,Furniture,Tables,P10057,C1249,1,10539.71,0.3512,6838.17,5047.47,1790.7,0.2618683068715753,2024,1,Jan,Q1
SO01007,2023-04-16,North,Delhi,Consumer,Retail Store,Technology,Laptops,P10063,C1309,9,14052.84,0.461,68174.73,43127.25,25047.48,0.36740123503239397,2023,4,Apr,Q2
SO01008,2023-02-26,North,Chandigarh,Corporate,Distributor,Furniture,Tables,P10011,C1268,1,6079.67,0.4313,3457.59,2748.8,708.8,0.2049982791481928,2023,2,Feb,Q1
SO01009,2023-04-23,North,Jaipur,Home Office,Online,Technology,Phones,P10063,C1114,9,12948.67,0.2615,86057.84,54257.87,31799.96,0.36951845410017264,2023,4,Apr,Q2
SO01010,2024-02-03,East,Patna,Home Office,Retail Store,Furniture,Bookcases,P10084,C1046,5,10290.5,0.2313,39550.79,30262.57,9288.23,0.23484309668656428,2024,2,Feb,Q1
SO01011,2024-06-23,West,Pune,Corporate,Online,Technology,Phones,P10093,C1555,8,14860.55,0.285,85008.16,61673.82,23334.34,0.27449529551045454,2024,6,Jun,Q2
SO01012,2025-11-06,Central,Indore,Consumer,Online,Office Supplies,Envelopes,P10037,C1151,5,795.82,0.1322,3453.16,2141.22,1311.94,0.37992447497364734,2025,11,Nov,Q4
SO01013,2025-10-23,North,Lucknow,Consumer,Online,Technology,Phones,P10056,C1354,2,27971.99,0.1975,44892.93,28958.08,15934.85,0.3549523276827777,2025,10,Oct,Q4
SO01014,2023-05-25,North,Delhi,Corporate,Retail Store,Furniture,Tables,P10019,C1138,9,6938.0,0.2677,45728.36,31322.26,14406.1,0.3150364456542942,2023,5,May,Q2
SO01015,2025-09-28,North,Jaipur,Consumer,Retail Store,Technology,Laptops,P10005,C1347,9,26250.83,0.2599,174858.44,115645.08,59213.35,0.3386359274393618,2025,9,Sep,Q3
SO01016,2024-03-30,Central,Nagpur,Consumer,Distributor,Furniture,Tables,P10068,C1316,5,9474.34,0.1944,38160.93,27995.5,10165.44,0.2663834450575497,2024,3,Mar,Q1
SO01017,2025-12-13,Central,Raipur,Home Office,Online,Furniture,Tables,P10049,C1445,6,14507.44,0.3415,57316.51,38437.58,18878.93,0.3293803129325215,2025,12,Dec,Q4
SO01018,2024-09-18,West,Mumbai,Consumer,Online,Office Supplies,Pens,P10065,C1173,5,1063.63,0.2907,3772.02,2099.81,1672.21,0.44331949459440834,2024,9,Sep,Q3
SO01019,2024-05-29,East,Bhubaneswar,Corporate,Retail Store,Office Supplies,Paper,P10009,C1393,2,1208.56,0.0702,2247.55,1475.76,771.79,0.3433916931770149,2024,5,May,Q2
SO01020,2024-09-04,West,Surat,Consumer,Distributor,Technology,Phones,P10056,C1553,3,14761.46,0.0843,40549.74,25303.73,15246.01,0.37598292862050414,2024,9,Sep,Q3
SO01021,2025-11-24,East,Guwahati,Corporate,Online,Office Supplies,Binders,P10048,C1570,8,987.69,0.3513,5126.04,2870.07,2255.98,0.44010191102683555,2025,11,Nov,Q4
SO01022,2024-07-19,Central,Nagpur,Consumer,Retail Store,Technology,Laptops,P10046,C1239,8,23363.23,0.4724,98608.56,73000.43,25608.14,0.2596948986984497,2024,7,Jul,Q3
SO01023,2025-07-20,West,Pune,Consumer,Online,Office Supplies,Envelopes,P10015,C1111,5,855.34,0.441,2390.71,1557.66,833.05,0.3484529700381895,2025,7,Jul,Q3
SO01024,2025-02-20,West,Surat,Consumer,Online,Technology,Phones,P10080,C1563,1,17246.98,0.434,9761.4,5906.05,3855.35,0.394958714938431,2025,2,Feb,Q1
SO01025,2023-01-17,South,Chennai,Corporate,Distributor,Furniture,Storage,P10087,C1024,5,10704.2,0.1025,48037.58,35976.18,12061.39,0.25108238175195335,2023,1,Jan,Q1
SO01026,2023-05-11,Central,Raipur,Home Office,Retail Store,Furniture,Tables,P10087,C1081,2,7957.56,0.2894,11309.5,7739.77,3569.73,0.3156399487156815,2023,5,May,Q2
SO01027,2023-09-15,East,Patna,Corporate,Online,Technology,Accessories,P10012,C1268,2,14123.7,0.3306,18909.22,10637.95,8271.27,0.4374199464599809,2023,9,Sep,Q3
SO01028,2023-04-01,East,Kolkata,Corporate,Retail Store,Office Supplies,Paper,P10087,C1566,1,465.36,0.2932,328.91,195.34,133.57,0.4060989328387704,2023,4,Apr,Q2
SO01029,2024-02-24,South,Kochi,Consumer,Online,Furniture,Bookcases,P10077,C1087,10,9490.69,0.1369,81915.68,53676.04,28239.64,0.34474034763551986,2024,2,Feb,Q1
SO01030,2025-03-25,Central,Bhopal,Consumer,Retail Store,Furniture,Chairs,P10083,C1482,7,11679.99,0.4703,43307.76,30032.37,13275.39,0.3065360572793421,2025,3,Mar,Q1
SO01031,2023-09-07,Central,Nagpur,Consumer,Distributor,Furniture,Storage,P10096,C1261,10,4749.15,0.4787,24758.15,18203.69,6554.47,0.264739893731963,2023,9,Sep,Q3
SO01032,2024-06-09,Central,Raipur,Corporate,Online,Furniture,Tables,P10091,C1482,10,9681.3,0.3373,64159.55,43965.55,20194.01,0.31474675243202294,2024,6,Jun,Q2
SO01033,2023-10-12,South,Bengaluru,Home Office,Retail Store,Furniture,Storage,P10036,C1530,5,10166.09,0.55,22873.7,16252.69,6621.01,0.28945951026725014,2023,10,Oct,Q4
SO01034,2024-01-27,South,Hyderabad,Consumer,Retail Store,Technology,Printers,P10065,C1356,1,18602.16,0.1639,15553.17,9603.08,5950.08,0.38256381175027343,2024,1,Jan,Q1
SO01035,2024-10-07,Central,Bhopal,Consumer,Retail Store,Office Supplies,Envelopes,P10053,C1082,5,863.91,0.2193,3372.44,1895.24,1477.2,0.43802113603207177,2024,10,Oct,Q4
SO01036,2024-03-16,South,Hyderabad,Corporate,Online,Office Supplies,Envelopes,P10003,C1121,10,737.98,0.1787,6061.13,3398.65,2662.48,0.4392712250025985,2024,3,Mar,Q1
SO01037,2024-02-14,West,Mumbai,Home Office,Distributor,Furniture,Tables,P10098,C1214,2,6700.58,0.0995,12067.85,8423.01,3644.84,0.302028944675315,2024,2,Feb,Q1
SO01038,2024-06-11,North,Lucknow,Consumer,Distributor,Office Supplies,Paper,P10061,C1177,6,1701.77,0.1732,8441.96,4548.12,3893.84,0.4612483356945544,2024,6,Jun,Q2
SO01039,2024-02-20,South,Kochi,Corporate,Retail Store,Office Supplies,Binders,P10067,C1129,3,708.91,0.2828,1525.2,903.41,621.79,0.4076776816155258,2024,2,Feb,Q1
SO01040,2025-01-10,West,Pune,Consumer,Online,Office Supplies,Pens,P10061,C1375,5,678.32,0.1681,2821.49,1621.01,1200.48,0.4254773187216684,2025,1,Jan,Q1
SO01041,2024-07-11,South,Hyderabad,Corporate,Distributor,Technology,Phones,P10038,C1374,6,19781.06,0.4811,61588.09,41638.33,19949.76,0.32392236875668656,2024,7,Jul,Q3
SO01042,2023-08-23,South,Kochi,Home Office,Online,Office Supplies,Binders,P10034,C1231,8,1274.48,0.2598,7546.56,3849.3,3697.25,0.4899252109570453,2023,8,Aug,Q3
SO01043,2025-03-29,Central,Nagpur,Corporate,Online,Technology,Laptops,P10065,C1513,3,15925.65,0.3769,29769.53,22717.12,7052.41,0.23690028025299695,2025,3,Mar,Q1
SO01044,2025-10-21,West,Surat,Home Office,Online,Technology,Phones,P10070,C1354,1,25107.18,0.4257,14418.85,10839.7,3579.15,0.24822714710257754,2025,10,Oct,Q4
SO01045,2025-03-09,North,Lucknow,Consumer,Online,Technology,Printers,P10009,C1420,2,28209.92,0.1689,46892.78,32762.71,14130.07,0.3013271979183149,2025,3,Mar,Q1
SO01046,2025-10-02,Central,Bhopal,Home Office,Retail Store,Office Supplies,Pens,P10083,C1155,6,850.9,0.2687,3733.81,2015.47,1718.34,0.4602108837889448,2025,10,Oct,Q4
SO01047,2025-03-05,South,Chennai,Corporate,Retail Store,Furniture,Storage,P10008,C1563,8,12546.59,0.1308,87243.68,64467.83,22775.85,0.26106017077684024,2025,3,Mar,Q1
SO01048,2024-03-10,South,Kochi,Corporate,Online,Technology,Printers,P10054,C1276,4,25481.84,0.2303,78457.11,51208.27,27248.85,0.3473088672269473,2024,3,Mar,Q1
SO01049,2023-09-14,Central,Bhopal,Corporate,Online,Furniture,Tables,P10067,C1096,10,9115.31,0.4037,54352.81,35807.57,18545.24,0.3412011264918962,2023,9,Sep,Q3
SO01050,2024-07-23,North,Lucknow,Corporate,Retail Store,Technology,Laptops,P10068,C1217,6,20595.12,0.1096,110030.49,79814.72,30215.77,0.2746127005341883,2024,7,Jul,Q3
SO01051,2025-10-08,South,Chennai,Consumer,Distributor,Technology,Laptops,P10073,C1017,6,19676.55,0.55,53126.69,32434.55,20692.15,0.3894869038519057,2025,10,Oct,Q4
SO01052,2023-01-12,Central,Raipur,Corporate,Distributor,Office Supplies,Envelopes,P10091,C1270,5,1491.74,0.1682,6203.93,3615.8,2588.13,0.41717588689749885,2023,1,Jan,Q1
SO01053,2025-01-14,West,Mumbai,Corporate,Online,Office Supplies,Paper,P10041,C1035,7,876.13,0.1986,4915.17,2527.56,2387.61,0.485763462911761,2025,1,Jan,Q1
SO01054,2023-05-04,North,Jaipur,Consumer,Online,Furniture,Storage,P10024,C1217,4,10239.17,0.3859,25151.36,19483.79,5667.57,0.2253385105218962,2023,5,May,Q2
SO01055,2025-01-07,South,Hyderabad,Home Office,Online,Furniture,Bookcases,P10018,C1586,4,13363.56,0.1598,44912.24,35737.53,9174.71,0.20428083747325895,2025,1,Jan,Q1
SO01056,2024-05-23,West,Mumbai,Consumer,Online,Office Supplies,Binders,P10068,C1401,3,807.59,0.2152,1901.35,1084.79,816.57,0.4294685355142399,2024,5,May,Q2
SO01057,2023-09-03,North,Delhi,Consumer,Retail Store,Technology,Printers,P10006,C1474,7,19880.88,0.076,128594.62,95040.19,33554.42,0.26093175593193557,2023,9,Sep,Q3
SO01058,2025-03-12,West,Pune,Consumer,Retail Store,Office Supplies,Paper,P10002,C1581,8,1109.14,0.3477,5787.58,3426.1,2361.47,0.40802373358122046,2025,3,Mar,Q1
SO01059,2024-11-10,West,Pune,Corporate,Retail Store,Office Supplies,Binders,P10098,C1265,8,1036.01,0.238,6315.51,3890.5,2425.01,0.38397690764482995,2024,11,Nov,Q4
SO01060,2024-05-01,South,Bengaluru,Consumer,Online,Furniture,Storage,P10062,C1576,3,5414.84,0.2705,11850.48,8745.9,3104.58,0.26197926159953017,2024,5,May,Q2
SO01061,2024-01-04,East,Bhubaneswar,Consumer,Retail Store,Furniture,Storage,P10021,C1110,3,9337.95,0.2489,21040.37,14890.48,6149.89,0.29229001201024507,2024,1,Jan,Q1
SO01062,2024-02-10,North,Delhi,Corporate,Distributor,Technology,Laptops,P10062,C1447,6,31616.06,0.3328,126569.32,77846.35,48722.97,0.3849508711905855,2024,2,Feb,Q1
SO01063,2023-07-29,East,Kolkata,Consumer,Online,Technology,Printers,P10071,C1426,2,33345.9,0.1565,56252.01,38509.16,17742.85,0.31541717353744336,2023,7,Jul,Q3
SO01064,2023-09-12,Central,Indore,Consumer,Online,Technology,Phones,P10026,C1317,2,20362.15,0.4,24432.92,16726.94,7705.98,0.31539332998266273,2023,9,Sep,Q3
SO01065,2023-04-05,North,Chandigarh,Consumer,Online,Furniture,Chairs,P10074,C1329,9,8119.31,0.184,59631.42,38690.61,20940.81,0.3511707418672908,2023,4,Apr,Q2
SO01066,2025-11-04,North,Chandigarh,Consumer,Online,Office Supplies,Binders,P10060,C1509,8,989.41,0.3091,5468.74,3503.28,1965.46,0.35939905718684745,2025,11,Nov,Q4
SO01067,2023-04-14,Central,Bhopal,Consumer,Online,Office Supplies,Envelopes,P10039,C1001,6,1000.74,0.232,4611.13,2696.61,1914.52,0.4151954076332699,2023,4,Apr,Q2
SO01068,2025-11-16,West,Mumbai,Corporate,Online,Furniture,Bookcases,P10009,C1057,4,2533.78,0.2246,7858.36,5232.76,2625.6,0.334115515196555,2025,11,Nov,Q4
SO01069,2025-10-25,West,Pune,Corporate,Retail Store,Office Supplies,Envelopes,P10053,C1089,10,1471.73,0.2495,11044.83,6405.92,4638.91,0.42000736996404653,2025,10,Oct,Q4
SO01070,2023-04-30,North,Lucknow,Home Office,Distributor,Technology,Printers,P10067,C1542,6,16837.64,0.55,45461.64,27968.51,17493.13,0.3847888021637583,2023,4,Apr,Q2
SO01071,2024-07-16,North,Jaipur,Consumer,Online,Office Supplies,Paper,P10088,C1082,8,1124.96,0.1155,7960.11,4908.63,3051.47,0.3833452050285737,2024,7,Jul,Q3
SO01072,2024-08-02,Central,Indore,Consumer,Retail Store,Furniture,Bookcases,P10012,C1187,3,3648.3,0.1294,9528.39,6570.57,2957.82,0.3104218026340232,2024,8,Aug,Q3
SO01073,2025-06-02,South,Bengaluru,Home Office,Online,Technology,Accessories,P10075,C1223,1,25031.29,0.2393,19040.24,10598.31,8441.93,0.4433730877341882,2025,6,Jun,Q2
SO01074,2023-04-12,West,Ahmedabad,Home Office,Retail Store,Furniture,Chairs,P10099,C1384,2,8174.3,0.1794,13415.38,9568.34,3847.04,0.28676340140942713,2023,4,Apr,Q2
SO01075,2025-11-27,South,Hyderabad,Corporate,Online,Furniture,Storage,P10058,C1014,8,4721.04,0.334,25152.22,17055.17,8097.05,0.3219218820446068,2025,11,Nov,Q4
SO01076,2024-04-29,West,Surat,Consumer,Retail Store,Office Supplies,Binders,P10030,C1380,7,1445.06,0.55,4551.93,2962.44,1589.49,0.34919034343674,2024,4,Apr,Q2
SO01077,2024-06-15,East,Bhubaneswar,Corporate,Online,Office Supplies,Paper,P10022,C1523,7,818.86,0.1456,4897.45,3102.97,1794.47,0.3664090496074488,2024,6,Jun,Q2
SO01078,2023-12-20,North,Delhi,Consumer,Online,Office Supplies,Envelopes,P10025,C1041,2,522.91,0.4085,618.63,343.53,275.1,0.44469230396198056,2023,12,Dec,Q4
SO01079,2025-01-07,South,Chennai,Consumer,Retail Store,Office Supplies,Pens,P10060,C1107,7,1175.38,0.308,5693.64,3366.67,2326.97,0.40869636998475484,2025,1,Jan,Q1
SO01080,2023-02-05,West,Mumbai,Corporate,Online,Furniture,Storage,P10017,C1153,3,5836.49,0.4767,9163.33,5999.67,3163.66,0.3452522172616287,2023,2,Feb,Q1
SO01081,2024-07-04,Central,Bhopal,Home Office,Online,Technology,Accessories,P10031,C1409,9,11689.83,0.2873,74979.82,44732.89,30246.93,0.40340094174672597,2024,7,Jul,Q3
SO01082,2024-01-06,North,Delhi,Corporate,Online,Technology,Laptops,P10097,C1054,6,11080.23,0.3316,44434.8,34271.89,10162.9,0.22871488112920502,2024,1,Jan,Q1
SO01083,2025-09-04,West,Mumbai,Corporate,Online,Office Supplies,Pens,P10008,C1578,6,633.32,0.2025,3030.57,1840.9,1189.66,0.392553216061665,2025,9,Sep,Q3
SO01084,2025-01-15,North,Jaipur,Consumer,Online,Furniture,Bookcases,P10017,C1384,3,8131.56,0.1495,20748.78,15208.78,5540.0,0.26700365033510404,2025,1,Jan,Q1
SO01085,2024-08-16,Central,Indore,Home Office,Online,Office Supplies,Pens,P10075,C1317,2,1043.14,0.1471,1779.3,1016.6,762.7,0.4286517169673467,2024,8,Aug,Q3
SO01086,2023-04-17,East,Patna,Corporate,Retail Store,Furniture,Storage,P10100,C1537,10,6560.24,0.2565,48773.02,32887.44,15885.58,0.3257042520639485,2023,4,Apr,Q2
SO01087,2024-03-13,West,Surat,Home Office,Retail Store,Office Supplies,Binders,P10023,C1242,2,623.97,0.1849,1017.16,505.22,511.94,0.5033033151126667,2024,3,Mar,Q1
SO01088,2023-03-04,West,Mumbai,Home Office,Online,Office Supplies,Paper,P10052,C1133,2,742.14,0.0498,1410.3,790.9,619.4,0.4391973339005885,2023,3,Mar,Q1
SO01089,2025-02-19,North,Jaipur,Consumer,Distributor,Office Supplies,Binders,P10043,C1198,4,372.5,0.199,1193.47,720.27,473.19,0.39648252574425835,2025,2,Feb,Q1
SO01090,2024-09-04,Central,Raipur,Consumer,Online,Technology,Accessories,P10050,C1117,8,20352.31,0.3768,101471.79,59643.48,41828.32,0.4122162425635736,2024,9,Sep,Q3
SO01091,2025-11-08,Central,Nagpur,Consumer,Distributor,Office Supplies,Pens,P10046,C1146,3,945.74,0.1534,2402.01,1347.03,1054.99,0.43921132718015327,2025,11,Nov,Q4
SO01092,2025-12-29,South,Kochi,Home Office,Retail Store,Furniture,Bookcases,P10028,C1055,4,8206.33,0.3145,22500.23,15208.94,7291.29,0.3240540207811209,2025,12,Dec,Q4
SO01093,2025-07-25,East,Patna,Home Office,Retail Store,Furniture,Chairs,P10058,C1445,9,5930.72,0.2323,40977.31,29883.91,11093.4,0.270720552422792,2025,7,Jul,Q3
SO01094,2024-08-04,West,Surat,Consumer,Online,Furniture,Chairs,P10048,C1405,3,7258.1,0.2116,17167.86,12384.37,4783.48,0.2786299515489991,2024,8,Aug,Q3
SO01095,2025-11-17,North,Lucknow,Home Office,Online,Technology,Printers,P10046,C1526,6,15070.33,0.1543,76467.24,52352.43,24114.81,0.31536132335886585,2025,11,Nov,Q4
SO01096,2025-06-27,West,Mumbai,Corporate,Distributor,Furniture,Tables,P10037,C1358,1,10350.25,0.55,4657.61,3222.8,1434.81,0.30805713660010176,2025,6,Jun,Q2
SO01097,2024-11-04,South,Hyderabad,Home Office,Online,Office Supplies,Envelopes,P10015,C1570,5,1255.15,0.315,4298.79,2506.82,1791.97,0.4168545102226441,2024,11,Nov,Q4
SO01098,2025-12-06,Central,Nagpur,Corporate,Retail Store,Office Supplies,Pens,P10042,C1096,5,1217.2,0.4713,3217.9,2027.18,1190.72,0.37003014388265637,2025,12,Dec,Q4
SO01099,2023-01-31,Central,Nagpur,Corporate,Retail Store,Office Supplies,Pens,P10093,C1127,6,739.59,0.1673,3695.11,2106.8,1588.31,0.4298410602120099,2023,1,Jan,Q1
SO01100,2023-01-21,West,Ahmedabad,Corporate,Distributor,Furniture,Storage,P10087,C1170,10,4151.3,0.0583,39092.85,29633.36,9459.49,0.24197493915127702,2023,1,Jan,Q1
SO01101,2025-03-04,South,Bengaluru,Consumer,Online,Technology,Accessories,P10027,C1418,4,28741.87,0.1513,97575.87,63369.81,34206.06,0.3505585960955306,2025,3,Mar,Q1
SO01102,2024-03-30,Central,Nagpur,Consumer,Online,Furniture,Bookcases,P10015,C1463,7,5024.55,0.3135,24146.74,17621.93,6524.82,0.27021535826368276,2024,3,Mar,Q1
SO01103,2025-11-28,West,Ahmedabad,Corporate,Retail Store,Technology,Phones,P10051,C1339,3,22436.53,0.3097,46463.38,32304.26,14159.11,0.30473697780919085,2025,11,Nov,Q4
SO01104,2024-05-26,North,Delhi,Consumer,Retail Store,Furniture,Chairs,P10078,C1592,7,6344.82,0.1724,36757.05,25732.89,11024.16,0.29991960725901556,2024,5,May,Q2
SO01105,2024-07-18,North,Delhi,Consumer,Retail Store,Technology,Accessories,P10050,C1299,7,18541.05,0.2089,102672.57,69184.02,33488.54,0.32616832324349143,2024,7,Jul,Q3
SO01106,2023-09-19,Central,Indore,Consumer,Retail Store,Furniture,Bookcases,P10016,C1335,5,4866.28,0.1649,20319.04,16743.05,3575.99,0.17599207442871315,2023,9,Sep,Q3
SO01107,2025-10-24,West,Surat,Corporate,Retail Store,Office Supplies,Binders,P10007,C1552,4,957.53,0.1488,3260.16,1717.95,1542.21,0.4730473351001178,2025,10,Oct,Q4
SO01108,2024-08-11,East,Kolkata,Corporate,Retail Store,Office Supplies,Binders,P10054,C1513,10,1010.17,0.05,9596.82,5849.51,3747.31,0.39047413622429095,2024,8,Aug,Q3
SO01109,2024-11-16,East,Patna,Consumer,Distributor,Technology,Phones,P10062,C1428,9,15502.73,0.1702,115783.58,79342.3,36441.28,0.3147361655253707,2024,11,Nov,Q4
SO01110,2024-07-13,Central,Indore,Corporate,Distributor,Technology,Printers,P10076,C1133,6,19330.09,0.5089,56952.3,41018.03,15934.27,0.2797827304604028,2024,7,Jul,Q3
SO01111,2025-09-15,East,Kolkata,Consumer,Retail Store,Technology,Phones,P10003,C1077,10,22981.9,0.3957,138890.97,96663.4,42227.56,0.30403387635639667,2025,9,Sep,Q3
SO01112,2025-08-01,East,Bhubaneswar,Home Office,Distributor,Technology,Laptops,P10052,C1368,9,17297.14,0.0854,142373.81,97801.97,44571.83,0.3130620020634413,2025,8,Aug,Q3
SO01113,2024-02-27,West,Pune,Consumer,Online,Office Supplies,Pens,P10026,C1575,4,899.27,0.1449,3076.02,1843.89,1232.14,0.40056306525965374,2024,2,Feb,Q1
SO01114,2024-06-30,North,Lucknow,Consumer,Retail Store,Office Supplies,Paper,P10030,C1344,6,597.42,0.1731,2964.11,1669.46,1294.65,0.43677528836649115,2024,6,Jun,Q2
SO01115,2024-02-18,South,Bengaluru,Home Office,Retail Store,Technology,Phones,P10092,C1336,10,26210.13,0.3239,177201.51,120928.31,56273.2,0.3175661426361434,2024,2,Feb,Q1
SO01116,2024-02-15,West,Ahmedabad,Consumer,Distributor,Technology,Laptops,P10084,C1218,4,17750.44,0.2509,53189.78,38042.08,15147.69,0.28478572387402246,2024,2,Feb,Q1
SO01117,2024-10-11,East,Bhubaneswar,Consumer,Online,Office Supplies,Paper,P10002,C1377,3,758.34,0.3991,1366.98,894.93,472.05,0.3453232673484616,2024,10,Oct,Q4
SO01118,2025-12-10,West,Ahmedabad,Consumer,Distributor,Furniture,Tables,P10058,C1069,8,6891.85,0.2132,43379.66,31795.56,11584.1,0.26703989842244036,2025,12,Dec,Q4
SO01119,2023-03-04,South,Chennai,Consumer,Distributor,Technology,Laptops,P10021,C1165,2,18595.58,0.1444,31819.7,21653.35,10166.35,0.31949861249477524,2023,3,Mar,Q1
SO01120,2023-09-14,West,Ahmedabad,Consumer,Online,Office Supplies,Paper,P10028,C1055,7,679.66,0.3651,3020.66,1895.06,1125.6,0.3726337952632868,2023,9,Sep,Q3
SO01121,2025-12-03,East,Bhubaneswar,Consumer,Retail Store,Office Supplies,Binders,P10015,C1017,7,934.36,0.2079,5180.76,2909.97,2270.8,0.4383140697503841,2025,12,Dec,Q4
SO01122,2025-10-07,North,Chandigarh,Consumer,Retail Store,Technology,Laptops,P10037,C1295,10,22455.42,0.1242,196660.18,116099.77,80560.41,0.40964271465631735,2025,10,Oct,Q4
SO01123,2025-06-17,Central,Nagpur,Corporate,Online,Technology,Laptops,P10010,C1092,6,31492.09,0.2376,144050.88,100193.46,43857.42,0.3044578415626478,2025,6,Jun,Q2
SO01124,2023-06-27,Central,Nagpur,Consumer,Online,Technology,Accessories,P10027,C1560,8,24459.98,0.1937,157780.21,112772.77,45007.43,0.2852539618244899,2023,6,Jun,Q2
SO01125,2024-05-22,West,Mumbai,Corporate,Online,Technology,Laptops,P10014,C1002,7,21379.89,0.0861,136772.5,72831.62,63940.88,0.4674980716152735,2024,5,May,Q2
SO01126,2024-01-29,South,Kochi,Corporate,Retail Store,Furniture,Storage,P10092,C1428,7,9488.84,0.3101,45825.06,28470.46,17354.6,0.37871417953408026,2024,1,Jan,Q1
SO01127,2023-10-25,South,Bengaluru,Corporate,Online,Technology,Laptops,P10007,C1018,6,33592.09,0.2314,154913.44,116747.6,38165.84,0.2463688108662489,2023,10,Oct,Q4
SO01128,2025-04-01,South,Chennai,Corporate,Online,Furniture,Bookcases,P10095,C1056,8,7917.02,0.55,28501.27,20468.92,8032.35,0.28182428361964224,2025,4,Apr,Q2
SO01129,2025-10-26,West,Mumbai,Consumer,Online,Technology,Accessories,P10099,C1265,5,28560.22,0.2116,112591.24,70821.1,41770.14,0.37098925280510275,2025,10,Oct,Q4
SO01130,2023-01-10,West,Mumbai,Consumer,Online,Office Supplies,Paper,P10021,C1222,6,649.24,0.1279,3397.23,2271.12,1126.1,0.33147593774928397,2023,1,Jan,Q1
SO01131,2024-05-29,Central,Bhopal,Consumer,Retail Store,Office Supplies,Paper,P10028,C1528,10,590.69,0.3653,3749.42,1800.1,1949.32,0.5198990777240213,2024,5,May,Q2
SO01132,2025-09-14,South,Bengaluru,Consumer,Online,Technology,Phones,P10068,C1085,3,19007.87,0.4763,29861.07,18627.46,11233.61,0.37619582955332814,2025,9,Sep,Q3
SO01133,2023-08-31,South,Kochi,Consumer,Online,Office Supplies,Binders,P10061,C1089,6,989.08,0.2314,4561.39,3039.38,1522.01,0.33367241126060254,2023,8,Aug,Q3
SO01134,2025-06-17,Central,Indore,Consumer,Online,Furniture,Storage,P10096,C1586,3,8652.77,0.2658,19058.68,14242.18,4816.5,0.25271949578879543,2025,6,Jun,Q2
SO01135,2025-11-07,Central,Bhopal,Consumer,Online,Office Supplies,Binders,P10008,C1454,5,1002.03,0.2521,3746.95,2188.41,1558.54,0.41594897183042207,2025,11,Nov,Q4
SO01136,2024-06-27,East,Patna,Corporate,Distributor,Office Supplies,Envelopes,P10061,C1024,9,360.4,0.2265,2508.88,1706.16,802.72,0.31995153215777555,2024,6,Jun,Q2
SO01137,2023-03-25,East,Kolkata,Corporate,Distributor,Technology,Accessories,P10007,C1168,5,20924.78,0.1198,92091.79,56640.76,35451.04,0.3849533166854505,2023,3,Mar,Q1
SO01138,2023-11-27,Central,Indore,Consumer,Retail Store,Technology,Laptops,P10065,C1515,9,19936.93,0.3082,124124.47,87123.08,37001.39,0.2980990774824658,2023,11,Nov,Q4
SO01139,2024-02-03,West,Surat,Home Office,Online,Technology,Phones,P10003,C1535,6,17039.07,0.1649,85374.71,54568.84,30805.86,0.3608312110225616,2024,2,Feb,Q1
SO01140,2025-10-20,Central,Indore,Consumer,Retail Store,Office Supplies,Envelopes,P10050,C1542,10,1424.77,0.2809,10245.71,5865.02,4380.7,0.42756431716298826,2025,10,Oct,Q4
SO01141,2025-10-06,West,Pune,Consumer,Online,Furniture,Chairs,P10085,C1091,10,8157.76,0.291,57841.75,43077.93,14763.83,0.2552452164742595,2025,10,Oct,Q4
SO01142,2024-10-05,West,Mumbai,Home Office,Distributor,Technology,Phones,P10038,C1397,8,21018.38,0.2566,124993.76,92580.28,32413.48,0.25932078529360186,2024,10,Oct,Q4
SO01143,2025-03-04,West,Ahmedabad,Home Office,Retail Store,Technology,Phones,P10014,C1005,2,6750.99,0.1853,10999.87,8505.44,2494.42,0.226768134532499,2025,3,Mar,Q1
SO01144,2023-10-07,East,Guwahati,Corporate,Distributor,Technology,Printers,P10018,C1202,9,22177.62,0.1579,168091.41,111893.23,56198.18,0.33433106427032766,2023,10,Oct,Q4
SO01145,2023-06-01,Central,Bhopal,Consumer,Online,Furniture,Tables,P10013,C1044,5,10615.75,0.1328,46029.82,30356.87,15672.95,0.3404955743906885,2023,6,Jun,Q2
SO01146,2023-09-18,West,Surat,Consumer,Retail Store,Office Supplies,Binders,P10097,C1569,6,826.12,0.2286,3823.5,2134.55,1688.95,0.44172878252909636,2023,9,Sep,Q3
SO01147,2025-04-10,East,Kolkata,Consumer,Retail Store,Furniture,Bookcases,P10077,C1384,10,6308.43,0.4024,37699.69,27289.71,10409.98,0.27612906100819395,2025,4,Apr,Q2
SO01148,2025-08-23,Central,Raipur,Consumer,Retail Store,Office Supplies,Pens,P10044,C1403,7,1143.72,0.55,3602.73,2047.16,1555.57,0.4317753481387725,2025,8,Aug,Q3
SO01149,2024-12-16,Central,Bhopal,Corporate,Online,Technology,Phones,P10014,C1281,5,23371.73,0.1807,95741.45,56641.64,39099.81,0.40838957421263206,2024,12,Dec,Q4
SO01150,2024-02-26,Central,Indore,Consumer,Distributor,Technology,Laptops,P10042,C1153,7,20249.0,0.1909,114677.41,77947.79,36729.62,0.32028644525543437,2024,2,Feb,Q1
SO01151,2023-10-14,West,Ahmedabad,Corporate,Retail Store,Office Supplies,Envelopes,P10052,C1340,2,514.1,0.2695,751.07,468.91,282.17,0.37569068129468625,2023,10,Oct,Q4
SO01152,2024-12-04,West,Mumbai,Corporate,Online,Furniture,Storage,P10012,C1232,10,7851.35,0.4873,40257.69,29457.03,10800.66,0.26828812085343196,2024,12,Dec,Q4
SO01153,2025-01-30,North,Lucknow,Consumer,Distributor,Furniture,Chairs,P10005,C1067,5,9588.81,0.3202,32594.2,24415.55,8178.65,0.2509234771830571,2025,1,Jan,Q1
SO01154,2025-10-31,South,Hyderabad,Consumer,Online,Technology,Printers,P10053,C1385,5,23260.1,0.2532,86848.17,52835.21,34012.96,0.3916370373722325,2025,10,Oct,Q4
SO01155,2023-06-24,North,Chandigarh,Corporate,Online,Office Supplies,Paper,P10081,C1491,8,366.78,0.1987,2351.22,1356.96,994.26,0.42286982928011846,2023,6,Jun,Q2
SO01156,2025-04-20,North,Lucknow,Corporate,Online,Office Supplies,Envelopes,P10098,C1484,5,406.4,0.3595,1301.42,701.38,600.04,0.46106560526194457,2025,4,Apr,Q2
SO01157,2023-12-05,South,Kochi,Corporate,Online,Furniture,Storage,P10055,C1401,7,11622.83,0.2856,58126.32,44007.62,14118.7,0.24289684948229995,2023,12,Dec,Q4
SO01158,2023-12-10,Central,Nagpur,Consumer,Retail Store,Technology,Laptops,P10007,C1590,1,30328.63,0.2709,22111.84,14885.28,7226.56,0.3268185732168829,2023,12,Dec,Q4
SO01159,2023-03-11,South,Bengaluru,Consumer,Online,Office Supplies,Binders,P10081,C1362,5,850.82,0.2575,3158.8,1674.54,1484.26,0.4698809674559959,2023,3,Mar,Q1
SO01160,2024-07-23,North,Chandigarh,Corporate,Retail Store,Office Supplies,Paper,P10081,C1169,1,869.93,0.1978,697.84,371.62,326.22,0.4674710535366273,2024,7,Jul,Q3
SO01161,2023-09-26,West,Pune,Consumer,Retail Store,Furniture,Bookcases,P10014,C1538,4,7292.69,0.1778,23984.34,16662.53,7321.81,0.30527460834861414,2023,9,Sep,Q3
SO01162,2024-02-26,North,Chandigarh,Corporate,Retail Store,Furniture,Chairs,P10086,C1506,2,8837.68,0.1902,14313.26,10882.73,3430.53,0.23967495874454878,2024,2,Feb,Q1
SO01163,2024-12-11,East,Kolkata,Corporate,Online,Technology,Printers,P10096,C1162,6,26473.97,0.3194,108108.57,69065.36,39043.2,0.3611480569949264,2024,12,Dec,Q4
SO01164,2025-12-20,West,Mumbai,Consumer,Distributor,Furniture,Storage,P10072,C1165,10,10967.92,0.2024,87477.97,60870.9,26607.07,0.30415737813760424,2025,12,Dec,Q4
SO01165,2023-08-26,West,Surat,Consumer,Online,Furniture,Chairs,P10033,C1335,6,8668.06,0.2971,36557.03,25076.92,11480.11,0.3140328959983894,2023,8,Aug,Q3
SO01166,2025-03-25,West,Ahmedabad,Corporate,Distributor,Technology,Laptops,P10058,C1257,6,31847.86,0.3449,125186.38,80855.09,44331.29,0.3541223094716853,2025,3,Mar,Q1
SO01167,2025-01-26,Central,Raipur,Home Office,Online,Technology,Printers,P10031,C1489,8,29703.49,0.1856,193521.45,133607.26,59914.19,0.30959973687671316,2025,1,Jan,Q1
SO01168,2025-12-09,North,Delhi,Consumer,Retail Store,Furniture,Chairs,P10069,C1222,10,7266.36,0.2101,57398.73,43226.54,14172.19,0.24690772774937703,2025,12,Dec,Q4
SO01169,2024-03-20,North,Delhi,Consumer,Online,Technology,Printers,P10004,C1400,7,10437.04,0.467,38939.94,28490.41,10449.53,0.26834992555201675,2024,3,Mar,Q1
SO01170,2023-02-26,West,Ahmedabad,Home Office,Online,Technology,Printers,P10085,C1092,10,9096.43,0.1287,79255.35,53774.06,25481.29,0.3215087688086672,2023,2,Feb,Q1
SO01171,2025-08-27,North,Lucknow,Corporate,Online,Furniture,Tables,P10025,C1230,7,9702.15,0.1896,55036.23,38081.56,16954.68,0.30806397894623233,2025,8,Aug,Q3
SO01172,2025-07-11,North,Lucknow,Consumer,Online,Technology,Phones,P10096,C1111,3,22224.12,0.146,56938.73,39194.01,17744.72,0.3116458691649779,2025,7,Jul,Q3
SO01173,2025-11-01,West,Mumbai,Corporate,Distributor,Furniture,Chairs,P10067,C1510,8,8277.69,0.3152,45351.66,28190.38,17161.27,0.3784044509065379,2025,11,Nov,Q4
SO01174,2025-12-12,North,Chandigarh,Corporate,Distributor,Technology,Phones,P10085,C1423,9,10476.6,0.1919,76199.39,52043.19,24156.21,0.31701316769071247,2025,12,Dec,Q4
SO01175,2024-03-29,West,Mumbai,Corporate,Retail Store,Furniture,Storage,P10030,C1570,4,8374.85,0.2906,23765.67,18425.36,5340.32,0.2247073194233531,2024,3,Mar,Q1
SO01176,2025-11-08,North,Lucknow,Consumer,Online,Office Supplies,Envelopes,P10008,C1093,4,1029.74,0.2803,2964.53,1607.87,1356.65,0.4576273473366773,2025,11,Nov,Q4
SO01177,2024-01-29,North,Lucknow,Home Office,Distributor,Technology,Laptops,P10040,C1019,5,27442.0,0.3698,86474.97,64960.8,21514.16,0.24879060380130805,2024,1,Jan,Q1
SO01178,2024-05-30,West,Mumbai,Consumer,Online,Furniture,Bookcases,P10048,C1248,9,2966.09,0.2318,20506.53,14507.43,5999.1,0.29254583783799604,2024,5,May,Q2
SO01179,2024-07-21,Central,Bhopal,Corporate,Online,Office Supplies,Paper,P10040,C1146,8,938.69,0.1671,6254.44,3501.32,2753.12,0.44018649151642675,2024,7,Jul,Q3
SO01180,2023-03-28,North,Chandigarh,Consumer,Distributor,Furniture,Bookcases,P10085,C1438,2,12005.96,0.2326,18425.68,13767.97,4657.71,0.25278361504161584,2023,3,Mar,Q1
SO01181,2023-06-18,North,Chandigarh,Consumer,Retail Store,Office Supplies,Pens,P10071,C1328,4,995.38,0.4776,2079.83,1280.31,799.52,0.3844160340027791,2023,6,Jun,Q2
SO01182,2024-11-20,North,Lucknow,Home Office,Online,Office Supplies,Binders,P10062,C1066,6,647.53,0.2845,2779.87,1510.57,1269.3,0.4566040858025735,2024,11,Nov,Q4
SO01183,2025-11-12,South,Bengaluru,Consumer,Retail Store,Technology,Phones,P10068,C1594,3,28976.49,0.1064,77681.29,53364.5,24316.79,0.31303277790572226,2025,11,Nov,Q4
SO01184,2023-04-07,Central,Raipur,Consumer,Online,Office Supplies,Paper,P10047,C1219,9,838.15,0.4218,4361.23,2764.26,1596.97,0.3661742214925606,2023,4,Apr,Q2
SO01185,2024-05-27,Central,Raipur,Consumer,Retail Store,Furniture,Chairs,P10054,C1563,7,8238.42,0.1002,51888.79,36165.73,15723.05,0.3030143890424116,2024,5,May,Q2
SO01186,2023-05-27,North,Delhi,Home Office,Retail Store,Technology,Accessories,P10100,C1050,9,26786.06,0.0283,234252.6,157298.22,76954.38,0.32851024919253835,2023,5,May,Q2
SO01187,2025-08-27,West,Pune,Consumer,Retail Store,Technology,Accessories,P10027,C1472,7,23954.48,0.1102,149195.97,101799.54,47396.44,0.3176790901255577,2025,8,Aug,Q3
SO01188,2024-08-11,West,Surat,Consumer,Online,Office Supplies,Pens,P10033,C1002,6,602.33,0.4995,1808.93,1029.29,779.64,0.430995118661308,2024,8,Aug,Q3
SO01189,2024-07-15,West,Ahmedabad,Consumer,Online,Technology,Accessories,P10069,C1235,9,18434.95,0.3584,106450.63,75669.48,30781.14,0.28915883353625993,2024,7,Jul,Q3
SO01190,2023-07-18,Central,Nagpur,Home Office,Retail Store,Furniture,Bookcases,P10067,C1246,8,6237.38,0.2925,35305.23,23615.87,11689.37,0.331094571540817,2023,7,Jul,Q3
SO01191,2024-09-02,North,Lucknow,Corporate,Distributor,Technology,Laptops,P10022,C1557,1,17421.72,0.2339,13346.68,8524.86,4821.82,0.36127486386127483,2024,9,Sep,Q3
SO01192,2024-05-05,North,Lucknow,Consumer,Online,Office Supplies,Paper,P10025,C1351,5,1124.81,0.55,2530.81,1520.26,1010.56,0.3993029899518336,2024,5,May,Q2
SO01193,2023-03-07,East,Bhubaneswar,Corporate,Online,Office Supplies,Binders,P10099,C1541,1,706.18,0.2449,533.23,342.78,190.46,0.3571817039551413,2023,3,Mar,Q1
SO01194,2025-05-18,South,Chennai,Consumer,Online,Technology,Phones,P10017,C1539,2,24040.44,0.3455,31466.97,20790.24,10676.72,0.33929927158541157,2025,5,May,Q2
SO01195,2024-07-28,South,Bengaluru,Consumer,Retail Store,Office Supplies,Binders,P10022,C1171,8,1269.21,0.1418,8713.89,5060.75,3653.14,0.4192318241336533,2024,7,Jul,Q3
SO01196,2023-06-10,South,Hyderabad,Consumer,Online,Office Supplies,Paper,P10017,C1031,6,1026.47,0.2853,4401.54,2138.05,2263.48,0.5142472861771108,2023,6,Jun,Q2
SO01197,2025-05-26,South,Chennai,Corporate,Retail Store,Technology,Laptops,P10001,C1090,9,22768.02,0.1466,174867.38,106631.62,68235.76,0.39021434415040696,2025,5,May,Q2
SO01198,2025-09-23,North,Delhi,Home Office,Retail Store,Furniture,Tables,P10021,C1245,10,8880.63,0.4006,53230.69,40518.28,12712.41,0.23881730633211778,2025,9,Sep,Q3
SO01199,2025-03-06,West,Surat,Corporate,Online,Technology,Laptops,P10013,C1099,4,24154.11,0.4887,49403.12,32879.94,16523.18,0.334456204385472,2025,3,Mar,Q1
SO01200,2023-06-20,South,Bengaluru,Corporate,Online,Furniture,Storage,P10096,C1552,4,12406.36,0.2259,38414.34,26395.32,12019.03,0.31287873226508645,2023,6,Jun,Q2
SO01201,2023-05-27,East,Patna,Corporate,Online,Technology,Printers,P10082,C1129,2,22961.61,0.1254,40163.38,25103.25,15060.12,0.3749714291974431,2023,5,May,Q2
SO01202,2023-11-11,South,Bengaluru,Home Office,Online,Office Supplies,Paper,P10068,C1364,4,787.13,0.1596,2645.95,1373.13,1272.82,0.4810446153555434,2023,11,Nov,Q4
SO01203,2025-01-28,North,Delhi,Home Office,Retail Store,Office Supplies,Envelopes,P10041,C1004,2,606.14,0.2959,853.58,507.2,346.38,0.40579676187352093,2025,1,Jan,Q1
SO01204,2023-10-08,North,Lucknow,Home Office,Online,Office Supplies,Envelopes,P10045,C1519,4,943.76,0.3095,2606.62,1339.67,1266.95,0.4860509011670286,2023,10,Oct,Q4
SO01205,2025-04-06,West,Mumbai,Consumer,Online,Office Supplies,Binders,P10040,C1581,8,990.85,0.2365,6051.93,3740.5,2311.43,0.38193270576493776,2025,4,Apr,Q2
SO01206,2023-12-20,Central,Nagpur,Consumer,Retail Store,Furniture,Bookcases,P10053,C1301,4,11811.28,0.428,27025.3,19559.35,7465.95,0.27625780287360363,2023,12,Dec,Q4
SO01207,2023-01-17,West,Pune,Home Office,Online,Furniture,Storage,P10019,C1281,6,7725.85,0.1851,37775.86,29214.1,8561.76,0.22664632916365107,2023,1,Jan,Q1
SO01208,2025-03-11,East,Guwahati,Home Office,Online,Furniture,Chairs,P10049,C1184,3,9383.89,0.4318,15996.98,10696.14,5300.84,0.3313650451522725,2025,3,Mar,Q1
SO01209,2025-09-20,South,Hyderabad,Consumer,Distributor,Office Supplies,Binders,P10052,C1371,10,150.0,0.3494,975.95,617.8,358.16,0.36698601362774735,2025,9,Sep,Q3
SO01210,2023-02-10,West,Ahmedabad,Corporate,Retail Store,Office Supplies,Envelopes,P10018,C1269,1,988.7,0.1784,812.31,473.42,338.9,0.4172052541517401,2023,2,Feb,Q1
SO01211,2024-11-13,West,Surat,Consumer,Online,Technology,Phones,P10047,C1199,4,11900.32,0.1102,42354.33,27930.17,14424.16,0.34055927693815485,2024,11,Nov,Q4
SO01212,2023-08-05,North,Jaipur,Consumer,Online,Office Supplies,Envelopes,P10011,C1396,2,974.9,0.1222,1711.59,1025.41,686.19,0.400907927716334,2023,8,Aug,Q3
SO01213,2024-01-18,West,Surat,Consumer,Retail Store,Furniture,Storage,P10003,C1588,7,5225.29,0.2638,26927.81,21855.01,5072.79,0.18838479623853555,2024,1,Jan,Q1
SO01214,2023-10-15,North,Chandigarh,Consumer,Distributor,Office Supplies,Pens,P10042,C1046,10,1194.24,0.0637,11181.08,6773.66,4407.42,0.39418553484994295,2023,10,Oct,Q4
SO01215,2023-05-26,Central,Nagpur,Consumer,Online,Furniture,Chairs,P10028,C1339,1,7471.95,0.4284,4271.32,3182.7,1088.61,0.2548650066021745,2023,5,May,Q2
SO01216,2023-08-25,South,Kochi,Consumer,Distributor,Technology,Accessories,P10013,C1134,2,15049.29,0.1631,25188.59,16835.5,8353.09,0.3316219764583885,2023,8,Aug,Q3
SO01217,2024-10-08,West,Pune,Home Office,Online,Technology,Laptops,P10099,C1191,3,24101.26,0.3555,46602.11,29734.96,16867.14,0.36193940574793715,2024,10,Oct,Q4
SO01218,2024-05-14,South,Kochi,Consumer,Distributor,Office Supplies,Pens,P10071,C1587,7,1136.43,0.1411,6832.22,4343.52,2488.71,0.3642608112736416,2024,5,May,Q2
SO01219,2025-07-09,Central,Nagpur,Home Office,Retail Store,Technology,Accessories,P10077,C1103,5,23984.35,0.4322,68086.49,44486.16,23600.32,0.346622655977713,2025,7,Jul,Q3
SO01220,2025-01-22,North,Jaipur,Consumer,Retail Store,Technology,Phones,P10005,C1566,4,15820.79,0.4582,34288.61,22434.42,11854.19,0.34571800956644205,2025,1,Jan,Q1
SO01221,2024-11-04,East,Kolkata,Corporate,Online,Technology,Printers,P10054,C1498,3,21299.5,0.4631,34304.82,22494.64,11810.18,0.34427173790738447,2024,11,Nov,Q4
SO01222,2023-07-26,Central,Indore,Consumer,Retail Store,Furniture,Bookcases,P10059,C1145,8,5617.44,0.1468,38341.59,26071.81,12269.78,0.3200122895268559,2023,7,Jul,Q3
SO01223,2023-08-13,East,Kolkata,Home Office,Distributor,Office Supplies,Paper,P10091,C1095,8,1194.86,0.2251,7406.95,4523.06,2883.89,0.38934919231262527,2023,8,Aug,Q3
SO01224,2023-07-19,Central,Raipur,Consumer,Distributor,Office Supplies,Envelopes,P10026,C1398,1,665.81,0.2762,481.92,270.17,211.75,0.4393882802124834,2023,7,Jul,Q3
SO01225,2025-03-25,North,Chandigarh,Home Office,Online,Office Supplies,Envelopes,P10100,C1489,3,1020.46,0.4185,1780.31,1024.86,755.45,0.42433621110930125,2025,3,Mar,Q1
SO01226,2025-06-09,North,Lucknow,Consumer,Distributor,Technology,Phones,P10068,C1145,1,28086.34,0.1301,24432.15,17437.67,6994.48,0.28628180491688204,2025,6,Jun,Q2
SO01227,2024-11-30,East,Patna,Consumer,Retail Store,Technology,Phones,P10020,C1596,1,19013.04,0.1305,16532.58,12053.63,4478.95,0.2709165780537581,2024,11,Nov,Q4
SO01228,2025-11-20,Central,Raipur,Consumer,Retail Store,Technology,Phones,P10048,C1361,5,15602.72,0.377,48601.44,32168.52,16432.92,0.33811590767680955,2025,11,Nov,Q4
SO01229,2023-10-23,North,Lucknow,Consumer,Online,Technology,Printers,P10082,C1016,6,13729.45,0.362,52555.95,34418.18,18137.78,0.34511373117601335,2023,10,Oct,Q4
SO01230,2023-10-21,North,Jaipur,Home Office,Online,Technology,Accessories,P10049,C1166,10,17855.45,0.3406,117736.26,75127.39,42608.87,0.3619009980442729,2023,10,Oct,Q4
SO01231,2024-10-02,South,Hyderabad,Corporate,Online,Furniture,Tables,P10042,C1463,3,10600.42,0.2989,22294.93,15767.28,6527.65,0.2927862971536578,2024,10,Oct,Q4
SO01232,2024-11-09,East,Guwahati,Corporate,Retail Store,Furniture,Tables,P10009,C1219,10,6119.78,0.3073,42391.34,29470.37,12920.97,0.30480211288437686,2024,11,Nov,Q4
SO01233,2024-03-05,East,Guwahati,Corporate,Online,Technology,Accessories,P10079,C1455,3,13168.85,0.3301,26463.48,17461.24,9002.24,0.3401759708095836,2024,3,Mar,Q1
SO01234,2025-06-20,Central,Raipur,Home Office,Online,Technology,Laptops,P10087,C1382,6,22003.78,0.2113,104126.33,63280.51,40845.82,0.3922717721828859,2025,6,Jun,Q2
SO01235,2024-07-31,Central,Indore,Corporate,Online,Technology,Phones,P10063,C1104,4,22347.68,0.1396,76909.99,53569.15,23340.85,0.303482681508605,2024,7,Jul,Q3
SO01236,2025-02-27,North,Lucknow,Consumer,Online,Furniture,Bookcases,P10062,C1248,5,8036.18,0.3868,24638.88,16835.37,7803.51,0.31671528900664314,2025,2,Feb,Q1
SO01237,2024-04-30,North,Delhi,Consumer,Online,Office Supplies,Envelopes,P10047,C1242,4,1146.52,0.3753,2864.94,1641.84,1223.1,0.4269199354960313,2024,4,Apr,Q2
SO01238,2025-01-07,West,Surat,Consumer,Online,Furniture,Tables,P10039,C1327,8,7319.23,0.493,29686.09,23451.22,6234.87,0.21002664884462724,2025,1,Jan,Q1
SO01239,2023-12-13,West,Pune,Corporate,Online,Office Supplies,Binders,P10032,C1042,8,632.72,0.2117,3990.23,2474.97,1515.26,0.3797425211078058,2023,12,Dec,Q4
SO01240,2023-08-01,North,Lucknow,Home Office,Online,Technology,Laptops,P10029,C1042,6,19351.31,0.55,52248.54,37622.27,14626.27,0.2799364345874545,2023,8,Aug,Q3
SO01241,2025-01-10,Central,Indore,Consumer,Online,Technology,Printers,P10081,C1039,5,10819.34,0.1538,45778.8,31635.72,14143.09,0.30894409639396403,2025,1,Jan,Q1
SO01242,2024-05-06,North,Lucknow,Consumer,Online,Furniture,Chairs,P10080,C1347,1,7571.55,0.1709,6277.83,4170.59,2107.23,0.33566216351828576,2024,5,May,Q2
SO01243,2023-02-28,West,Pune,Consumer,Retail Store,Office Supplies,Envelopes,P10055,C1092,3,274.54,0.071,765.12,452.89,312.23,0.4080797783354245,2023,2,Feb,Q1
SO01244,2024-01-20,North,Delhi,Consumer,Online,Office Supplies,Binders,P10075,C1316,4,1186.63,0.1529,4020.97,2022.48,1998.49,0.49701688895962914,2024,1,Jan,Q1
SO01245,2024-01-01,South,Hyderabad,Consumer,Distributor,Technology,Printers,P10100,C1470,8,23209.26,0.3152,127143.52,90706.65,36436.87,0.2865806295122237,2024,1,Jan,Q1
SO01246,2023-09-27,South,Kochi,Corporate,Distributor,Office Supplies,Binders,P10043,C1244,10,702.32,0.02,6882.73,4169.11,2713.61,0.39426361342083743,2023,9,Sep,Q3
SO01247,2025-11-08,East,Bhubaneswar,Home Office,Distributor,Furniture,Tables,P10061,C1399,1,10978.93,0.4402,6145.48,4446.03,1699.45,0.2765365764757188,2025,11,Nov,Q4
SO01248,2025-02-17,West,Mumbai,Corporate,Online,Office Supplies,Envelopes,P10097,C1337,7,648.1,0.1471,3869.18,2026.22,1842.96,0.47631797952020843,2025,2,Feb,Q1
SO01249,2023-07-22,West,Mumbai,Home Office,Retail Store,Office Supplies,Envelopes,P10096,C1461,2,614.17,0.3644,780.75,515.35,265.4,0.33992955491514565,2023,7,Jul,Q3
SO01250,2023-09-11,East,Patna,Consumer,Online,Office Supplies,Binders,P10010,C1526,5,1123.63,0.4116,3305.73,2197.36,1108.37,0.3352875159193279,2023,9,Sep,Q3
SO01251,2023-05-21,West,Pune,Consumer,Online,Furniture,Tables,P10035,C1423,2,10699.01,0.1889,17356.36,12177.39,5178.97,0.29839033069145837,2023,5,May,Q2
SO01252,2025-12-03,Central,Indore,Corporate,Online,Technology,Printers,P10044,C1132,3,30617.27,0.1242,80444.31,51243.04,29201.26,0.3629996950685511,2025,12,Dec,Q4
SO01253,2025-05-15,East,Bhubaneswar,Consumer,Online,Office Supplies,Paper,P10088,C1585,7,1633.58,0.0621,10725.28,6281.44,4443.84,0.41433323885250545,2025,5,May,Q2
SO01254,2024-09-06,North,Delhi,Consumer,Online,Technology,Phones,P10036,C1583,7,25343.8,0.2913,125729.18,84431.61,41297.57,0.3284644821512397,2024,9,Sep,Q3
SO01255,2025-05-06,Central,Nagpur,Consumer,Online,Technology,Laptops,P10060,C1287,9,35057.68,0.2791,227467.93,144179.24,83288.69,0.3661557477574971,2025,5,May,Q2
SO01256,2025-09-22,Central,Nagpur,Corporate,Online,Furniture,Storage,P10085,C1027,4,8695.51,0.1922,28095.53,20226.31,7869.22,0.28008797128938306,2025,9,Sep,Q3
SO01257,2023-05-25,East,Kolkata,Corporate,Online,Technology,Phones,P10091,C1569,7,13520.19,0.5023,47099.31,34622.43,12476.88,0.2649057916135077,2023,5,May,Q2
SO01258,2023-12-13,Central,Raipur,Consumer,Online,Technology,Printers,P10031,C1085,8,19039.12,0.1274,132914.65,79498.58,53416.07,0.40188248624211104,2023,12,Dec,Q4
SO01259,2023-02-14,East,Bhubaneswar,Home Office,Retail Store,Technology,Phones,P10072,C1365,7,27757.15,0.395,117560.88,88010.29,29550.6,0.2513642293252653,2023,2,Feb,Q1
SO01260,2024-05-18,West,Ahmedabad,Consumer,Retail Store,Technology,Accessories,P10078,C1463,2,13198.54,0.4038,15737.39,10780.87,4956.52,0.31495184398429477,2024,5,May,Q2
SO01261,2025-03-08,North,Chandigarh,Home Office,Retail Store,Technology,Printers,P10060,C1579,4,17610.11,0.1684,58578.06,36745.43,21832.63,0.37271002146537463,2025,3,Mar,Q1
SO01262,2023-07-06,South,Bengaluru,Consumer,Online,Office Supplies,Pens,P10081,C1306,5,1182.21,0.1554,4992.33,2916.41,2075.92,0.4158218707497301,2023,7,Jul,Q3
SO01263,2024-04-11,Central,Raipur,Consumer,Retail Store,Office Supplies,Envelopes,P10013,C1058,1,955.66,0.3569,614.61,395.51,219.09,0.35646995655781716,2024,4,Apr,Q2
SO01264,2025-08-06,West,Ahmedabad,Consumer,Distributor,Office Supplies,Binders,P10082,C1476,10,682.02,0.1406,5861.02,3484.6,2376.42,0.40546184793773093,2025,8,Aug,Q3
SO01265,2024-08-01,Central,Bhopal,Home Office,Retail Store,Technology,Laptops,P10010,C1412,6,25814.33,0.179,127161.61,87161.07,40000.54,0.3145645922539043,2024,8,Aug,Q3
SO01266,2024-07-22,East,Patna,Consumer,Online,Technology,Laptops,P10043,C1315,9,36604.53,0.2983,231171.91,145950.1,85221.81,0.3686512344860584,2024,7,Jul,Q3
SO01267,2025-06-09,South,Bengaluru,Consumer,Online,Office Supplies,Binders,P10065,C1164,7,802.61,0.1826,4592.44,2858.44,1734.01,0.37757923892309975,2025,6,Jun,Q2
SO01268,2024-05-11,Central,Indore,Consumer,Online,Technology,Phones,P10052,C1370,4,33678.46,0.0668,125714.78,88539.71,37175.07,0.29570962141444307,2024,5,May,Q2
SO01269,2025-10-08,South,Kochi,Corporate,Online,Technology,Printers,P10059,C1416,2,16300.75,0.0605,30628.06,18919.49,11708.57,0.38228245602235333,2025,10,Oct,Q4
SO01270,2023-03-06,East,Patna,Home Office,Retail Store,Technology,Accessories,P10052,C1214,6,33255.17,0.2771,144244.53,87869.9,56374.64,0.3908268826554463,2023,3,Mar,Q1
SO01271,2023-11-13,North,Lucknow,Consumer,Distributor,Furniture,Chairs,P10010,C1179,4,10651.76,0.5212,20401.25,16806.36,3594.89,0.1762093009006801,2023,11,Nov,Q4
SO01272,2024-11-22,East,Kolkata,Consumer,Distributor,Furniture,Bookcases,P10004,C1573,10,5093.64,0.4601,27498.74,22011.46,5487.28,0.19954659740773575,2024,11,Nov,Q4
SO01273,2024-07-26,West,Ahmedabad,Corporate,Online,Technology,Printers,P10098,C1388,4,13911.02,0.1185,49047.87,31590.37,17457.5,0.3559277905442173,2024,7,Jul,Q3
SO01274,2023-06-19,Central,Raipur,Home Office,Distributor,Office Supplies,Binders,P10024,C1344,6,723.33,0.3127,2982.87,1694.22,1288.65,0.43201681601947123,2023,6,Jun,Q2
SO01275,2023-02-15,East,Bhubaneswar,Consumer,Retail Store,Technology,Accessories,P10037,C1110,5,17758.04,0.2962,62491.69,39855.14,22636.54,0.3622328024734169,2023,2,Feb,Q1
SO01276,2023-07-13,North,Lucknow,Consumer,Retail Store,Furniture,Bookcases,P10031,C1262,5,10494.39,0.1922,42384.38,33641.44,8742.94,0.20627740691264096,2023,7,Jul,Q3
SO01277,2023-12-10,South,Bengaluru,Consumer,Retail Store,Furniture,Tables,P10090,C1133,4,8852.47,0.5207,16971.05,12599.87,4371.18,0.2575668564997452,2023,12,Dec,Q4
SO01278,2024-06-11,East,Guwahati,Consumer,Distributor,Office Supplies,Binders,P10087,C1034,5,533.21,0.1178,2352.12,1284.75,1067.36,0.4537863714436338,2024,6,Jun,Q2
SO01279,2025-11-08,East,Kolkata,Home Office,Retail Store,Office Supplies,Envelopes,P10087,C1157,3,535.01,0.1821,1312.83,846.8,466.03,0.3549812237685001,2025,11,Nov,Q4
SO01280,2023-01-26,South,Chennai,Corporate,Online,Furniture,Chairs,P10066,C1198,6,10033.46,0.2169,47144.38,31342.24,15802.13,0.33518586945039897,2023,1,Jan,Q1
SO01281,2024-07-17,Central,Raipur,Home Office,Retail Store,Office Supplies,Paper,P10069,C1516,6,150.0,0.276,651.56,410.08,241.48,0.3706182086070354,2024,7,Jul,Q3
SO01282,2023-10-08,Central,Nagpur,Corporate,Retail Store,Technology,Phones,P10078,C1441,7,32786.84,0.2516,171753.56,101474.12,70279.43,0.40918761742114684,2023,10,Oct,Q4
SO01283,2023-04-22,East,Patna,Corporate,Retail Store,Technology,Printers,P10096,C1162,2,23733.49,0.3348,31574.15,17579.0,13995.15,0.44324708661990897,2023,4,Apr,Q2
SO01284,2025-11-10,South,Bengaluru,Consumer,Retail Store,Furniture,Tables,P10037,C1291,8,8452.43,0.55,30428.73,21746.82,8681.91,0.2853194990392304,2025,11,Nov,Q4
SO01285,2024-10-29,East,Patna,Consumer,Online,Technology,Phones,P10035,C1318,5,17757.69,0.2275,68591.95,53437.01,15154.94,0.22094341974531997,2024,10,Oct,Q4
SO01286,2024-12-02,South,Chennai,Corporate,Online,Office Supplies,Paper,P10025,C1413,2,443.25,0.2598,656.21,398.61,257.59,0.3925420216089361,2024,12,Dec,Q4
SO01287,2025-10-22,South,Bengaluru,Home Office,Retail Store,Furniture,Chairs,P10048,C1422,3,13963.91,0.55,18851.28,13795.98,5055.3,0.26816746661234675,2025,10,Oct,Q4
SO01288,2024-04-10,West,Mumbai,Consumer,Retail Store,Office Supplies,Pens,P10100,C1229,5,1582.29,0.1451,6763.84,4317.69,2446.15,0.36165107394616075,2024,4,Apr,Q2
SO01289,2023-03-10,North,Jaipur,Consumer,Retail Store,Furniture,Chairs,P10052,C1038,7,11412.24,0.1778,65681.52,46852.28,18829.25,0.28667500386714556,2023,3,Mar,Q1
SO01290,2025-04-25,South,Hyderabad,Corporate,Online,Technology,Laptops,P10003,C1439,9,27746.29,0.401,149578.68,88101.36,61477.32,0.41100322586079785,2025,4,Apr,Q2
SO01291,2024-06-13,East,Bhubaneswar,Corporate,Online,Office Supplies,Envelopes,P10011,C1169,1,663.84,0.0901,603.99,330.32,273.68,0.4531200847696154,2024,6,Jun,Q2
SO01292,2024-07-31,West,Ahmedabad,Corporate,Distributor,Furniture,Tables,P10093,C1047,5,10403.01,0.2511,38952.46,29695.15,9257.31,0.23765662040343535,2024,7,Jul,Q3
SO01293,2024-01-03,East,Bhubaneswar,Consumer,Retail Store,Technology,Printers,P10079,C1243,2,22334.17,0.2317,34316.87,20719.9,13596.97,0.3962182448457566,2024,1,Jan,Q1
SO01294,2023-12-16,Central,Nagpur,Home Office,Online,Office Supplies,Pens,P10035,C1412,4,1034.74,0.3255,2791.52,1595.53,1195.99,0.42843683727861526,2023,12,Dec,Q4
SO01295,2024-09-21,East,Bhubaneswar,Consumer,Online,Technology,Accessories,P10064,C1563,2,29747.75,0.1306,51726.27,37594.31,14131.95,0.27320643843060793,2024,9,Sep,Q3
SO01296,2023-08-29,North,Lucknow,Home Office,Distributor,Furniture,Storage,P10037,C1080,1,7034.77,0.1751,5802.73,3829.31,1973.42,0.34008475321098863,2023,8,Aug,Q3
SO01297,2025-06-12,Central,Indore,Consumer,Retail Store,Technology,Accessories,P10067,C1432,6,27476.62,0.1614,138252.66,88467.5,49785.16,0.36010272786071534,2025,6,Jun,Q2
SO01298,2025-08-05,West,Ahmedabad,Consumer,Retail Store,Technology,Phones,P10013,C1523,1,23812.53,0.0953,21544.35,16690.59,4853.77,0.22529201391548134,2025,8,Aug,Q3
SO01299,2023-07-24,West,Ahmedabad,Home Office,Online,Technology,Laptops,P10079,C1200,3,16109.73,0.4783,25213.24,17979.58,7233.66,0.286899264037466,2023,7,Jul,Q3
SO01300,2023-08-31,Central,Indore,Consumer,Online,Office Supplies,Paper,P10037,C1571,9,1219.55,0.1942,8844.23,5010.68,3833.55,0.43345209249420247,2023,8,Aug,Q3
SO01301,2023-05-21,West,Mumbai,Consumer,Online,Technology,Accessories,P10055,C1475,3,22133.64,0.3385,43924.42,30033.98,13890.44,0.31623502370663065,2023,5,May,Q2
SO01302,2023-05-25,West,Ahmedabad,Consumer,Online,Furniture,Storage,P10082,C1087,3,5616.94,0.223,13093.58,9752.07,3341.51,0.25520216777993493,2023,5,May,Q2
SO01303,2024-04-06,Central,Raipur,Consumer,Online,Technology,Printers,P10002,C1275,10,19994.5,0.2032,159310.44,101019.93,58290.51,0.3658925931031262,2024,4,Apr,Q2
SO01304,2025-05-13,North,Delhi,Consumer,Online,Furniture,Tables,P10075,C1169,6,5889.48,0.4723,18648.41,14115.74,4532.67,0.243059327846181,2025,5,May,Q2
SO01305,2025-10-27,North,Jaipur,Home Office,Retail Store,Office Supplies,Binders,P10047,C1402,10,756.9,0.2141,5948.67,3958.27,1990.4,0.334595800405805,2025,10,Oct,Q4
SO01306,2025-04-03,North,Delhi,Consumer,Retail Store,Office Supplies,Envelopes,P10022,C1025,2,1181.25,0.1226,2072.77,1141.44,931.33,0.4493166149645161,2025,4,Apr,Q2
SO01307,2024-05-08,East,Bhubaneswar,Consumer,Online,Technology,Accessories,P10038,C1233,7,28482.17,0.1869,162108.03,106424.32,55683.71,0.3434975429656384,2024,5,May,Q2
SO01308,2025-09-06,North,Jaipur,Corporate,Distributor,Office Supplies,Pens,P10024,C1039,5,1515.84,0.311,5221.92,2945.53,2276.39,0.4359296963568955,2025,9,Sep,Q3
SO01309,2025-02-14,South,Bengaluru,Home Office,Online,Furniture,Bookcases,P10010,C1073,4,8226.56,0.4595,17786.95,11820.24,5966.7,0.33545380180413165,2025,2,Feb,Q1
SO01310,2025-05-18,South,Bengaluru,Corporate,Distributor,Technology,Phones,P10074,C1594,7,29218.85,0.1909,165478.76,114940.69,50538.08,0.30540523750600984,2025,5,May,Q2
SO01311,2023-08-22,East,Guwahati,Consumer,Online,Office Supplies,Paper,P10033,C1237,6,520.56,0.2892,2220.15,1301.94,918.21,0.41358016350246607,2023,8,Aug,Q3
SO01312,2023-08-01,South,Chennai,Consumer,Online,Furniture,Tables,P10072,C1438,7,7446.44,0.4877,26704.55,18475.99,8228.56,0.3081332581900837,2023,8,Aug,Q3
SO01313,2024-11-01,Central,Raipur,Corporate,Distributor,Furniture,Tables,P10017,C1455,2,7412.65,0.3527,9595.77,6931.41,2664.36,0.2776598438687046,2024,11,Nov,Q4
SO01314,2025-06-14,East,Bhubaneswar,Home Office,Retail Store,Technology,Accessories,P10023,C1083,10,21007.7,0.1096,187046.08,117498.7,69547.39,0.3718195537698518,2025,6,Jun,Q2
SO01315,2024-11-04,South,Chennai,Corporate,Online,Technology,Printers,P10083,C1502,7,34041.3,0.2936,168333.93,102753.02,65580.91,0.38958818343990426,2024,11,Nov,Q4
SO01316,2024-12-16,South,Hyderabad,Home Office,Retail Store,Technology,Phones,P10038,C1383,10,15100.0,0.182,123515.22,84751.42,38763.79,0.3138381650455709,2024,12,Dec,Q4
SO01317,2025-07-05,South,Bengaluru,Consumer,Retail Store,Office Supplies,Envelopes,P10006,C1090,4,536.76,0.55,966.18,569.48,396.69,0.4105756691299758,2025,7,Jul,Q3
SO01318,2025-06-23,Central,Bhopal,Consumer,Retail Store,Furniture,Storage,P10100,C1586,3,3392.48,0.2009,8132.88,6299.07,1833.81,0.22548101041697405,2025,6,Jun,Q2
SO01319,2023-09-28,South,Bengaluru,Corporate,Online,Technology,Printers,P10020,C1270,5,30382.33,0.1599,127620.59,89052.79,38567.8,0.30220672071802834,2023,9,Sep,Q3
SO01320,2023-03-26,West,Pune,Consumer,Retail Store,Furniture,Storage,P10035,C1286,8,5753.38,0.1539,38944.38,28062.03,10882.35,0.279433130017733,2023,3,Mar,Q1
SO01321,2024-09-14,South,Chennai,Home Office,Retail Store,Technology,Accessories,P10075,C1257,7,15464.65,0.1643,90461.31,61575.84,28885.47,0.3193129747955231,2024,9,Sep,Q3
SO01322,2023-03-28,South,Bengaluru,Home Office,Online,Furniture,Tables,P10096,C1301,4,9859.41,0.4338,22328.87,14892.13,7436.74,0.3330549194831624,2023,3,Mar,Q1
SO01323,2024-10-04,North,Lucknow,Consumer,Distributor,Furniture,Chairs,P10053,C1064,6,9647.63,0.258,42949.96,32282.44,10667.51,0.24837066204485406,2024,10,Oct,Q4
SO01324,2023-09-19,East,Guwahati,Home Office,Online,Technology,Laptops,P10058,C1555,4,11786.29,0.2613,34828.33,21121.97,13706.36,0.39354054587170845,2023,9,Sep,Q3
SO01325,2024-02-14,East,Patna,Consumer,Retail Store,Technology,Accessories,P10006,C1095,10,9219.96,0.0346,89014.06,59751.28,29262.78,0.328743346837567,2024,2,Feb,Q1
SO01326,2023-06-11,Central,Indore,Consumer,Retail Store,Technology,Printers,P10088,C1212,7,22920.39,0.3324,107108.08,68857.18,38250.9,0.3571243177918977,2023,6,Jun,Q2
SO01327,2023-09-27,Central,Bhopal,Consumer,Distributor,Office Supplies,Pens,P10016,C1528,5,1028.68,0.3428,3380.13,1736.28,1643.85,0.4863274489442713,2023,9,Sep,Q3
SO01328,2024-07-07,South,Chennai,Consumer,Retail Store,Technology,Printers,P10082,C1398,8,19229.23,0.5206,73750.04,44883.87,28866.16,0.39140534703438806,2024,7,Jul,Q3
SO01329,2023-07-08,North,Delhi,Corporate,Retail Store,Office Supplies,Pens,P10004,C1570,6,852.3,0.2953,3603.62,2265.64,1337.98,0.3712877606406891,2023,7,Jul,Q3
SO01330,2023-06-22,North,Chandigarh,Consumer,Online,Technology,Phones,P10068,C1098,2,26467.13,0.1295,46080.18,27965.77,18114.41,0.39310632033121395,2023,6,Jun,Q2
SO01331,2025-09-01,South,Kochi,Corporate,Online,Office Supplies,Paper,P10072,C1448,5,615.82,0.0665,2874.35,1551.09,1323.26,0.4603684311235584,2025,9,Sep,Q3
SO01332,2025-12-08,Central,Bhopal,Consumer,Distributor,Furniture,Chairs,P10072,C1330,8,8279.18,0.134,57360.1,45855.02,11505.08,0.20057635882782632,2025,12,Dec,Q4
SO01333,2023-11-21,West,Surat,Consumer,Distributor,Furniture,Bookcases,P10074,C1084,5,10130.87,0.4062,30081.05,24816.61,5264.44,0.1750085186521082,2023,11,Nov,Q4
SO01334,2025-04-20,East,Bhubaneswar,Home Office,Online,Technology,Accessories,P10080,C1316,2,27517.6,0.2894,39109.31,24959.11,14150.19,0.36181129250298716,2025,4,Apr,Q2
SO01335,2025-10-02,South,Hyderabad,Corporate,Distributor,Technology,Printers,P10050,C1256,9,26377.24,0.2909,168344.53,119204.84,49139.68,0.29189947543885153,2025,10,Oct,Q4
SO01336,2024-05-22,East,Bhubaneswar,Consumer,Retail Store,Furniture,Chairs,P10051,C1315,5,7087.19,0.2869,25267.95,17813.34,7454.61,0.2950223504478994,2024,5,May,Q2
SO01337,2024-09-10,West,Pune,Consumer,Online,Furniture,Chairs,P10058,C1030,2,12100.85,0.2823,17369.71,12742.42,4627.29,0.26639995716681514,2024,9,Sep,Q3
SO01338,2023-02-25,West,Mumbai,Consumer,Online,Furniture,Bookcases,P10036,C1553,4,6828.27,0.2165,21399.38,17972.36,3427.02,0.16014576123233476,2023,2,Feb,Q1
SO01339,2025-02-28,East,Bhubaneswar,Home Office,Online,Furniture,Storage,P10034,C1327,9,7838.36,0.1862,57407.46,37484.71,19922.75,0.3470411336784453,2025,2,Feb,Q1
SO01340,2024-08-17,East,Kolkata,Consumer,Retail Store,Furniture,Chairs,P10079,C1363,5,4852.67,0.1906,19637.9,13207.17,6430.72,0.32746474928581976,2024,8,Aug,Q3
SO01341,2023-04-27,North,Chandigarh,Corporate,Online,Office Supplies,Binders,P10010,C1059,2,1065.99,0.0717,1979.23,1018.3,960.93,0.4855069900921065,2023,4,Apr,Q2
SO01342,2025-05-06,North,Jaipur,Consumer,Distributor,Office Supplies,Paper,P10009,C1140,3,1052.87,0.4461,1749.69,1063.02,686.67,0.3924523772782607,2025,5,May,Q2
SO01343,2025-01-15,East,Kolkata,Consumer,Online,Office Supplies,Paper,P10046,C1243,6,849.75,0.2307,3922.42,2211.51,1710.9,0.43618480427899103,2025,1,Jan,Q1
SO01344,2024-12-01,South,Bengaluru,Consumer,Online,Technology,Phones,P10069,C1355,2,17495.24,0.2909,24811.17,16597.16,8214.01,0.3310609697164624,2024,12,Dec,Q4
SO01345,2023-05-31,East,Guwahati,Consumer,Online,Furniture,Chairs,P10064,C1583,1,9607.86,0.1833,7847.18,5579.49,2267.69,0.2889815194757862,2023,5,May,Q2
SO01346,2025-11-14,East,Patna,Corporate,Online,Furniture,Storage,P10043,C1252,5,9486.01,0.346,31021.42,21086.46,9934.96,0.3202612904244873,2025,11,Nov,Q4
SO01347,2024-03-05,South,Hyderabad,Consumer,Online,Furniture,Chairs,P10029,C1197,1,5898.67,0.3402,3892.09,2718.67,1173.42,0.30148840340279903,2024,3,Mar,Q1
SO01348,2025-02-14,South,Chennai,Home Office,Online,Furniture,Bookcases,P10060,C1554,4,10788.58,0.1889,35000.55,28586.05,6414.5,0.18326854863709283,2025,2,Feb,Q1
SO01349,2024-01-10,Central,Raipur,Home Office,Online,Furniture,Storage,P10070,C1051,4,9633.31,0.0955,34854.36,26683.45,8170.92,0.23443035534148382,2024,1,Jan,Q1
SO01350,2025-11-12,East,Patna,Consumer,Online,Furniture,Bookcases,P10100,C1436,1,4014.24,0.4827,2076.44,1497.05,579.38,0.27902564003775693,2025,11,Nov,Q4
SO01351,2025-10-29,South,Chennai,Consumer,Online,Technology,Printers,P10016,C1090,6,11859.7,0.55,32021.18,20935.57,11085.62,0.34619648620069593,2025,10,Oct,Q4
SO01352,2025-12-31,East,Patna,Corporate,Distributor,Technology,Accessories,P10079,C1214,10,27309.11,0.2486,205200.76,138613.64,66587.12,0.32449743363523603,2025,12,Dec,Q4
SO01353,2024-02-27,West,Pune,Consumer,Retail Store,Furniture,Bookcases,P10013,C1536,2,9825.84,0.4861,10099.9,6941.92,3157.98,0.31267438291468236,2024,2,Feb,Q1
SO01354,2025-08-18,Central,Bhopal,Corporate,Online,Furniture,Storage,P10074,C1256,4,10322.36,0.2393,31407.84,22123.84,9284.0,0.29559498520114724,2025,8,Aug,Q3
SO01355,2023-04-10,Central,Raipur,Consumer,Distributor,Furniture,Bookcases,P10049,C1482,5,10484.64,0.2064,41601.06,29775.35,11825.72,0.28426487209700907,2023,4,Apr,Q2
SO01356,2025-02-05,South,Hyderabad,Corporate,Online,Technology,Laptops,P10099,C1303,5,18271.32,0.3969,55097.28,34273.99,20823.29,0.377936805591855,2025,2,Feb,Q1
SO01357,2024-07-10,Central,Indore,Consumer,Distributor,Furniture,Bookcases,P10027,C1137,2,11972.85,0.336,15900.85,11639.1,4261.75,0.2680202630676976,2024,7,Jul,Q3
SO01358,2024-11-19,West,Ahmedabad,Consumer,Online,Furniture,Bookcases,P10063,C1054,5,8019.54,0.4236,23110.83,15489.5,7621.33,0.32977309772085206,2024,11,Nov,Q4
SO01359,2025-02-04,North,Jaipur,Home Office,Online,Technology,Printers,P10091,C1410,3,29639.44,0.2605,65753.18,41014.0,24739.18,0.3762430957711856,2025,2,Feb,Q1
SO01360,2025-05-26,East,Patna,Corporate,Retail Store,Office Supplies,Paper,P10020,C1459,9,674.49,0.2817,4360.42,2513.52,1846.9,0.4235601157686645,2025,5,May,Q2
SO01361,2023-01-06,North,Chandigarh,Consumer,Distributor,Furniture,Chairs,P10099,C1434,4,7286.17,0.2101,23022.38,15447.98,7574.4,0.3290016062631231,2023,1,Jan,Q1
SO01362,2025-04-13,West,Ahmedabad,Consumer,Online,Office Supplies,Envelopes,P10082,C1514,7,1199.82,0.274,6097.43,3817.79,2279.64,0.37386899070592033,2025,4,Apr,Q2
SO01363,2025-05-11,North,Lucknow,Home Office,Retail Store,Technology,Phones,P10047,C1026,10,24349.28,0.2485,182979.58,120117.47,62862.12,0.3435471870686336,2025,5,May,Q2
SO01364,2023-10-29,West,Ahmedabad,Consumer,Online,Furniture,Bookcases,P10041,C1101,9,8703.63,0.1507,66525.16,53090.65,13434.52,0.20194645153803462,2023,10,Oct,Q4
SO01365,2024-07-26,South,Chennai,Home Office,Online,Technology,Phones,P10017,C1087,4,25422.09,0.455,55422.58,36458.16,18964.42,0.34217858497384995,2024,7,Jul,Q3
SO01366,2025-11-21,East,Patna,Corporate,Retail Store,Furniture,Tables,P10017,C1128,10,7211.18,0.55,32450.31,24507.58,7942.72,0.24476561240863337,2025,11,Nov,Q4
SO01367,2025-01-08,West,Surat,Home Office,Retail Store,Furniture,Storage,P10041,C1363,6,11000.78,0.1118,58625.79,46110.26,12515.54,0.2134818140616954,2025,1,Jan,Q1
SO01368,2024-10-06,South,Hyderabad,Corporate,Retail Store,Office Supplies,Paper,P10038,C1339,2,431.88,0.0696,803.68,489.28,314.4,0.3912004778021103,2024,10,Oct,Q4
SO01369,2023-11-08,West,Pune,Consumer,Distributor,Office Supplies,Binders,P10081,C1535,7,1355.8,0.55,4270.78,2767.97,1502.8,0.35187951615395785,2023,11,Nov,Q4
SO01370,2023-05-21,West,Mumbai,Corporate,Retail Store,Technology,Phones,P10009,C1333,1,23174.28,0.5082,11398.05,7906.37,3491.68,0.3063401195818583,2023,5,May,Q2
SO01371,2024-01-30,North,Delhi,Home Office,Retail Store,Office Supplies,Pens,P10018,C1580,2,568.23,0.1853,925.87,535.58,390.29,0.4215386609351205,2024,1,Jan,Q1
SO01372,2025-04-19,East,Patna,Consumer,Retail Store,Furniture,Storage,P10100,C1437,9,6727.97,0.391,36878.02,25525.94,11352.08,0.3078278063735526,2025,4,Apr,Q2
SO01373,2024-10-28,West,Ahmedabad,Consumer,Online,Technology,Accessories,P10043,C1383,2,23365.42,0.2807,33614.89,21248.19,12366.69,0.3678932163692935,2024,10,Oct,Q4
SO01374,2024-08-03,Central,Bhopal,Corporate,Retail Store,Technology,Accessories,P10009,C1403,2,26171.12,0.0861,47833.37,35645.68,12187.69,0.2547947175789621,2024,8,Aug,Q3
SO01375,2025-07-24,West,Surat,Consumer,Retail Store,Office Supplies,Pens,P10015,C1311,7,1269.6,0.2433,6725.34,3777.28,2948.06,0.43835107221344943,2025,7,Jul,Q3
SO01376,2024-01-18,South,Chennai,Consumer,Online,Furniture,Chairs,P10016,C1476,9,4806.69,0.2659,31756.39,22824.35,8932.04,0.2812674866381223,2024,1,Jan,Q1
SO01377,2023-02-21,Central,Nagpur,Consumer,Online,Furniture,Storage,P10091,C1205,10,8417.93,0.3007,58862.43,41568.21,17294.22,0.29380744220039845,2023,2,Feb,Q1
SO01378,2025-04-19,South,Hyderabad,Corporate,Retail Store,Technology,Phones,P10085,C1230,7,22033.94,0.2088,122025.79,74049.84,47975.95,0.3931623798542915,2025,4,Apr,Q2
SO01379,2024-02-01,North,Jaipur,Consumer,Retail Store,Technology,Accessories,P10003,C1041,8,26931.87,0.55,96954.72,60126.05,36828.67,0.3798543278759404,2024,2,Feb,Q1
SO01380,2025-12-18,East,Patna,Corporate,Distributor,Furniture,Bookcases,P10095,C1087,5,9141.55,0.1566,38549.89,26809.06,11740.83,0.3045619585425536,2025,12,Dec,Q4
SO01381,2025-01-12,Central,Indore,Corporate,Online,Office Supplies,Binders,P10075,C1599,4,863.54,0.4316,1963.18,1137.22,825.96,0.4207255575138296,2025,1,Jan,Q1
SO01382,2025-11-11,North,Jaipur,Home Office,Online,Technology,Laptops,P10092,C1430,5,7422.23,0.2629,27355.98,17200.49,10155.49,0.37123473551303954,2025,11,Nov,Q4
SO01383,2024-06-06,Central,Bhopal,Consumer,Online,Office Supplies,Paper,P10092,C1469,3,909.8,0.2725,1985.55,1049.63,935.92,0.471365616579789,2024,6,Jun,Q2
SO01384,2025-07-13,East,Guwahati,Consumer,Retail Store,Furniture,Bookcases,P10047,C1083,10,11273.7,0.2962,79341.26,58406.85,20934.41,0.2638527545441048,2025,7,Jul,Q3
SO01385,2024-04-22,Central,Nagpur,Consumer,Retail Store,Technology,Accessories,P10049,C1536,8,16152.65,0.0477,123054.02,66666.47,56387.55,0.4582341153909478,2024,4,Apr,Q2
SO01386,2023-11-27,North,Lucknow,Consumer,Distributor,Technology,Printers,P10046,C1328,1,28893.87,0.1532,24467.05,18169.2,6297.85,0.2574012804976489,2023,11,Nov,Q4
SO01387,2024-05-26,North,Delhi,Consumer,Online,Furniture,Tables,P10023,C1189,5,13755.49,0.2619,50762.38,36339.22,14423.15,0.2841306889078093,2024,5,May,Q2
SO01388,2023-01-08,South,Hyderabad,Home Office,Online,Technology,Phones,P10053,C1316,9,15541.29,0.1535,118396.08,83944.47,34451.6,0.29098598534681214,2023,1,Jan,Q1
SO01389,2025-01-06,West,Pune,Consumer,Retail Store,Office Supplies,Pens,P10061,C1261,10,592.17,0.0845,5421.04,3634.3,1786.73,0.32959173885453713,2025,1,Jan,Q1
SO01390,2024-08-24,North,Jaipur,Consumer,Online,Office Supplies,Envelopes,P10057,C1430,10,988.59,0.384,6089.3,3349.89,2739.42,0.4498743697961999,2024,8,Aug,Q3
SO01391,2023-03-24,East,Bhubaneswar,Corporate,Online,Furniture,Chairs,P10073,C1557,4,9581.23,0.55,17246.21,13179.28,4066.93,0.23581586910979283,2023,3,Mar,Q1
SO01392,2023-01-22,North,Delhi,Home Office,Distributor,Furniture,Tables,P10074,C1584,5,9478.56,0.1402,40746.97,31296.67,9450.31,0.23192669295410184,2023,1,Jan,Q1
SO01393,2024-07-24,East,Guwahati,Corporate,Distributor,Technology,Phones,P10085,C1369,5,20069.39,0.209,79370.47,54334.6,25035.87,0.3154305373270437,2024,7,Jul,Q3
SO01394,2025-06-17,North,Delhi,Consumer,Online,Technology,Printers,P10043,C1176,7,27023.17,0.4372,106463.14,69001.71,37461.43,0.35187230059154745,2025,6,Jun,Q2
SO01395,2025-09-30,South,Bengaluru,Consumer,Online,Office Supplies,Binders,P10040,C1115,5,710.38,0.55,1598.36,995.13,603.23,0.3774055907304988,2025,9,Sep,Q3
SO01396,2025-01-27,Central,Nagpur,Consumer,Online,Furniture,Chairs,P10064,C1201,9,10684.25,0.3901,58646.83,46134.21,12512.61,0.21335526574923147,2025,1,Jan,Q1
SO01397,2023-05-20,East,Kolkata,Home Office,Distributor,Technology,Phones,P10021,C1577,2,22482.1,0.2104,35505.77,23064.99,12440.78,0.35038755672669547,2023,5,May,Q2
SO01398,2025-05-28,West,Mumbai,Corporate,Online,Office Supplies,Envelopes,P10026,C1030,2,1095.21,0.2981,1537.36,966.79,570.57,0.371136233543217,2025,5,May,Q2
SO01399,2023-12-23,Central,Indore,Home Office,Retail Store,Technology,Printers,P10031,C1511,8,25558.79,0.2611,151089.8,109453.79,41636.01,0.2755712827735559,2023,12,Dec,Q4
SO01400,2023-02-26,Central,Bhopal,Consumer,Online,Technology,Printers,P10042,C1087,5,20732.11,0.2195,80902.27,50697.97,30204.3,0.373343047111039,2023,2,Feb,Q1
SO01401,2023-10-20,Central,Bhopal,Home Office,Online,Furniture,Chairs,P10024,C1393,1,7093.61,0.2699,5179.16,3918.42,1260.75,0.24342750561867177,2023,10,Oct,Q4
SO01402,2023-10-24,West,Mumbai,Corporate,Online,Office Supplies,Binders,P10037,C1209,5,641.74,0.4359,1810.03,1093.02,717.01,0.39613155583056636,2023,10,Oct,Q4
SO01403,2024-06-02,South,Hyderabad,Corporate,Online,Office Supplies,Binders,P10040,C1239,7,1336.95,0.1484,7970.05,4575.12,3394.92,0.4259596865766212,2024,6,Jun,Q2
SO01404,2023-11-28,West,Surat,Corporate,Retail Store,Furniture,Storage,P10023,C1407,4,9526.42,0.2613,28146.84,20209.1,7937.74,0.28201176402040157,2023,11,Nov,Q4
SO01405,2023-10-04,Central,Nagpur,Consumer,Online,Technology,Phones,P10025,C1302,7,22236.28,0.1362,134456.34,95860.69,38595.66,0.2870497590518975,2023,10,Oct,Q4
SO01406,2025-11-24,North,Chandigarh,Home Office,Retail Store,Furniture,Storage,P10015,C1026,5,7725.65,0.2244,29961.39,22207.34,7754.05,0.2588014107489673,2025,11,Nov,Q4
SO01407,2023-09-12,North,Jaipur,Home Office,Distributor,Office Supplies,Paper,P10079,C1519,4,561.09,0.3827,1385.53,938.01,447.51,0.32298831494085295,2023,9,Sep,Q3
SO01408,2024-09-07,North,Lucknow,Consumer,Retail Store,Office Supplies,Envelopes,P10047,C1114,5,430.9,0.2428,1631.34,919.31,712.03,0.43646940551938895,2024,9,Sep,Q3
SO01409,2023-09-28,West,Mumbai,Home Office,Online,Office Supplies,Paper,P10024,C1154,4,1240.23,0.2952,3496.24,2395.43,1100.8,0.3148525272864563,2023,9,Sep,Q3
SO01410,2025-11-28,West,Pune,Consumer,Distributor,Technology,Phones,P10094,C1385,4,16568.54,0.0688,61713.18,43003.67,18709.51,0.3031687882556044,2025,11,Nov,Q4
SO01411,2023-10-08,Central,Bhopal,Consumer,Online,Office Supplies,Envelopes,P10093,C1223,3,761.36,0.4919,1160.54,625.35,535.19,0.4611560135798853,2023,10,Oct,Q4
SO01412,2025-07-04,East,Kolkata,Corporate,Retail Store,Technology,Phones,P10016,C1139,9,26666.04,0.2517,179579.82,120801.42,58778.4,0.3273107189883585,2025,7,Jul,Q3
SO01413,2023-05-07,South,Chennai,Corporate,Online,Furniture,Storage,P10041,C1310,5,11251.07,0.1217,49408.83,35267.13,14141.7,0.28621807073755845,2023,5,May,Q2
SO01414,2025-06-19,North,Delhi,Consumer,Distributor,Technology,Phones,P10020,C1001,1,24893.5,0.0411,23870.77,18207.97,5662.79,0.2372269516232614,2025,6,Jun,Q2
SO01415,2025-05-25,South,Bengaluru,Consumer,Retail Store,Furniture,Tables,P10088,C1407,6,8532.9,0.3315,34224.36,24791.4,9432.96,0.27562122418067125,2025,5,May,Q2
SO01416,2025-03-04,Central,Indore,Consumer,Distributor,Office Supplies,Pens,P10019,C1304,4,793.32,0.2873,2261.67,1303.69,957.98,0.42357196231103567,2025,3,Mar,Q1
SO01417,2024-09-30,East,Guwahati,Corporate,Retail Store,Technology,Laptops,P10092,C1587,5,14045.37,0.201,56111.7,36690.84,19420.87,0.34611088240064014,2024,9,Sep,Q3
SO01418,2025-12-25,East,Patna,Consumer,Retail Store,Office Supplies,Envelopes,P10003,C1422,10,886.91,0.2178,6937.34,3538.22,3399.12,0.48997454355704056,2025,12,Dec,Q4
SO01419,2024-11-24,South,Chennai,Corporate,Online,Office Supplies,Pens,P10093,C1536,4,1248.3,0.227,3859.52,2136.25,1723.27,0.4464985283144018,2024,11,Nov,Q4
SO01420,2024-04-23,East,Kolkata,Home Office,Online,Furniture,Tables,P10044,C1280,4,7911.66,0.4854,16286.15,11306.24,4979.9,0.3057751525068847,2024,4,Apr,Q2
SO01421,2025-05-31,East,Kolkata,Home Office,Online,Office Supplies,Binders,P10027,C1259,4,579.58,0.0647,2168.25,1335.47,832.78,0.3840793266459126,2025,5,May,Q2
SO01422,2023-11-05,West,Ahmedabad,Home Office,Retail Store,Office Supplies,Pens,P10087,C1458,1,1422.5,0.1387,1225.14,725.68,499.46,0.4076758574530257,2023,11,Nov,Q4
SO01423,2025-07-08,West,Ahmedabad,Home Office,Distributor,Office Supplies,Binders,P10018,C1440,9,905.91,0.4104,4807.5,2524.09,2283.41,0.4749682787311492,2025,7,Jul,Q3
SO01424,2025-01-30,South,Bengaluru,Corporate,Online,Furniture,Chairs,P10016,C1037,3,8827.83,0.2475,19929.41,14492.9,5436.51,0.2727883063271818,2025,1,Jan,Q1
SO01425,2023-02-08,West,Ahmedabad,Home Office,Retail Store,Furniture,Bookcases,P10083,C1005,10,7370.01,0.1273,64321.22,46175.85,18145.37,0.28210550110834337,2023,2,Feb,Q1
SO01426,2023-01-29,West,Ahmedabad,Home Office,Retail Store,Furniture,Tables,P10065,C1400,4,10194.89,0.2518,30510.23,21063.31,9446.91,0.3096309008486662,2023,1,Jan,Q1
SO01427,2023-04-16,Central,Indore,Consumer,Retail Store,Furniture,Storage,P10097,C1216,4,8283.06,0.2447,25023.39,19627.56,5395.82,0.21563105558439524,2023,4,Apr,Q2
SO01428,2025-08-12,West,Pune,Consumer,Online,Office Supplies,Envelopes,P10043,C1572,9,825.95,0.137,6415.46,4150.01,2265.45,0.35312354842832777,2025,8,Aug,Q3
SO01429,2024-09-12,South,Hyderabad,Corporate,Online,Furniture,Bookcases,P10062,C1211,7,5392.12,0.1765,31084.38,23579.39,7504.99,0.24143926949805655,2024,9,Sep,Q3
SO01430,2024-06-26,North,Lucknow,Home Office,Distributor,Furniture,Storage,P10080,C1242,3,8860.52,0.4287,15185.51,11216.12,3969.38,0.26139260387040014,2024,6,Jun,Q2
SO01431,2025-05-29,East,Kolkata,Home Office,Online,Office Supplies,Paper,P10044,C1225,10,1365.83,0.304,9505.64,4766.11,4739.52,0.49860083066474226,2025,5,May,Q2
SO01432,2023-12-22,East,Bhubaneswar,Corporate,Distributor,Furniture,Chairs,P10011,C1536,1,6773.55,0.2282,5227.55,3734.67,1492.88,0.2855792866639248,2023,12,Dec,Q4
SO01433,2024-03-25,East,Guwahati,Consumer,Online,Technology,Printers,P10017,C1470,7,13024.21,0.3112,62795.04,43661.67,19133.36,0.3046954026942255,2024,3,Mar,Q1
SO01434,2024-07-04,North,Delhi,Consumer,Retail Store,Technology,Laptops,P10010,C1563,4,27157.43,0.2231,84398.6,49063.57,35335.03,0.4186684376281123,2024,7,Jul,Q3
SO01435,2023-02-24,West,Mumbai,Consumer,Online,Furniture,Tables,P10057,C1522,1,8255.21,0.1695,6855.98,4980.71,1875.26,0.2735218014054884,2023,2,Feb,Q1
SO01436,2023-01-13,Central,Nagpur,Consumer,Retail Store,Office Supplies,Envelopes,P10008,C1204,7,1123.82,0.1697,6532.04,4511.52,2020.52,0.3093244989314211,2023,1,Jan,Q1
SO01437,2024-04-16,North,Chandigarh,Home Office,Distributor,Furniture,Bookcases,P10073,C1151,6,8162.31,0.2794,35291.87,26829.31,8462.56,0.23978780381997325,2024,4,Apr,Q2
SO01438,2025-03-08,South,Hyderabad,Home Office,Online,Technology,Printers,P10005,C1294,7,17833.62,0.361,79769.9,46313.52,33456.38,0.41941108112207737,2025,3,Mar,Q1
SO01439,2023-12-04,East,Patna,Home Office,Online,Furniture,Bookcases,P10076,C1508,5,6152.43,0.2001,24606.24,17551.03,7055.21,0.2867244243736548,2023,12,Dec,Q4
SO01440,2025-04-01,North,Jaipur,Consumer,Distributor,Office Supplies,Paper,P10085,C1458,5,1275.88,0.2321,4898.5,2602.25,2296.25,0.4687659487598244,2025,4,Apr,Q2
SO01441,2024-10-24,Central,Bhopal,Home Office,Online,Technology,Phones,P10024,C1108,10,19958.43,0.3059,138527.94,90657.5,47870.44,0.34556523398817596,2024,10,Oct,Q4
SO01442,2023-01-13,South,Kochi,Corporate,Online,Furniture,Chairs,P10007,C1540,1,11224.68,0.2772,8113.38,5694.02,2419.36,0.298193847693563,2023,1,Jan,Q1
SO01443,2024-02-25,South,Bengaluru,Corporate,Distributor,Office Supplies,Envelopes,P10020,C1358,1,1129.37,0.203,900.08,586.96,313.12,0.3478801884276953,2024,2,Feb,Q1
SO01444,2024-11-20,North,Delhi,Consumer,Retail Store,Furniture,Bookcases,P10073,C1058,5,10604.9,0.3492,34508.31,25611.68,8896.62,0.25781094466811044,2024,11,Nov,Q4
SO01445,2025-05-27,Central,Raipur,Home Office,Distributor,Office Supplies,Envelopes,P10044,C1063,1,1315.49,0.421,761.66,444.56,317.1,0.4163274952078356,2025,5,May,Q2
SO01446,2023-08-27,Central,Bhopal,Corporate,Retail Store,Technology,Laptops,P10077,C1046,1,15227.95,0.1037,13649.46,9538.94,4110.52,0.30114890992024596,2023,8,Aug,Q3
SO01447,2024-12-29,South,Chennai,Corporate,Online,Technology,Printers,P10044,C1578,9,28184.96,0.2032,202121.29,136547.39,65573.9,0.32442846569997646,2024,12,Dec,Q4
SO01448,2025-11-15,Central,Bhopal,Home Office,Online,Furniture,Storage,P10070,C1579,10,6300.39,0.55,28351.77,21035.76,7316.01,0.2580442067638105,2025,11,Nov,Q4
SO01449,2025-10-18,South,Hyderabad,Consumer,Online,Office Supplies,Binders,P10082,C1331,5,692.83,0.4983,1737.9,851.77,886.13,0.5098854939869958,2025,10,Oct,Q4
SO01450,2025-04-10,South,Bengaluru,Corporate,Retail Store,Office Supplies,Envelopes,P10038,C1525,4,1090.96,0.3572,2805.14,1398.07,1407.07,0.5016041980079425,2025,4,Apr,Q2
SO01451,2025-10-09,Central,Raipur,Corporate,Online,Office Supplies,Paper,P10073,C1592,5,1456.42,0.3119,5010.97,2799.93,2211.04,0.44123991961636166,2025,10,Oct,Q4
SO01452,2023-03-18,North,Chandigarh,Corporate,Online,Office Supplies,Paper,P10024,C1272,6,1143.38,0.0769,6332.52,3734.09,2598.43,0.41033111620650226,2023,3,Mar,Q1
SO01453,2023-08-11,East,Patna,Corporate,Online,Furniture,Chairs,P10052,C1047,5,11313.09,0.2636,41656.21,29332.86,12323.35,0.29583464266192244,2023,8,Aug,Q3
SO01454,2025-09-01,North,Chandigarh,Home Office,Online,Office Supplies,Pens,P10067,C1398,7,1295.17,0.386,5567.0,3381.86,2185.14,0.39251661577151065,2025,9,Sep,Q3
SO01455,2024-12-25,North,Lucknow,Corporate,Online,Technology,Phones,P10066,C1436,9,11676.93,0.2302,80898.04,48848.17,32049.87,0.39617610018734695,2024,12,Dec,Q4
SO01456,2024-01-12,North,Chandigarh,Home Office,Retail Store,Office Supplies,Binders,P10073,C1284,6,1162.36,0.294,4923.4,2647.1,2276.29,0.4623410651176017,2024,1,Jan,Q1
SO01457,2024-09-13,North,Jaipur,Home Office,Distributor,Technology,Laptops,P10041,C1344,3,8904.77,0.2798,19239.95,11972.87,7267.08,0.3777078422760974,2024,9,Sep,Q3
SO01458,2024-09-16,Central,Bhopal,Corporate,Retail Store,Technology,Printers,P10020,C1099,9,24866.16,0.2151,175664.51,108827.18,66837.33,0.3804828305956621,2024,9,Sep,Q3
SO01459,2024-07-23,South,Chennai,Consumer,Online,Furniture,Bookcases,P10053,C1237,8,5579.85,0.4355,25200.78,19345.79,5854.99,0.23233368173524788,2024,7,Jul,Q3
SO01460,2023-08-21,Central,Nagpur,Consumer,Online,Office Supplies,Envelopes,P10060,C1474,9,886.96,0.1292,6951.28,4395.61,2555.68,0.36765602881771414,2023,8,Aug,Q3
SO01461,2024-02-16,South,Chennai,Corporate,Online,Technology,Printers,P10018,C1172,2,26390.65,0.3609,33734.62,24629.91,9104.71,0.2698921760494115,2024,2,Feb,Q1
SO01462,2024-06-02,North,Delhi,Corporate,Online,Technology,Phones,P10030,C1136,9,17618.45,0.5463,71943.15,45566.37,26376.78,0.3666336544896908,2024,6,Jun,Q2
SO01463,2025-03-04,West,Pune,Consumer,Retail Store,Technology,Accessories,P10091,C1030,7,19587.37,0.0921,124479.77,89736.43,34743.34,0.2791083241879383,2025,3,Mar,Q1
SO01464,2025-07-10,Central,Bhopal,Consumer,Retail Store,Furniture,Bookcases,P10019,C1320,6,7907.91,0.12,41756.06,31355.52,10400.54,0.24907857685806567,2025,7,Jul,Q3
SO01465,2023-08-03,East,Guwahati,Home Office,Distributor,Office Supplies,Binders,P10037,C1355,2,1612.02,0.3518,2089.81,1238.29,851.52,0.4074628794005197,2023,8,Aug,Q3
SO01466,2025-07-05,North,Jaipur,Consumer,Retail Store,Technology,Printers,P10084,C1034,8,15742.27,0.396,76064.8,51904.4,24160.41,0.31762931079816153,2025,7,Jul,Q3
SO01467,2023-05-05,East,Patna,Corporate,Online,Furniture,Tables,P10091,C1216,5,8952.11,0.296,31513.24,20532.97,10980.27,0.348433547296311,2023,5,May,Q2
SO01468,2023-01-26,West,Ahmedabad,Consumer,Distributor,Furniture,Chairs,P10037,C1222,1,6147.05,0.1071,5488.77,3630.67,1858.1,0.3385275753948516,2023,1,Jan,Q1
SO01469,2025-05-24,East,Patna,Consumer,Online,Technology,Laptops,P10097,C1217,4,25464.11,0.133,88306.33,58572.59,29733.74,0.3367113093704608,2025,5,May,Q2
SO01470,2023-05-19,North,Jaipur,Home Office,Online,Furniture,Storage,P10025,C1205,10,6998.83,0.359,44862.08,30241.83,14620.24,0.3258930482046307,2023,5,May,Q2
SO01471,2024-02-11,West,Mumbai,Corporate,Retail Store,Technology,Printers,P10084,C1208,5,19763.29,0.3198,67213.2,41291.62,25921.58,0.38566204257497044,2024,2,Feb,Q1
SO01472,2024-05-25,West,Pune,Home Office,Online,Technology,Phones,P10069,C1133,2,23327.85,0.211,36812.3,21468.61,15343.69,0.4168087840205583,2024,5,May,Q2
SO01473,2025-06-28,West,Mumbai,Consumer,Online,Office Supplies,Envelopes,P10058,C1486,7,697.45,0.3331,3256.03,1974.6,1281.44,0.39355902740453863,2025,6,Jun,Q2
SO01474,2025-02-08,East,Guwahati,Consumer,Distributor,Furniture,Tables,P10094,C1560,9,7639.83,0.1259,60098.58,39171.78,20926.8,0.3482078944294524,2025,2,Feb,Q1
SO01475,2023-03-17,North,Chandigarh,Consumer,Retail Store,Technology,Printers,P10038,C1530,8,22431.11,0.0788,165308.71,103308.63,62000.09,0.37505640204923263,2023,3,Mar,Q1
SO01476,2023-04-11,North,Jaipur,Corporate,Retail Store,Technology,Printers,P10077,C1394,6,26768.33,0.1919,129787.32,86867.53,42919.79,0.33069324491791646,2023,4,Apr,Q2
SO01477,2023-04-30,North,Jaipur,Consumer,Online,Furniture,Storage,P10073,C1591,5,7285.02,0.22,28412.06,18982.6,9429.45,0.3318819543531866,2023,4,Apr,Q2
SO01478,2023-09-12,West,Mumbai,Consumer,Retail Store,Office Supplies,Binders,P10070,C1576,6,906.62,0.3842,3349.7,1780.16,1569.54,0.4685613637042123,2023,9,Sep,Q3
SO01479,2023-06-03,Central,Bhopal,Home Office,Online,Furniture,Storage,P10038,C1528,5,8357.65,0.5034,20750.14,13202.01,7548.12,0.36376236497681463,2023,6,Jun,Q2
SO01480,2024-03-20,Central,Indore,Corporate,Distributor,Office Supplies,Paper,P10025,C1016,7,1054.02,0.1447,6310.38,3721.45,2588.94,0.4102668935943636,2024,3,Mar,Q1
SO01481,2025-04-07,West,Ahmedabad,Home Office,Online,Office Supplies,Paper,P10049,C1157,5,811.48,0.1628,3396.68,2007.64,1389.05,0.40894343888738416,2025,4,Apr,Q2
SO01482,2024-03-10,East,Kolkata,Corporate,Retail Store,Technology,Phones,P10079,C1366,1,23034.6,0.2342,17638.75,10948.6,6690.16,0.3792876479342357,2024,3,Mar,Q1
SO01483,2024-02-04,West,Surat,Consumer,Online,Technology,Phones,P10015,C1079,10,19123.77,0.2076,151538.0,98552.51,52985.49,0.3496515065528118,2024,2,Feb,Q1
SO01484,2024-02-28,East,Bhubaneswar,Corporate,Retail Store,Technology,Accessories,P10023,C1536,6,27261.87,0.0507,155280.69,110830.55,44450.15,0.28625677796769194,2024,2,Feb,Q1
SO01485,2023-12-09,South,Chennai,Consumer,Online,Technology,Phones,P10073,C1279,4,31268.0,0.1123,111032.23,78511.17,32521.06,0.29289747670563765,2023,12,Dec,Q4
SO01486,2024-09-28,West,Surat,Home Office,Online,Office Supplies,Paper,P10056,C1254,3,624.03,0.3225,1268.33,781.37,486.95,0.3839300497504593,2024,9,Sep,Q3
SO01487,2024-07-24,West,Mumbai,Corporate,Distributor,Technology,Laptops,P10030,C1076,7,13761.27,0.2178,75343.73,55741.68,19602.06,0.2601684307373686,2024,7,Jul,Q3
SO01488,2023-03-26,South,Chennai,Corporate,Distributor,Technology,Printers,P10025,C1324,6,16084.59,0.1216,84776.64,53317.71,31458.94,0.37108028815485017,2023,3,Mar,Q1
SO01489,2023-06-08,East,Bhubaneswar,Consumer,Retail Store,Furniture,Chairs,P10066,C1559,10,7201.17,0.2824,51678.33,38593.88,13084.45,0.25319026369466663,2023,6,Jun,Q2
SO01490,2024-02-03,North,Lucknow,Home Office,Online,Furniture,Storage,P10047,C1565,9,10954.65,0.2972,69293.98,46388.42,22905.56,0.33055627631722123,2024,2,Feb,Q1
SO01491,2024-05-18,West,Ahmedabad,Home Office,Online,Technology,Printers,P10053,C1429,6,17064.4,0.3266,68947.26,43346.3,25600.95,0.3713120724449384,2024,5,May,Q2
SO01492,2025-01-03,South,Hyderabad,Home Office,Online,Furniture,Chairs,P10037,C1442,6,6564.3,0.1929,31789.19,22370.54,9418.65,0.2962846804212375,2025,1,Jan,Q1
SO01493,2024-08-05,Central,Nagpur,Home Office,Online,Technology,Accessories,P10097,C1373,10,29988.14,0.2215,233455.07,145762.25,87692.82,0.37563039431955797,2024,8,Aug,Q3
SO01494,2024-03-06,North,Lucknow,Home Office,Online,Technology,Laptops,P10027,C1161,6,24313.0,0.228,112616.3,69447.54,43168.76,0.38332603717223884,2024,3,Mar,Q1
SO01495,2023-06-22,South,Chennai,Corporate,Online,Office Supplies,Pens,P10004,C1489,6,556.75,0.3654,2119.73,1115.8,1003.93,0.47361220532803705,2023,6,Jun,Q2
SO01496,2023-04-09,South,Hyderabad,Consumer,Online,Technology,Phones,P10045,C1300,7,26535.36,0.2858,132653.54,78765.11,53888.43,0.40623439072941436,2023,4,Apr,Q2
SO01497,2025-02-03,East,Bhubaneswar,Home Office,Retail Store,Office Supplies,Binders,P10080,C1528,8,1361.62,0.2639,8017.78,4557.63,3460.15,0.4315596087695098,2025,2,Feb,Q1
SO01498,2025-03-06,West,Pune,Consumer,Retail Store,Technology,Phones,P10038,C1248,8,16058.54,0.1399,110494.85,74882.86,35611.99,0.3222954734994436,2025,3,Mar,Q1
SO01499,2024-03-03,North,Lucknow,Corporate,Distributor,Furniture,Chairs,P10080,C1381,3,6418.73,0.2199,15020.91,10832.69,4188.23,0.2788266489846487,2024,3,Mar,Q1
SO01500,2023-10-30,South,Bengaluru,Consumer,Retail Store,Technology,Accessories,P10083,C1280,2,24211.78,0.304,33703.37,22629.74,11073.63,0.3285615058672174,2023,10,Oct,Q4
SO01501,2023-11-12,West,Pune,Corporate,Online,Office Supplies,Envelopes,P10028,C1131,3,1179.37,0.3766,2205.75,1218.81,986.93,0.44743511277343306,2023,11,Nov,Q4
SO01502,2024-05-12,North,Lucknow,Consumer,Retail Store,Technology,Accessories,P10098,C1211,4,20889.54,0.2473,62895.68,40345.06,22550.62,0.3585400459936199,2024,5,May,Q2
SO01503,2025-10-27,South,Chennai,Consumer,Distributor,Office Supplies,Paper,P10060,C1471,7,931.05,0.1821,5330.72,3188.52,2142.2,0.4018594111114446,2025,10,Oct,Q4
SO01504,2023-09-03,West,Surat,Home Office,Retail Store,Technology,Laptops,P10046,C1163,5,24032.55,0.31,82911.47,55946.15,26965.32,0.32523027272342414,2023,9,Sep,Q3
SO01505,2024-03-31,West,Ahmedabad,Consumer,Online,Office Supplies,Binders,P10070,C1437,5,326.09,0.1909,1319.15,778.68,540.47,0.40971079862032367,2024,3,Mar,Q1
SO01506,2025-02-01,West,Pune,Consumer,Online,Office Supplies,Pens,P10074,C1211,5,346.89,0.3138,1190.18,577.79,612.39,0.5145356164613756,2025,2,Feb,Q1
SO01507,2024-03-08,East,Kolkata,Consumer,Online,Office Supplies,Binders,P10087,C1526,2,1009.1,0.3878,1235.64,682.19,553.44,0.4478974458580169,2024,3,Mar,Q1
SO01508,2024-07-19,North,Lucknow,Consumer,Distributor,Furniture,Bookcases,P10018,C1545,3,9503.65,0.4226,16462.22,13427.07,3035.15,0.18437063773901696,2024,7,Jul,Q3
SO01509,2025-07-22,East,Patna,Home Office,Distributor,Technology,Accessories,P10014,C1009,3,18415.16,0.0255,53837.82,38408.76,15429.05,0.2865838549926427,2025,7,Jul,Q3
SO01510,2023-07-03,Central,Raipur,Consumer,Online,Technology,Laptops,P10074,C1553,8,19878.24,0.0708,147762.0,92219.98,55542.01,0.3758883204071412,2023,7,Jul,Q3
SO01511,2024-07-25,East,Kolkata,Consumer,Online,Furniture,Bookcases,P10010,C1569,3,7269.35,0.2166,17084.93,12757.03,4327.91,0.25331739726179736,2024,7,Jul,Q3
SO01512,2023-11-23,South,Hyderabad,Home Office,Online,Furniture,Bookcases,P10072,C1081,3,6581.8,0.1804,16182.71,12422.99,3759.72,0.23232944296721625,2023,11,Nov,Q4
SO01513,2024-03-27,East,Patna,Consumer,Online,Furniture,Tables,P10003,C1422,4,7894.64,0.2519,23624.06,17247.33,6376.74,0.26992566053421807,2024,3,Mar,Q1
SO01514,2023-03-06,East,Patna,Consumer,Online,Office Supplies,Pens,P10059,C1549,6,890.84,0.2945,3770.95,1965.39,1805.56,0.4788077274957239,2023,3,Mar,Q1
SO01515,2023-12-30,North,Lucknow,Home Office,Distributor,Technology,Accessories,P10026,C1502,9,33604.6,0.5196,145291.33,106132.6,39158.72,0.26951862853757347,2023,12,Dec,Q4
SO01516,2023-08-09,East,Kolkata,Corporate,Retail Store,Office Supplies,Envelopes,P10013,C1192,6,809.08,0.03,4709.03,2619.4,2089.63,0.44374956201170945,2023,8,Aug,Q3
SO01517,2025-11-25,North,Delhi,Corporate,Online,Technology,Printers,P10034,C1199,3,20162.85,0.0872,55214.65,35793.44,19421.21,0.35174016316321843,2025,11,Nov,Q4
SO01518,2025-02-06,South,Chennai,Consumer,Retail Store,Furniture,Chairs,P10012,C1138,3,8655.8,0.3667,16445.68,11834.99,4610.69,0.2803587325060441,2025,2,Feb,Q1
SO01519,2025-04-30,Central,Indore,Home Office,Retail Store,Office Supplies,Binders,P10013,C1170,4,984.62,0.1285,3432.25,2094.99,1337.27,0.3896190545560492,2025,4,Apr,Q2
SO01520,2024-03-24,East,Kolkata,Corporate,Distributor,Technology,Printers,P10007,C1260,2,2358.19,0.2295,3633.87,2733.73,900.14,0.24770836601199273,2024,3,Mar,Q1
SO01521,2024-10-04,Central,Bhopal,Consumer,Online,Furniture,Bookcases,P10062,C1574,10,10130.38,0.3079,70116.8,50050.91,20065.89,0.2861780628893503,2024,10,Oct,Q4
SO01522,2024-06-05,South,Chennai,Consumer,Online,Technology,Laptops,P10048,C1312,1,20811.32,0.2694,15204.42,10127.26,5077.16,0.33392658187553353,2024,6,Jun,Q2
SO01523,2024-01-29,East,Bhubaneswar,Home Office,Retail Store,Technology,Accessories,P10041,C1280,3,22866.69,0.2928,48515.24,30667.31,17847.94,0.36788316413564065,2024,1,Jan,Q1
SO01524,2025-08-16,North,Jaipur,Corporate,Online,Technology,Printers,P10080,C1578,8,26966.08,0.1769,177568.48,122590.39,54978.09,0.3096162674817062,2025,8,Aug,Q3
SO01525,2025-08-22,North,Chandigarh,Home Office,Online,Furniture,Tables,P10046,C1300,3,7720.32,0.2547,17262.94,13452.95,3809.99,0.22070342595177878,2025,8,Aug,Q3
SO01526,2024-02-17,West,Ahmedabad,Consumer,Online,Office Supplies,Pens,P10005,C1186,2,684.61,0.3922,832.23,511.74,320.5,0.3851098854883866,2024,2,Feb,Q1
SO01527,2024-07-11,East,Guwahati,Home Office,Distributor,Technology,Accessories,P10095,C1351,5,27136.02,0.2218,105585.88,78444.82,27141.06,0.2570519846024866,2024,7,Jul,Q3
SO01528,2024-10-10,West,Pune,Corporate,Online,Furniture,Tables,P10054,C1072,10,5213.51,0.2497,39116.98,29761.68,9355.3,0.23916212345636087,2024,10,Oct,Q4
SO01529,2025-03-26,South,Kochi,Corporate,Distributor,Furniture,Bookcases,P10026,C1336,3,9374.1,0.4397,15757.54,11260.72,4496.81,0.2853751283512528,2025,3,Mar,Q1
SO01530,2024-09-24,South,Hyderabad,Consumer,Online,Furniture,Bookcases,P10061,C1549,6,7169.27,0.3304,28805.12,18527.18,10277.94,0.3568094838695343,2024,9,Sep,Q3
SO01531,2023-01-12,East,Kolkata,Consumer,Online,Office Supplies,Pens,P10071,C1097,8,674.86,0.3314,3609.51,2166.07,1443.44,0.3998991552870057,2023,1,Jan,Q1
SO01532,2025-09-19,East,Bhubaneswar,Corporate,Online,Furniture,Storage,P10041,C1314,4,4436.13,0.55,7985.04,5535.64,2449.4,0.306748619919249,2025,9,Sep,Q3
SO01533,2024-06-03,Central,Indore,Consumer,Online,Technology,Phones,P10087,C1080,5,14442.55,0.3675,45674.65,32804.67,12869.98,0.2817751203348028,2024,6,Jun,Q2
SO01534,2024-09-04,North,Chandigarh,Home Office,Online,Furniture,Bookcases,P10021,C1445,6,12154.7,0.2352,55778.09,45501.33,10276.76,0.18424366987109098,2024,9,Sep,Q3
SO01535,2023-01-07,Central,Nagpur,Home Office,Online,Office Supplies,Paper,P10032,C1200,4,698.88,0.0848,2558.34,1438.0,1120.34,0.4379167741582432,2023,1,Jan,Q1
SO01536,2023-08-17,West,Pune,Consumer,Retail Store,Office Supplies,Binders,P10087,C1548,6,889.42,0.2616,3940.59,2589.93,1350.65,0.34275324253474737,2023,8,Aug,Q3
SO01537,2025-06-09,East,Guwahati,Corporate,Distributor,Office Supplies,Envelopes,P10080,C1437,6,651.37,0.4215,2260.81,1066.27,1194.54,0.5283681512378307,2025,6,Jun,Q2
SO01538,2024-10-05,Central,Bhopal,Corporate,Distributor,Technology,Printers,P10020,C1207,10,24562.22,0.184,200435.13,136196.11,64239.02,0.3204978089419754,2024,10,Oct,Q4
SO01539,2023-10-27,South,Kochi,Corporate,Online,Furniture,Chairs,P10061,C1575,10,7983.06,0.3411,52600.45,38655.25,13945.2,0.2651156026231715,2023,10,Oct,Q4
SO01540,2025-10-13,East,Guwahati,Consumer,Online,Technology,Accessories,P10005,C1094,5,21015.04,0.55,47283.84,29769.57,17514.26,0.37040688742707867,2025,10,Oct,Q4
SO01541,2024-12-17,North,Delhi,Consumer,Online,Technology,Accessories,P10058,C1393,9,26581.04,0.3551,154282.55,93533.31,60749.25,0.39375321447564876,2024,12,Dec,Q4
SO01542,2023-01-23,West,Pune,Home Office,Distributor,Office Supplies,Paper,P10022,C1286,2,1527.94,0.5238,1455.29,849.79,605.5,0.4160682750517079,2023,1,Jan,Q1
SO01543,2024-12-08,West,Mumbai,Consumer,Online,Technology,Accessories,P10045,C1358,5,25850.8,0.2304,99468.83,62142.46,37326.37,0.3752569523538178,2024,12,Dec,Q4
SO01544,2024-12-02,West,Pune,Consumer,Distributor,Office Supplies,Binders,P10028,C1315,3,661.7,0.2137,1560.83,848.84,711.99,0.45616114503181004,2024,12,Dec,Q4
SO01545,2023-05-02,West,Pune,Corporate,Online,Technology,Accessories,P10100,C1163,10,26931.43,0.1185,237405.57,143834.4,93571.18,0.39414062610241196,2023,5,May,Q2
SO01546,2024-11-29,South,Kochi,Consumer,Distributor,Technology,Phones,P10035,C1442,5,20896.96,0.2581,77516.88,50967.89,26548.99,0.34249301571477075,2024,11,Nov,Q4
SO01547,2024-10-15,South,Kochi,Corporate,Online,Furniture,Storage,P10083,C1029,9,9370.83,0.3533,54540.61,36857.24,17683.36,0.3242237298042688,2024,10,Oct,Q4
SO01548,2025-11-24,West,Ahmedabad,Consumer,Online,Office Supplies,Envelopes,P10091,C1048,10,816.96,0.4083,4834.09,2960.53,1873.56,0.3875724283163946,2025,11,Nov,Q4
SO01549,2025-02-04,Central,Nagpur,Consumer,Online,Technology,Printers,P10031,C1594,5,15050.81,0.2759,54488.3,35722.61,18765.68,0.3443983387259283,2025,2,Feb,Q1
SO01550,2024-12-04,West,Ahmedabad,Consumer,Retail Store,Office Supplies,Binders,P10072,C1537,3,594.8,0.1107,1586.81,930.99,655.82,0.41329459733679524,2024,12,Dec,Q4
SO01551,2024-04-07,South,Kochi,Consumer,Online,Technology,Printers,P10060,C1500,8,17909.93,0.2846,102508.18,65126.43,37381.76,0.3646709950366888,2024,4,Apr,Q2
SO01552,2023-07-08,South,Bengaluru,Consumer,Online,Technology,Phones,P10060,C1516,5,21596.55,0.4451,59923.54,36840.97,23082.57,0.38520037367618803,2023,7,Jul,Q3
SO01553,2023-12-12,West,Mumbai,Corporate,Distributor,Office Supplies,Paper,P10078,C1296,4,721.02,0.2239,2238.48,1598.66,639.82,0.2858278832064616,2023,12,Dec,Q4
SO01554,2023-02-14,East,Kolkata,Consumer,Online,Technology,Printers,P10002,C1434,6,26420.75,0.3761,98899.94,69248.5,29651.44,0.29981251758090044,2023,2,Feb,Q1
SO01555,2024-11-23,West,Pune,Consumer,Retail Store,Office Supplies,Paper,P10038,C1391,7,835.57,0.3842,3601.73,2060.58,1541.14,0.4278888200947878,2024,11,Nov,Q4
SO01556,2024-10-23,North,Delhi,Consumer,Online,Technology,Accessories,P10054,C1497,3,34515.3,0.1977,83074.92,54355.44,28719.49,0.3457059001681856,2024,10,Oct,Q4
SO01557,2025-08-21,East,Bhubaneswar,Corporate,Online,Furniture,Chairs,P10016,C1532,9,12257.43,0.3671,69816.32,45418.19,24398.13,0.3494617017912144,2025,8,Aug,Q3
SO01558,2025-09-14,North,Delhi,Corporate,Distributor,Office Supplies,Envelopes,P10078,C1496,9,881.76,0.1141,7030.01,4586.61,2443.4,0.3475670731620581,2025,9,Sep,Q3
SO01559,2023-08-13,South,Kochi,Corporate,Distributor,Technology,Phones,P10071,C1378,5,16619.25,0.095,75199.71,50276.08,24923.63,0.3314325281307601,2023,8,Aug,Q3
SO01560,2025-10-20,West,Pune,Home Office,Retail Store,Furniture,Tables,P10004,C1350,7,10606.24,0.1792,60940.33,45769.26,15171.07,0.2489495872437842,2025,10,Oct,Q4
SO01561,2024-06-29,East,Patna,Consumer,Retail Store,Office Supplies,Envelopes,P10089,C1224,1,1342.42,0.1722,1111.24,692.89,418.35,0.37647132932579824,2024,6,Jun,Q2
SO01562,2023-06-05,North,Jaipur,Consumer,Online,Technology,Phones,P10085,C1370,5,29060.39,0.1934,117202.96,73588.29,43614.67,0.37212942403502436,2023,6,Jun,Q2
SO01563,2024-07-24,North,Delhi,Consumer,Online,Furniture,Bookcases,P10008,C1019,6,6839.73,0.4991,20556.59,14858.15,5698.44,0.2772074551275284,2024,7,Jul,Q3
SO01564,2024-11-01,North,Jaipur,Corporate,Distributor,Office Supplies,Envelopes,P10052,C1506,10,1075.03,0.4645,5756.74,3478.4,2278.34,0.3957691332247071,2024,11,Nov,Q4
SO01565,2024-02-25,North,Lucknow,Home Office,Online,Furniture,Bookcases,P10038,C1077,6,7503.42,0.3667,28512.34,21681.17,6831.17,0.23958643871390423,2024,2,Feb,Q1
SO01566,2024-12-07,East,Patna,Consumer,Online,Technology,Phones,P10048,C1067,1,23367.83,0.229,18017.07,13569.78,4447.29,0.24683758235939585,2024,12,Dec,Q4
SO01567,2024-05-24,West,Pune,Home Office,Retail Store,Technology,Laptops,P10005,C1580,3,30374.63,0.3311,60952.87,38360.41,22592.46,0.3706545729511998,2024,5,May,Q2
SO01568,2023-05-01,South,Kochi,Corporate,Retail Store,Furniture,Tables,P10047,C1151,5,6836.79,0.2317,26263.1,19241.72,7021.38,0.2673477236122164,2023,5,May,Q2
SO01569,2024-03-26,East,Kolkata,Corporate,Retail Store,Technology,Accessories,P10019,C1314,9,21401.07,0.1596,161874.08,118290.63,43583.46,0.26924298195239166,2024,3,Mar,Q1
SO01570,2025-03-28,North,Chandigarh,Corporate,Retail Store,Furniture,Chairs,P10037,C1126,8,6615.29,0.2492,39734.69,30158.9,9575.79,0.24099319763159094,2025,3,Mar,Q1
SO01571,2025-12-28,West,Mumbai,Consumer,Online,Technology,Phones,P10062,C1526,1,9112.72,0.1497,7748.81,5256.69,2492.12,0.32161325416418773,2025,12,Dec,Q4
SO01572,2025-12-02,Central,Raipur,Consumer,Online,Furniture,Storage,P10049,C1042,3,9635.44,0.1477,24637.09,18677.34,5959.75,0.2419015395081156,2025,12,Dec,Q4
SO01573,2025-10-26,West,Ahmedabad,Home Office,Online,Furniture,Bookcases,P10040,C1092,1,9744.43,0.3936,5908.93,4365.85,1543.09,0.26114541888294496,2025,10,Oct,Q4
SO01574,2024-08-02,West,Surat,Corporate,Online,Office Supplies,Binders,P10050,C1227,8,1168.28,0.3736,5854.17,3442.75,2411.42,0.4119149256000424,2024,8,Aug,Q3
SO01575,2024-12-26,East,Guwahati,Consumer,Distributor,Technology,Printers,P10048,C1580,4,28288.6,0.3665,71681.48,44655.04,27026.44,0.37703518398336644,2024,12,Dec,Q4
SO01576,2025-12-22,Central,Indore,Home Office,Online,Office Supplies,Binders,P10058,C1146,9,805.88,0.4648,3881.61,1968.97,1912.64,0.4927439902514678,2025,12,Dec,Q4
SO01577,2023-08-29,West,Pune,Home Office,Online,Furniture,Tables,P10095,C1033,10,6779.86,0.2119,53432.96,33932.4,19500.56,0.3649537663644313,2023,8,Aug,Q3
SO01578,2025-10-16,North,Lucknow,Corporate,Online,Office Supplies,Binders,P10027,C1595,2,1089.68,0.2026,1737.73,1110.74,626.99,0.3608097920850765,2025,10,Oct,Q4
SO01579,2025-03-10,East,Patna,Corporate,Online,Technology,Printers,P10078,C1244,10,24218.1,0.1003,217887.25,156900.62,60986.64,0.27989999414834965,2025,3,Mar,Q1
SO01580,2024-09-14,Central,Nagpur,Corporate,Online,Technology,Phones,P10018,C1516,5,19523.47,0.1842,79639.29,55418.43,24220.86,0.3041320433670366,2024,9,Sep,Q3
SO01581,2023-11-16,South,Kochi,Consumer,Online,Technology,Accessories,P10098,C1321,2,10580.18,0.1421,18154.25,10161.82,7992.43,0.4402511808529683,2023,11,Nov,Q4
SO01582,2023-11-07,West,Surat,Consumer,Online,Technology,Laptops,P10046,C1560,5,31752.77,0.2463,119666.23,82458.68,37207.55,0.31092773625441367,2023,11,Nov,Q4
SO01583,2024-07-11,East,Guwahati,Consumer,Online,Technology,Printers,P10027,C1343,8,27142.43,0.4139,127263.24,82582.68,44680.56,0.35108771393844757,2024,7,Jul,Q3
SO01584,2025-07-26,West,Mumbai,Consumer,Retail Store,Technology,Laptops,P10084,C1394,3,31293.07,0.3483,61181.58,41376.87,19804.71,0.32370380104600105,2025,7,Jul,Q3
SO01585,2024-12-21,South,Hyderabad,Consumer,Online,Technology,Accessories,P10006,C1437,7,23189.51,0.0932,147201.91,92165.79,55036.12,0.3738818334626229,2024,12,Dec,Q4
SO01586,2023-02-08,West,Mumbai,Consumer,Online,Office Supplies,Binders,P10026,C1587,8,1023.1,0.3082,5662.49,3466.99,2195.5,0.38772695404318597,2023,2,Feb,Q1
SO01587,2025-10-27,Central,Raipur,Corporate,Distributor,Office Supplies,Envelopes,P10083,C1123,6,747.62,0.097,4050.71,2326.4,1724.31,0.42568093000980073,2025,10,Oct,Q4
SO01588,2023-04-21,Central,Raipur,Consumer,Retail Store,Office Supplies,Envelopes,P10003,C1007,9,943.7,0.278,6132.06,3288.27,2843.79,0.4637576931732566,2023,4,Apr,Q2
SO01589,2024-10-02,Central,Nagpur,Corporate,Online,Furniture,Bookcases,P10060,C1404,6,13940.8,0.2852,59785.13,45597.22,14187.91,0.23731503134642346,2024,10,Oct,Q4
SO01590,2023-05-17,South,Kochi,Consumer,Retail Store,Office Supplies,Paper,P10015,C1500,10,726.35,0.2518,5434.44,3298.98,2135.46,0.39294941153090296,2023,5,May,Q2
SO01591,2024-03-12,West,Surat,Corporate,Online,Technology,Printers,P10073,C1534,10,28075.07,0.1986,224996.02,151634.39,73361.63,0.32605745648300805,2024,3,Mar,Q1
SO01592,2023-03-05,Central,Raipur,Corporate,Online,Furniture,Chairs,P10087,C1087,9,10231.76,0.3771,57356.37,41822.47,15533.9,0.27083129563464353,2023,3,Mar,Q1
SO01593,2024-01-30,Central,Nagpur,Corporate,Online,Technology,Laptops,P10023,C1482,3,19000.17,0.0864,52073.26,34166.52,17906.74,0.34387591635323006,2024,1,Jan,Q1
SO01594,2023-12-06,West,Ahmedabad,Home Office,Distributor,Technology,Laptops,P10090,C1558,2,12098.46,0.4581,13113.03,9470.62,3642.41,0.2777702788752866,2023,12,Dec,Q4
SO01595,2024-09-09,North,Lucknow,Corporate,Online,Technology,Printers,P10005,C1118,2,23873.23,0.4973,24004.15,15534.39,8469.77,0.35284607036699905,2024,9,Sep,Q3
SO01596,2023-07-26,West,Pune,Corporate,Online,Office Supplies,Envelopes,P10028,C1586,8,1281.17,0.1413,8800.96,4895.78,3905.18,0.4437220485037996,2023,7,Jul,Q3
SO01597,2024-01-31,Central,Indore,Consumer,Online,Office Supplies,Envelopes,P10077,C1570,10,1573.48,0.2685,11509.96,6523.47,4986.49,0.43323260897518323,2024,1,Jan,Q1
SO01598,2025-11-10,South,Chennai,Consumer,Online,Office Supplies,Pens,P10011,C1151,9,1086.96,0.4508,5372.64,3412.63,1960.01,0.36481320170344556,2025,11,Nov,Q4
SO01599,2024-08-06,East,Guwahati,Corporate,Retail Store,Technology,Printers,P10058,C1541,9,23370.34,0.1005,189187.23,133802.19,55385.04,0.29275252880440183,2024,8,Aug,Q3
SO01600,2025-02-03,North,Jaipur,Home Office,Retail Store,Technology,Laptops,P10016,C1594,9,22327.76,0.4575,109009.55,67873.51,41136.04,0.3773617999523895,2025,2,Feb,Q1
SO01601,2025-12-08,South,Kochi,Home Office,Retail Store,Office Supplies,Envelopes,P10048,C1253,3,398.46,0.0809,1098.61,700.9,397.7,0.36200289456677076,2025,12,Dec,Q4
SO01602,2024-05-05,Central,Bhopal,Corporate,Online,Technology,Printers,P10086,C1445,1,24213.98,0.1705,20085.72,12594.85,7490.87,0.37294505748362516,2024,5,May,Q2
SO01603,2023-08-09,Central,Nagpur,Home Office,Online,Technology,Phones,P10044,C1421,6,18325.55,0.4979,55203.73,34973.86,20229.87,0.366458389677654,2023,8,Aug,Q3
SO01604,2024-01-25,East,Kolkata,Consumer,Online,Office Supplies,Envelopes,P10031,C1122,5,1025.31,0.0812,4710.16,2956.44,1753.72,0.3723270547072711,2024,1,Jan,Q1
SO01605,2023-11-03,Central,Raipur,Consumer,Online,Technology,Phones,P10041,C1351,8,26777.55,0.2853,153108.89,97019.28,56089.62,0.3663381009424077,2023,11,Nov,Q4
SO01606,2024-03-18,West,Pune,Home Office,Online,Office Supplies,Binders,P10049,C1582,6,812.39,0.2639,3588.21,2213.33,1374.88,0.38316597969461097,2024,3,Mar,Q1
SO01607,2023-07-02,East,Kolkata,Consumer,Online,Furniture,Chairs,P10042,C1114,6,12058.37,0.3247,48860.49,35354.0,13506.49,0.27642968787255306,2023,7,Jul,Q3
SO01608,2023-09-17,South,Chennai,Corporate,Online,Furniture,Bookcases,P10012,C1522,6,9361.9,0.3845,34575.92,22879.0,11696.91,0.3382964213244362,2023,9,Sep,Q3
SO01609,2023-05-15,West,Mumbai,Consumer,Online,Furniture,Tables,P10019,C1427,4,10913.16,0.3176,29787.04,21233.82,8553.21,0.2871453491182742,2023,5,May,Q2
SO01610,2025-11-21,North,Delhi,Corporate,Retail Store,Office Supplies,Envelopes,P10023,C1059,6,822.45,0.18,4046.31,2348.23,1698.09,0.41966384187074146,2025,11,Nov,Q4
SO01611,2023-02-27,North,Delhi,Corporate,Retail Store,Office Supplies,Paper,P10043,C1020,1,836.17,0.1912,676.31,373.63,302.68,0.447546243586521,2023,2,Feb,Q1
SO01612,2025-01-21,South,Bengaluru,Consumer,Retail Store,Office Supplies,Envelopes,P10075,C1397,3,1242.09,0.3174,2543.63,1535.01,1008.62,0.39652779688869844,2025,1,Jan,Q1
SO01613,2023-01-11,South,Chennai,Home Office,Online,Furniture,Chairs,P10047,C1454,3,12457.02,0.218,29223.55,19019.62,10203.93,0.3491680511094648,2023,1,Jan,Q1
SO01614,2024-09-15,West,Pune,Corporate,Online,Furniture,Bookcases,P10008,C1257,1,10206.06,0.2409,7747.28,5580.53,2166.76,0.2796800941749879,2024,9,Sep,Q3
SO01615,2024-06-08,South,Hyderabad,Corporate,Retail Store,Furniture,Storage,P10096,C1504,10,7696.9,0.3163,52625.88,40123.26,12502.63,0.2375756946962217,2024,6,Jun,Q2
SO01616,2025-03-15,South,Chennai,Consumer,Distributor,Office Supplies,Envelopes,P10034,C1101,4,374.32,0.1644,1251.13,732.35,518.78,0.4146491571619256,2025,3,Mar,Q1
SO01617,2023-02-08,West,Pune,Consumer,Online,Technology,Laptops,P10003,C1038,6,24968.35,0.55,67414.53,45765.17,21649.36,0.32113789119348607,2023,2,Feb,Q1
SO01618,2024-01-17,North,Delhi,Consumer,Online,Furniture,Tables,P10050,C1003,7,7517.2,0.2444,39762.57,26952.99,12809.58,0.3221517120246503,2024,1,Jan,Q1
SO01619,2025-07-13,North,Chandigarh,Corporate,Online,Furniture,Chairs,P10089,C1105,10,11992.57,0.3912,73010.38,48986.87,24023.5,0.3290422539918296,2025,7,Jul,Q3
SO01620,2024-08-23,South,Bengaluru,Corporate,Online,Office Supplies,Binders,P10058,C1260,5,604.34,0.1611,2534.98,1365.72,1169.26,0.46125018737820417,2024,8,Aug,Q3
SO01621,2023-11-12,Central,Nagpur,Corporate,Online,Office Supplies,Envelopes,P10078,C1409,1,482.12,0.3633,306.98,190.41,116.57,0.3797315786044693,2023,11,Nov,Q4
SO01622,2025-08-31,West,Mumbai,Consumer,Online,Furniture,Tables,P10032,C1124,4,8806.94,0.1564,29717.22,21236.65,8480.56,0.2853752807294895,2025,8,Aug,Q3
SO01623,2025-08-01,Central,Indore,Consumer,Online,Office Supplies,Envelopes,P10044,C1357,4,1310.23,0.4158,3061.54,2071.5,990.04,0.323379736995107,2025,8,Aug,Q3
SO01624,2023-05-05,North,Delhi,Consumer,Online,Technology,Printers,P10069,C1038,5,22735.59,0.55,51155.08,35118.74,16036.34,0.31348479955460923,2023,5,May,Q2
SO01625,2024-11-14,South,Kochi,Consumer,Distributor,Furniture,Bookcases,P10044,C1339,8,11543.34,0.1502,78480.74,58174.15,20306.58,0.25874603119185674,2024,11,Nov,Q4
SO01626,2025-07-07,North,Lucknow,Corporate,Online,Technology,Printers,P10003,C1182,9,13406.1,0.1903,97693.97,65170.32,32523.65,0.332913587194788,2025,7,Jul,Q3
SO01627,2024-04-13,Central,Raipur,Consumer,Retail Store,Technology,Laptops,P10066,C1540,1,17720.85,0.0495,16843.47,9775.59,7067.88,0.41962137255565507,2024,4,Apr,Q2
SO01628,2025-10-07,West,Pune,Consumer,Distributor,Furniture,Tables,P10057,C1314,7,8775.35,0.4965,30928.0,21313.48,9614.52,0.3108678220382825,2025,10,Oct,Q4
SO01629,2024-06-30,South,Chennai,Home Office,Online,Office Supplies,Envelopes,P10093,C1248,8,169.87,0.372,853.39,512.75,340.63,0.39914927524344085,2024,6,Jun,Q2
SO01630,2025-05-15,Central,Indore,Consumer,Online,Office Supplies,Binders,P10071,C1310,5,1053.03,0.1329,4565.39,2361.15,2204.24,0.4828152687941227,2025,5,May,Q2
SO01631,2025-08-05,West,Ahmedabad,Corporate,Distributor,Furniture,Tables,P10077,C1547,5,14578.37,0.55,32801.34,23251.51,9549.82,0.2911411545991719,2025,8,Aug,Q3
SO01632,2025-07-04,West,Surat,Home Office,Online,Technology,Laptops,P10037,C1176,10,22926.91,0.3789,142408.93,93847.68,48561.25,0.34099862979098294,2025,7,Jul,Q3
SO01633,2024-09-30,South,Hyderabad,Consumer,Retail Store,Technology,Printers,P10058,C1383,8,27896.92,0.1538,188841.6,133760.83,55080.77,0.2916770986901191,2024,9,Sep,Q3
SO01634,2023-08-24,Central,Raipur,Consumer,Distributor,Technology,Printers,P10040,C1164,1,33065.12,0.3952,19998.99,14271.12,5727.87,0.28640796360216186,2023,8,Aug,Q3
SO01635,2023-04-12,South,Hyderabad,Consumer,Distributor,Furniture,Chairs,P10058,C1429,8,8602.99,0.1712,57040.54,42100.43,14940.11,0.2619209074808899,2023,4,Apr,Q2
SO01636,2024-12-07,East,Kolkata,Corporate,Online,Furniture,Chairs,P10072,C1571,1,10594.06,0.2635,7802.99,5156.18,2646.8,0.33920330539959687,2024,12,Dec,Q4
SO01637,2024-08-25,South,Kochi,Consumer,Retail Store,Office Supplies,Pens,P10006,C1311,8,1217.94,0.2728,7085.38,4156.39,2928.98,0.4133836152753981,2024,8,Aug,Q3
SO01638,2025-07-23,West,Pune,Consumer,Online,Furniture,Storage,P10005,C1403,9,10653.68,0.4065,56908.49,40819.9,16088.59,0.2827098381981318,2025,7,Jul,Q3
SO01639,2025-01-19,North,Chandigarh,Consumer,Retail Store,Technology,Accessories,P10020,C1102,9,21226.55,0.1832,156045.3,102843.44,53201.85,0.3409384967057643,2025,1,Jan,Q1
SO01640,2024-10-25,South,Bengaluru,Consumer,Online,Technology,Printers,P10075,C1590,3,24923.67,0.2082,59205.09,38290.04,20915.05,0.35326438993674364,2024,10,Oct,Q4
SO01641,2024-01-15,North,Delhi,Corporate,Retail Store,Furniture,Tables,P10055,C1583,9,5982.51,0.1883,43701.79,30745.61,12956.18,0.29646794788039577,2024,1,Jan,Q1
SO01642,2023-07-20,Central,Raipur,Corporate,Retail Store,Furniture,Storage,P10033,C1480,9,10128.84,0.1664,75991.45,56727.45,19264.0,0.2535022032083873,2023,7,Jul,Q3
SO01643,2024-04-21,South,Kochi,Consumer,Distributor,Furniture,Storage,P10001,C1525,8,6060.4,0.1021,43532.3,33183.87,10348.43,0.23771842976364677,2024,4,Apr,Q2
SO01644,2024-07-29,North,Lucknow,Consumer,Online,Furniture,Storage,P10096,C1074,10,5683.87,0.4617,30595.09,23067.04,7528.05,0.24605418712610422,2024,7,Jul,Q3
SO01645,2023-04-02,West,Mumbai,Home Office,Online,Furniture,Chairs,P10080,C1176,3,7027.21,0.4431,11740.27,8882.0,2858.27,0.24345862573859034,2023,4,Apr,Q2
SO01646,2025-07-02,South,Hyderabad,Consumer,Online,Office Supplies,Pens,P10001,C1356,6,1053.49,0.159,5315.68,3705.26,1610.43,0.30295841736146645,2025,7,Jul,Q3
SO01647,2025-07-11,North,Lucknow,Home Office,Online,Technology,Accessories,P10063,C1587,8,15152.97,0.2891,86174.21,56483.13,29691.07,0.3445470518383632,2025,7,Jul,Q3
SO01648,2024-11-05,West,Ahmedabad,Corporate,Online,Furniture,Bookcases,P10063,C1375,8,10182.05,0.2597,60301.58,44300.92,16000.66,0.265343959478342,2024,11,Nov,Q4
SO01649,2025-09-13,North,Lucknow,Consumer,Online,Furniture,Chairs,P10003,C1230,9,10352.52,0.1404,80086.97,61118.64,18968.33,0.2368466430931274,2025,9,Sep,Q3
SO01650,2024-01-20,West,Mumbai,Home Office,Retail Store,Furniture,Storage,P10004,C1540,4,5040.1,0.2593,14933.06,10671.32,4261.74,0.28538959864890384,2024,1,Jan,Q1
SO01651,2023-11-02,East,Patna,Corporate,Distributor,Furniture,Storage,P10022,C1250,10,7229.97,0.3375,47896.87,36446.11,11450.76,0.2390711543363898,2023,11,Nov,Q4
SO01652,2024-04-21,Central,Indore,Corporate,Distributor,Office Supplies,Pens,P10089,C1587,6,924.83,0.1047,4968.2,2914.08,2054.12,0.4134535646713095,2024,4,Apr,Q2
SO01653,2025-11-09,West,Surat,Corporate,Distributor,Technology,Laptops,P10069,C1326,3,20854.61,0.2308,48123.36,32434.73,15688.63,0.3260086161897257,2025,11,Nov,Q4
SO01654,2024-05-30,East,Guwahati,Consumer,Distributor,Furniture,Storage,P10047,C1555,4,7347.04,0.4038,17521.2,12193.3,5327.9,0.3040830536721229,2024,5,May,Q2
SO01655,2023-12-15,North,Lucknow,Home Office,Retail Store,Office Supplies,Envelopes,P10097,C1447,6,1351.9,0.054,7673.36,5248.23,2425.13,0.3160453829873745,2023,12,Dec,Q4
SO01656,2024-09-16,North,Chandigarh,Consumer,Retail Store,Furniture,Chairs,P10084,C1440,4,7863.33,0.324,21262.48,15960.73,5301.75,0.24934767722297682,2024,9,Sep,Q3
SO01657,2023-07-12,East,Guwahati,Consumer,Retail Store,Furniture,Storage,P10063,C1208,9,8976.77,0.1743,66707.61,45436.23,21271.38,0.3188748630028868,2023,7,Jul,Q3
SO01658,2025-01-25,North,Lucknow,Corporate,Online,Office Supplies,Binders,P10090,C1529,9,824.78,0.3014,5185.75,3201.74,1984.01,0.3825888251458323,2025,1,Jan,Q1
SO01659,2024-08-16,West,Ahmedabad,Consumer,Online,Furniture,Bookcases,P10005,C1331,8,11456.88,0.4819,47486.01,35364.97,12121.04,0.2552549687792257,2024,8,Aug,Q3
SO01660,2024-04-12,East,Guwahati,Consumer,Online,Furniture,Bookcases,P10002,C1049,2,4369.96,0.2465,6585.76,4681.42,1904.34,0.28916024877918417,2024,4,Apr,Q2
SO01661,2024-06-24,South,Kochi,Consumer,Retail Store,Technology,Printers,P10059,C1189,9,15704.69,0.55,63603.99,43647.52,19956.48,0.3137614479846312,2024,6,Jun,Q2
SO01662,2025-01-12,South,Bengaluru,Home Office,Retail Store,Technology,Accessories,P10098,C1517,9,13093.24,0.423,67996.08,43324.64,24671.44,0.3628362105580204,2025,1,Jan,Q1
SO01663,2023-08-26,North,Lucknow,Corporate,Retail Store,Office Supplies,Paper,P10019,C1216,1,808.09,0.1051,723.16,413.54,309.62,0.42814868078986673,2023,8,Aug,Q3
SO01664,2023-10-10,Central,Bhopal,Consumer,Retail Store,Furniture,Bookcases,P10064,C1341,1,7850.02,0.2541,5855.07,4398.89,1456.18,0.24870411455371158,2023,10,Oct,Q4
SO01665,2024-02-11,East,Bhubaneswar,Corporate,Online,Technology,Phones,P10097,C1192,5,12523.97,0.55,28178.93,18171.63,10007.29,0.3551337825815246,2024,2,Feb,Q1
SO01666,2023-10-26,South,Kochi,Consumer,Online,Technology,Printers,P10024,C1469,4,9248.11,0.3799,22938.83,15271.95,7666.88,0.33423151921872213,2023,10,Oct,Q4
SO01667,2024-06-02,North,Chandigarh,Home Office,Online,Furniture,Bookcases,P10097,C1294,2,10559.73,0.2557,15719.07,11828.55,3890.52,0.2475031919827318,2024,6,Jun,Q2
SO01668,2023-05-14,West,Pune,Consumer,Online,Technology,Printers,P10050,C1395,2,16245.73,0.3828,20055.34,10349.22,9706.12,0.4839668636881749,2023,5,May,Q2
SO01669,2025-04-18,East,Guwahati,Consumer,Online,Office Supplies,Envelopes,P10061,C1483,5,1363.07,0.2908,4833.58,2719.68,2113.91,0.4373383703176527,2025,4,Apr,Q2
SO01670,2025-06-01,Central,Raipur,Corporate,Retail Store,Furniture,Tables,P10027,C1043,5,8886.16,0.288,31635.04,23858.32,7776.73,0.24582646331409727,2025,6,Jun,Q2
SO01671,2024-08-19,West,Surat,Consumer,Online,Furniture,Bookcases,P10051,C1016,2,9428.01,0.4415,10531.75,8030.11,2501.63,0.2375322239893655,2024,8,Aug,Q3
SO01672,2025-04-21,Central,Bhopal,Corporate,Online,Furniture,Chairs,P10035,C1280,3,10277.17,0.1344,26689.28,18929.02,7760.26,0.29076318282096786,2025,4,Apr,Q2
SO01673,2023-05-26,South,Bengaluru,Consumer,Distributor,Furniture,Storage,P10014,C1038,3,11484.31,0.1068,30773.04,23919.01,6854.04,0.22272872618369846,2023,5,May,Q2
SO01674,2024-04-26,Central,Nagpur,Corporate,Online,Technology,Printers,P10050,C1464,10,24610.1,0.3091,170041.34,110563.27,59478.06,0.3497858814803506,2024,4,Apr,Q2
SO01675,2023-10-25,North,Jaipur,Corporate,Distributor,Office Supplies,Binders,P10016,C1565,1,1646.14,0.1542,1392.37,903.49,488.88,0.3511135689507818,2023,10,Oct,Q4
SO01676,2025-09-10,South,Hyderabad,Home Office,Online,Furniture,Bookcases,P10015,C1567,1,2646.31,0.3964,1597.31,1056.28,541.03,0.3387132115869806,2025,9,Sep,Q3
SO01677,2025-09-06,South,Bengaluru,Corporate,Retail Store,Furniture,Bookcases,P10042,C1256,4,9230.17,0.1282,32188.53,23692.95,8495.59,0.26393221436331515,2025,9,Sep,Q3
SO01678,2025-09-20,South,Kochi,Consumer,Distributor,Office Supplies,Binders,P10074,C1534,4,1420.92,0.1746,4691.21,3242.62,1448.59,0.30878813781519054,2025,9,Sep,Q3
SO01679,2023-04-23,South,Chennai,Corporate,Retail Store,Furniture,Storage,P10061,C1475,1,10545.79,0.2754,7641.74,5073.4,2568.34,0.3360936121878002,2023,4,Apr,Q2
SO01680,2024-02-09,Central,Raipur,Home Office,Retail Store,Technology,Accessories,P10039,C1586,9,16540.57,0.1402,128001.6,79954.3,48047.3,0.37536483918951014,2024,2,Feb,Q1
SO01681,2024-06-11,East,Kolkata,Home Office,Online,Furniture,Tables,P10052,C1390,5,6921.61,0.2271,26748.37,20851.69,5896.68,0.22045006854623292,2024,6,Jun,Q2
SO01682,2024-04-01,North,Jaipur,Corporate,Online,Office Supplies,Paper,P10076,C1276,6,1014.64,0.0482,5794.17,3548.54,2245.63,0.3875671580226331,2024,4,Apr,Q2
SO01683,2024-03-27,West,Ahmedabad,Consumer,Online,Furniture,Tables,P10079,C1333,1,12768.75,0.3437,8380.12,6344.49,2035.64,0.2429129893128022,2024,3,Mar,Q1
SO01684,2024-08-03,East,Guwahati,Consumer,Retail Store,Technology,Accessories,P10069,C1558,5,25431.23,0.2545,94795.97,57353.43,37442.54,0.3949802929386133,2024,8,Aug,Q3
SO01685,2024-08-19,Central,Indore,Corporate,Online,Furniture,Tables,P10096,C1336,6,8507.51,0.1891,41391.07,30979.81,10411.26,0.25153396614293855,2024,8,Aug,Q3
SO01686,2025-10-21,Central,Bhopal,Consumer,Online,Technology,Printers,P10028,C1583,5,22205.01,0.2171,86919.15,61215.0,25704.15,0.29572482013457335,2025,10,Oct,Q4
SO01687,2024-02-07,Central,Nagpur,Consumer,Distributor,Office Supplies,Envelopes,P10015,C1433,3,841.56,0.0576,2379.29,1602.75,776.53,0.3263704718634551,2024,2,Feb,Q1
SO01688,2025-04-15,South,Bengaluru,Corporate,Distributor,Furniture,Bookcases,P10100,C1418,10,3914.9,0.1913,31659.3,25264.55,6394.74,0.20198614625086467,2025,4,Apr,Q2
SO01689,2023-01-16,South,Hyderabad,Consumer,Retail Store,Technology,Accessories,P10075,C1273,4,23444.36,0.3013,65523.97,38981.31,26542.66,0.4050832084808048,2023,1,Jan,Q1
SO01690,2025-03-30,West,Pune,Home Office,Retail Store,Technology,Phones,P10013,C1256,8,15726.41,0.3686,79434.32,61886.55,17547.77,0.22090917376771146,2025,3,Mar,Q1
SO01691,2024-03-15,North,Delhi,Consumer,Retail Store,Technology,Phones,P10024,C1210,10,29519.0,0.1031,264767.41,181667.25,83100.16,0.31386098462797973,2024,3,Mar,Q1
SO01692,2023-05-13,Central,Indore,Corporate,Online,Office Supplies,Binders,P10014,C1157,8,814.49,0.0809,5988.92,3709.42,2279.5,0.3806195440914222,2023,5,May,Q2
SO01693,2023-03-18,South,Hyderabad,Consumer,Online,Office Supplies,Pens,P10092,C1028,8,1010.29,0.2187,6314.95,3320.29,2994.66,0.4742175314135504,2023,3,Mar,Q1
SO01694,2024-02-20,Central,Bhopal,Consumer,Retail Store,Office Supplies,Paper,P10087,C1462,6,677.62,0.1654,3393.27,1645.8,1747.47,0.5149811244021254,2024,2,Feb,Q1
SO01695,2024-09-26,Central,Raipur,Consumer,Retail Store,Office Supplies,Pens,P10033,C1285,4,1071.18,0.0402,4112.46,2358.53,1753.93,0.42649168624132516,2024,9,Sep,Q3
SO01696,2025-11-17,South,Bengaluru,Consumer,Online,Office Supplies,Binders,P10068,C1476,6,985.82,0.3396,3906.1,2297.27,1608.82,0.41187373595146054,2025,11,Nov,Q4
SO01697,2025-09-04,Central,Bhopal,Consumer,Online,Furniture,Bookcases,P10038,C1463,8,6666.83,0.3083,36888.94,26507.91,10381.03,0.28141307394574094,2025,9,Sep,Q3
SO01698,2023-07-17,West,Mumbai,Home Office,Retail Store,Office Supplies,Binders,P10027,C1487,4,795.09,0.1485,2708.17,1632.71,1075.46,0.39711687227906667,2023,7,Jul,Q3
SO01699,2025-01-27,South,Bengaluru,Home Office,Retail Store,Technology,Phones,P10071,C1030,1,25362.62,0.4461,14048.55,9166.86,4881.69,0.34748710721035264,2025,1,Jan,Q1
SO01700,2025-09-08,East,Kolkata,Consumer,Online,Technology,Laptops,P10057,C1136,2,23512.85,0.2982,33001.05,21394.44,11606.6,0.3517039609345763,2025,9,Sep,Q3
SO01701,2025-09-04,South,Hyderabad,Corporate,Online,Technology,Accessories,P10082,C1424,9,23525.08,0.3563,136282.96,88980.0,47302.96,0.34709372323583226,2025,9,Sep,Q3
SO01702,2024-07-02,Central,Indore,Consumer,Online,Furniture,Bookcases,P10061,C1118,10,10007.87,0.1691,83155.99,63449.72,19706.27,0.2369795609432345,2024,7,Jul,Q3
SO01703,2023-08-19,West,Ahmedabad,Home Office,Retail Store,Furniture,Bookcases,P10043,C1378,1,8753.3,0.2431,6625.19,5077.31,1547.88,0.2336355636593064,2023,8,Aug,Q3
SO01704,2025-10-13,East,Patna,Corporate,Retail Store,Technology,Printers,P10007,C1282,10,16596.05,0.1441,142049.2,103978.13,38071.08,0.2680133362243504,2025,10,Oct,Q4
SO01705,2025-11-22,West,Ahmedabad,Home Office,Retail Store,Technology,Phones,P10026,C1106,1,15118.43,0.0831,13862.45,9495.79,4366.66,0.3149991523864829,2025,11,Nov,Q4
SO01706,2025-11-21,West,Mumbai,Corporate,Retail Store,Furniture,Storage,P10059,C1026,6,7660.83,0.1286,40052.93,29573.31,10479.61,0.261644029537914,2025,11,Nov,Q4
SO01707,2024-09-21,Central,Bhopal,Corporate,Retail Store,Office Supplies,Binders,P10051,C1335,8,881.15,0.0373,6786.18,4084.34,2701.84,0.3981385698581529,2024,9,Sep,Q3
SO01708,2023-05-16,South,Chennai,Home Office,Retail Store,Technology,Accessories,P10004,C1567,7,31538.33,0.2387,168067.32,102739.57,65327.75,0.38869989716025694,2023,5,May,Q2
SO01709,2025-08-21,East,Patna,Corporate,Online,Office Supplies,Pens,P10012,C1155,7,1127.1,0.48,4102.57,2373.58,1728.99,0.4214407066789842,2025,8,Aug,Q3
SO01710,2025-07-01,West,Pune,Consumer,Online,Technology,Printers,P10037,C1584,6,27076.31,0.4594,87822.02,56097.08,31724.93,0.36124117846526416,2025,7,Jul,Q3
SO01711,2024-02-14,West,Surat,Consumer,Retail Store,Furniture,Chairs,P10097,C1330,5,5900.92,0.5109,14431.57,11053.47,3378.1,0.23407709625494663,2024,2,Feb,Q1
SO01712,2024-09-11,Central,Indore,Home Office,Retail Store,Technology,Phones,P10093,C1307,7,32471.96,0.2427,172130.48,120381.34,51749.14,0.3006390268591594,2024,9,Sep,Q3
SO01713,2024-11-23,West,Mumbai,Corporate,Online,Furniture,Chairs,P10092,C1180,10,6203.4,0.2885,44140.26,31193.11,12947.15,0.29331839005932453,2024,11,Nov,Q4
SO01714,2024-10-16,North,Jaipur,Consumer,Retail Store,Technology,Laptops,P10078,C1129,4,26212.89,0.2832,75153.36,52749.44,22403.92,0.29810935931540516,2024,10,Oct,Q4
SO01715,2024-07-10,North,Jaipur,Consumer,Retail Store,Technology,Printers,P10030,C1432,5,16324.74,0.55,36730.66,26680.99,10049.67,0.2736043948025981,2024,7,Jul,Q3
SO01716,2023-08-23,North,Lucknow,Corporate,Online,Technology,Laptops,P10016,C1349,2,24199.19,0.1664,40345.82,26017.82,14328.01,0.3551299738114134,2023,8,Aug,Q3
SO01717,2024-08-17,West,Surat,Consumer,Online,Technology,Accessories,P10017,C1011,9,20274.11,0.5129,88883.7,61270.82,27612.88,0.3106630349546655,2024,8,Aug,Q3
SO01718,2024-02-15,West,Pune,Consumer,Online,Office Supplies,Pens,P10044,C1359,2,1167.4,0.2201,1821.02,1183.71,637.31,0.34997419028895893,2024,2,Feb,Q1
SO01719,2025-05-26,Central,Indore,Corporate,Online,Furniture,Tables,P10037,C1141,2,6123.18,0.162,10262.17,7590.41,2671.76,0.2603503937276424,2025,5,May,Q2
SO01720,2023-11-07,East,Kolkata,Home Office,Online,Furniture,Storage,P10041,C1556,8,10394.63,0.2758,60219.65,44929.06,15290.59,0.25391363118184845,2023,11,Nov,Q4
SO01721,2023-06-29,West,Pune,Home Office,Retail Store,Furniture,Chairs,P10057,C1527,1,5079.91,0.2169,3977.84,2771.52,1206.33,0.30326257466363654,2023,6,Jun,Q2
SO01722,2025-07-04,East,Patna,Consumer,Distributor,Furniture,Storage,P10052,C1463,5,6371.99,0.1477,27153.82,19647.21,7506.6,0.276447291762264,2025,7,Jul,Q3
SO01723,2024-05-28,South,Kochi,Corporate,Online,Furniture,Storage,P10030,C1338,2,7401.12,0.1519,12553.54,8589.66,3963.88,0.31575794556754505,2024,5,May,Q2
SO01724,2024-04-01,Central,Indore,Consumer,Retail Store,Office Supplies,Paper,P10040,C1233,5,637.1,0.3001,2229.54,1220.73,1008.81,0.45247450146667023,2024,4,Apr,Q2
SO01725,2023-08-21,South,Kochi,Consumer,Online,Furniture,Chairs,P10046,C1258,4,8690.14,0.3108,23955.67,17692.02,6263.65,0.2614683705360777,2023,8,Aug,Q3
SO01726,2023-05-09,North,Lucknow,Corporate,Retail Store,Furniture,Bookcases,P10023,C1531,3,9066.21,0.1787,22338.61,15963.74,6374.88,0.2853749629005565,2023,5,May,Q2
SO01727,2023-04-05,North,Delhi,Consumer,Retail Store,Furniture,Tables,P10083,C1600,2,9529.73,0.2202,14863.49,10596.74,4266.75,0.28706245975877803,2023,4,Apr,Q2
SO01728,2025-04-20,North,Delhi,Home Office,Retail Store,Furniture,Bookcases,P10016,C1531,5,8861.53,0.1399,38108.34,27223.1,10885.23,0.28563904909004173,2025,4,Apr,Q2
SO01729,2025-10-01,South,Kochi,Corporate,Online,Furniture,Storage,P10069,C1124,7,11212.95,0.3726,49245.88,32347.46,16898.42,0.3431438325398998,2025,10,Oct,Q4
SO01730,2023-09-23,South,Chennai,Corporate,Retail Store,Technology,Accessories,P10067,C1435,4,37236.97,0.1967,119645.58,64481.5,55164.08,0.4610624145079158,2023,9,Sep,Q3
SO01731,2024-08-26,North,Lucknow,Home Office,Retail Store,Technology,Phones,P10037,C1550,5,20203.33,0.3182,68873.28,49884.31,18988.97,0.27570880898949496,2024,8,Aug,Q3
SO01732,2024-12-15,Central,Bhopal,Corporate,Online,Furniture,Storage,P10039,C1016,10,10489.92,0.4329,59490.92,42305.9,17185.03,0.28886811634447745,2024,12,Dec,Q4
SO01733,2024-08-30,West,Ahmedabad,Consumer,Online,Technology,Laptops,P10017,C1462,2,16516.68,0.1943,26614.95,18385.14,8229.81,0.30921756381281945,2024,8,Aug,Q3
SO01734,2023-03-30,East,Patna,Corporate,Distributor,Furniture,Chairs,P10040,C1363,1,10476.9,0.4841,5405.28,4027.51,1377.77,0.2548933635260338,2023,3,Mar,Q1
SO01735,2023-03-09,West,Surat,Corporate,Retail Store,Office Supplies,Paper,P10009,C1066,4,853.42,0.0642,3194.62,1846.28,1348.34,0.42206584820729853,2023,3,Mar,Q1
SO01736,2023-08-18,South,Kochi,Corporate,Distributor,Office Supplies,Pens,P10052,C1233,9,1500.16,0.3027,9414.61,5668.91,3745.7,0.3978603468438947,2023,8,Aug,Q3
SO01737,2025-10-26,Central,Nagpur,Consumer,Online,Furniture,Chairs,P10054,C1007,4,7364.89,0.1755,24290.76,15988.23,8302.53,0.3417978688192548,2025,10,Oct,Q4
SO01738,2025-05-19,North,Delhi,Consumer,Online,Furniture,Tables,P10079,C1559,9,10079.82,0.2688,66331.83,47951.9,18379.93,0.27709065165245705,2025,5,May,Q2
SO01739,2023-06-12,Central,Nagpur,Corporate,Retail Store,Furniture,Bookcases,P10036,C1465,10,10806.41,0.1927,87240.43,60463.99,26776.43,0.30692684572966916,2023,6,Jun,Q2
SO01740,2023-09-09,East,Bhubaneswar,Consumer,Retail Store,Office Supplies,Envelopes,P10035,C1282,8,999.61,0.1395,6881.03,4010.62,2870.41,0.4171483048322707,2023,9,Sep,Q3
SO01741,2023-02-26,East,Guwahati,Consumer,Online,Technology,Phones,P10039,C1512,8,8290.19,0.4241,38192.19,27801.97,10390.22,0.27205090883764455,2023,2,Feb,Q1
SO01742,2024-03-27,East,Kolkata,Corporate,Online,Office Supplies,Binders,P10026,C1221,2,866.19,0.3374,1147.87,659.04,488.83,0.42585832890484115,2024,3,Mar,Q1
SO01743,2023-02-20,East,Guwahati,Consumer,Distributor,Office Supplies,Paper,P10001,C1378,5,835.08,0.395,2526.11,1530.75,995.36,0.39402876359303435,2023,2,Feb,Q1
SO01744,2025-12-11,North,Delhi,Consumer,Online,Furniture,Storage,P10048,C1489,4,9702.66,0.233,29768.25,21509.57,8258.68,0.2774324993911298,2025,12,Dec,Q4
SO01745,2024-09-29,South,Chennai,Corporate,Retail Store,Furniture,Chairs,P10079,C1487,7,6940.09,0.3793,30154.35,23035.0,7119.36,0.236097279496988,2024,9,Sep,Q3
SO01746,2024-12-09,West,Ahmedabad,Home Office,Online,Technology,Accessories,P10004,C1544,5,30121.8,0.0604,141513.92,97857.02,43656.9,0.3084989801709966,2024,12,Dec,Q4
SO01747,2025-09-15,Central,Indore,Consumer,Online,Office Supplies,Pens,P10070,C1517,9,608.69,0.3827,3381.74,2115.69,1266.05,0.3743782786376244,2025,9,Sep,Q3
SO01748,2025-11-24,West,Ahmedabad,Consumer,Retail Store,Furniture,Chairs,P10017,C1525,5,7297.31,0.3279,24524.21,18956.42,5567.8,0.22703279738674562,2025,11,Nov,Q4
SO01749,2024-11-28,North,Delhi,Consumer,Online,Furniture,Tables,P10034,C1167,5,6306.94,0.2463,23768.52,18293.72,5474.8,0.2303382793712019,2024,11,Nov,Q4
SO01750,2024-05-02,East,Kolkata,Home Office,Online,Furniture,Tables,P10001,C1034,9,9367.2,0.227,65170.82,52772.97,12397.85,0.1902362130781844,2024,5,May,Q2
SO01751,2023-05-31,East,Guwahati,Corporate,Online,Technology,Printers,P10062,C1337,3,28466.81,0.2358,65265.25,46683.03,18582.23,0.28471859067421024,2023,5,May,Q2
SO01752,2024-11-11,West,Ahmedabad,Consumer,Distributor,Office Supplies,Envelopes,P10059,C1302,3,598.74,0.2644,1321.23,739.83,581.4,0.4400445039849231,2024,11,Nov,Q4
SO01753,2025-07-24,North,Lucknow,Corporate,Retail Store,Office Supplies,Binders,P10044,C1462,7,811.28,0.505,2811.05,1670.54,1140.51,0.40572383984632077,2025,7,Jul,Q3
SO01754,2023-06-17,North,Lucknow,Home Office,Online,Technology,Laptops,P10090,C1100,4,27915.64,0.4451,61964.44,39763.09,22201.35,0.35829178799969785,2023,6,Jun,Q2
SO01755,2025-09-10,South,Hyderabad,Corporate,Online,Technology,Phones,P10041,C1381,5,28094.54,0.2188,109736.88,76845.95,32890.93,0.29972539769674517,2025,9,Sep,Q3
SO01756,2023-11-06,Central,Indore,Home Office,Retail Store,Technology,Accessories,P10067,C1338,10,31210.64,0.247,235017.75,147068.01,87949.74,0.37422594676359555,2023,11,Nov,Q4
SO01757,2023-12-11,Central,Nagpur,Home Office,Online,Furniture,Tables,P10057,C1516,6,5505.34,0.169,27450.66,19431.11,8019.55,0.292144159739693,2023,12,Dec,Q4
SO01758,2025-08-07,West,Mumbai,Consumer,Retail Store,Furniture,Storage,P10008,C1523,2,12570.03,0.1606,21101.73,15491.21,5610.53,0.2658800960869085,2025,8,Aug,Q3
SO01759,2024-07-27,North,Jaipur,Corporate,Online,Furniture,Storage,P10006,C1161,7,10011.86,0.5247,33308.57,23190.56,10118.02,0.30376626796046785,2024,7,Jul,Q3
SO01760,2025-01-29,North,Lucknow,Home Office,Online,Furniture,Storage,P10030,C1352,3,11690.02,0.1833,28643.26,19620.14,9023.12,0.3150172152192174,2025,1,Jan,Q1
SO01761,2024-04-29,West,Pune,Corporate,Retail Store,Furniture,Bookcases,P10088,C1141,3,9519.56,0.1108,25393.95,17620.87,7773.08,0.30609968122328346,2024,4,Apr,Q2
SO01762,2023-03-25,South,Hyderabad,Consumer,Online,Technology,Phones,P10043,C1158,4,19630.9,0.1596,65988.91,45301.79,20687.12,0.31349388859431077,2023,3,Mar,Q1
SO01763,2024-11-29,East,Kolkata,Home Office,Distributor,Furniture,Tables,P10011,C1178,2,6179.32,0.1514,10487.78,8642.66,1845.11,0.17592951034441986,2024,11,Nov,Q4
SO01764,2023-10-26,Central,Bhopal,Consumer,Distributor,Office Supplies,Pens,P10044,C1422,6,810.2,0.2824,3488.21,1962.75,1525.46,0.43731885408275306,2023,10,Oct,Q4
SO01765,2024-01-25,South,Chennai,Corporate,Retail Store,Technology,Printers,P10081,C1189,1,16490.49,0.099,14857.21,10618.3,4238.92,0.2853106336923285,2024,1,Jan,Q1
SO01766,2025-12-01,East,Guwahati,Consumer,Online,Furniture,Chairs,P10048,C1014,9,7996.08,0.2568,53482.46,41188.85,12293.61,0.22986246331975008,2025,12,Dec,Q4
SO01767,2023-12-07,West,Surat,Corporate,Retail Store,Technology,Accessories,P10087,C1418,7,22157.62,0.2391,118010.76,76039.58,41971.18,0.3556555351393382,2023,12,Dec,Q4
SO01768,2023-04-19,South,Bengaluru,Home Office,Distributor,Technology,Printers,P10058,C1295,1,22486.02,0.1333,19487.87,13892.21,5595.66,0.28713553610527986,2023,4,Apr,Q2
SO01769,2025-03-05,Central,Indore,Consumer,Retail Store,Technology,Printers,P10078,C1346,3,25352.31,0.1751,62740.81,40912.06,21828.75,0.3479194801597238,2025,3,Mar,Q1
SO01770,2025-04-30,West,Pune,Consumer,Online,Office Supplies,Paper,P10081,C1368,5,790.62,0.1312,3434.41,2013.37,1421.05,0.41376830372611306,2025,4,Apr,Q2
SO01771,2025-10-08,Central,Nagpur,Corporate,Online,Furniture,Storage,P10080,C1325,2,7454.44,0.3659,9453.75,6120.77,3332.98,0.3525563929657543,2025,10,Oct,Q4
SO01772,2023-01-24,North,Jaipur,Consumer,Retail Store,Office Supplies,Binders,P10068,C1576,3,561.29,0.0208,1648.82,1022.25,626.57,0.38001115949588193,2023,1,Jan,Q1
SO01773,2025-09-15,South,Chennai,Consumer,Retail Store,Technology,Accessories,P10016,C1147,7,9981.61,0.2007,55851.49,34480.03,21371.46,0.3826479830708187,2025,9,Sep,Q3
SO01774,2025-11-14,North,Jaipur,Consumer,Online,Office Supplies,Pens,P10003,C1480,1,797.61,0.1876,647.95,370.92,277.03,0.42754842194613774,2025,11,Nov,Q4
SO01775,2023-01-01,West,Pune,Consumer,Online,Furniture,Storage,P10084,C1404,10,11757.93,0.4059,69859.73,53335.1,16524.63,0.2365401354972314,2023,1,Jan,Q1
SO01776,2023-09-04,West,Ahmedabad,Consumer,Retail Store,Office Supplies,Binders,P10043,C1084,2,1051.76,0.1989,1685.11,1022.95,662.17,0.3929535757309612,2023,9,Sep,Q3
SO01777,2023-03-07,Central,Nagpur,Consumer,Retail Store,Office Supplies,Binders,P10042,C1548,4,1265.48,0.1702,4200.24,2449.23,1751.02,0.4168857017694227,2023,3,Mar,Q1
SO01778,2025-11-18,West,Surat,Home Office,Online,Technology,Accessories,P10059,C1491,9,12557.78,0.1011,101594.05,69018.13,32575.92,0.320647911959411,2025,11,Nov,Q4
SO01779,2024-06-26,South,Kochi,Corporate,Online,Furniture,Tables,P10040,C1110,5,10662.94,0.3935,32333.11,24710.21,7622.9,0.23576142226961772,2024,6,Jun,Q2
SO01780,2024-10-26,West,Mumbai,Home Office,Retail Store,Furniture,Chairs,P10017,C1249,2,10179.66,0.1193,17929.55,12838.19,5091.36,0.2839647397731678,2024,10,Oct,Q4
SO01781,2023-07-10,South,Hyderabad,Home Office,Retail Store,Office Supplies,Binders,P10093,C1132,10,618.02,0.5453,2810.39,1659.58,1150.81,0.40948409295507027,2023,7,Jul,Q3
SO01782,2023-09-30,Central,Raipur,Home Office,Online,Furniture,Storage,P10100,C1008,4,11168.97,0.3129,30696.67,20221.49,10475.19,0.34124841554474805,2023,9,Sep,Q3
SO01783,2024-01-11,East,Guwahati,Corporate,Retail Store,Office Supplies,Envelopes,P10017,C1146,2,930.33,0.55,837.3,502.59,334.7,0.39973725068673116,2024,1,Jan,Q1
SO01784,2025-08-17,West,Ahmedabad,Consumer,Online,Furniture,Chairs,P10100,C1074,2,11416.31,0.3587,14641.8,10426.13,4215.66,0.28791951809203786,2025,8,Aug,Q3
SO01785,2024-09-23,Central,Indore,Consumer,Retail Store,Furniture,Tables,P10071,C1577,2,12412.64,0.4582,13449.72,10067.65,3382.07,0.25146025344765544,2024,9,Sep,Q3
SO01786,2023-08-31,South,Hyderabad,Corporate,Retail Store,Technology,Laptops,P10095,C1208,3,25220.6,0.1146,66993.87,40818.13,26175.74,0.39071843438810155,2023,8,Aug,Q3
SO01787,2024-04-17,East,Kolkata,Home Office,Online,Technology,Accessories,P10005,C1444,6,27835.39,0.1811,136764.42,89161.27,47603.16,0.3480668437010152,2024,4,Apr,Q2
SO01788,2025-07-17,South,Bengaluru,Corporate,Retail Store,Technology,Printers,P10022,C1087,6,16845.56,0.1349,87438.93,62573.98,24864.95,0.28436933068599995,2025,7,Jul,Q3
SO01789,2025-12-23,East,Kolkata,Consumer,Retail Store,Furniture,Chairs,P10032,C1321,1,8100.11,0.1267,7073.9,5267.65,1806.25,0.25534005287041095,2025,12,Dec,Q4
SO01790,2024-07-25,East,Bhubaneswar,Consumer,Online,Technology,Accessories,P10015,C1532,2,26012.01,0.1172,45925.92,31427.42,14498.5,0.31569318589589496,2024,7,Jul,Q3
SO01791,2024-04-05,North,Lucknow,Corporate,Online,Furniture,Chairs,P10058,C1336,3,11145.69,0.55,15046.68,11059.78,3986.9,0.26496875058152364,2024,4,Apr,Q2
SO01792,2023-11-09,East,Bhubaneswar,Consumer,Retail Store,Furniture,Bookcases,P10004,C1527,6,11103.67,0.4506,36605.26,26850.64,9754.62,0.266481374534698,2023,11,Nov,Q4
SO01793,2023-10-17,West,Ahmedabad,Consumer,Retail Store,Furniture,Storage,P10061,C1072,8,4897.66,0.2607,28964.94,23275.58,5689.36,0.19642229536812436,2023,10,Oct,Q4
SO01794,2025-11-10,East,Patna,Corporate,Online,Technology,Printers,P10010,C1412,9,24323.54,0.0648,204730.55,138006.25,66724.3,0.3259127668049542,2025,11,Nov,Q4
SO01795,2024-06-16,West,Mumbai,Corporate,Retail Store,Office Supplies,Envelopes,P10062,C1300,6,273.83,0.43,936.47,562.31,374.16,0.399542964537038,2024,6,Jun,Q2
SO01796,2024-03-02,South,Hyderabad,Consumer,Retail Store,Technology,Accessories,P10042,C1176,6,17881.48,0.1677,89297.71,60447.76,28849.95,0.3230760340886681,2024,3,Mar,Q1
SO01797,2025-08-05,West,Mumbai,Consumer,Online,Technology,Phones,P10067,C1129,2,36607.21,0.2574,54367.77,36438.06,17929.71,0.3297856432220781,2025,8,Aug,Q3
SO01798,2024-09-15,West,Pune,Corporate,Online,Technology,Printers,P10100,C1519,8,17800.98,0.0757,131628.01,90155.74,41472.27,0.3150717692989508,2024,9,Sep,Q3
SO01799,2023-08-29,East,Guwahati,Consumer,Online,Furniture,Bookcases,P10071,C1314,1,8749.53,0.3815,5411.81,3774.05,1637.76,0.30262703236070737,2023,8,Aug,Q3
SO01800,2025-09-14,South,Hyderabad,Corporate,Online,Technology,Printers,P10087,C1155,10,15724.42,0.239,119664.29,79787.19,39877.1,0.3332414373577949,2025,9,Sep,Q3
SO01801,2025-11-29,West,Pune,Corporate,Retail Store,Furniture,Tables,P10085,C1501,8,5105.74,0.55,18380.68,12158.73,6221.95,0.3385048866527245,2025,11,Nov,Q4
SO01802,2024-06-04,North,Jaipur,Consumer,Online,Office Supplies,Paper,P10066,C1415,9,671.65,0.4586,3272.81,1761.91,1510.91,0.4616552748249975,2024,6,Jun,Q2
SO01803,2023-12-31,South,Hyderabad,Consumer,Retail Store,Technology,Printers,P10040,C1403,10,26054.19,0.1704,216134.52,147454.77,68679.75,0.3177639092542922,2023,12,Dec,Q4
SO01804,2025-11-16,East,Bhubaneswar,Consumer,Retail Store,Furniture,Tables,P10070,C1370,1,12054.78,0.2808,8670.01,5425.71,3244.3,0.3741979536355783,2025,11,Nov,Q4
SO01805,2025-04-25,North,Chandigarh,Home Office,Retail Store,Office Supplies,Paper,P10026,C1183,10,944.48,0.4677,5027.37,2898.89,2128.48,0.42337842649337526,2025,4,Apr,Q2
SO01806,2025-06-21,Central,Nagpur,Consumer,Online,Office Supplies,Pens,P10077,C1473,4,692.25,0.3362,1838.17,954.33,883.84,0.4808260389409032,2025,6,Jun,Q2
SO01807,2023-09-19,West,Pune,Corporate,Distributor,Furniture,Storage,P10029,C1237,10,17651.14,0.3475,115175.4,78852.29,36323.11,0.3153721193935511,2023,9,Sep,Q3
SO01808,2025-10-19,Central,Nagpur,Corporate,Online,Office Supplies,Paper,P10096,C1489,3,948.61,0.3394,1879.99,1034.54,845.44,0.44970451970489206,2025,10,Oct,Q4
SO01809,2023-08-22,Central,Bhopal,Consumer,Retail Store,Technology,Printers,P10019,C1523,2,28901.64,0.2639,42550.61,27596.81,14953.8,0.3514356198418777,2023,8,Aug,Q3
SO01810,2024-12-20,East,Kolkata,Consumer,Online,Office Supplies,Binders,P10029,C1346,2,739.6,0.322,1002.97,569.99,432.98,0.43169785736363003,2024,12,Dec,Q4
SO01811,2023-03-10,South,Hyderabad,Corporate,Online,Technology,Phones,P10052,C1070,3,29779.58,0.3487,58186.07,37853.72,20332.35,0.34943672944400606,2023,3,Mar,Q1
SO01812,2024-03-12,Central,Indore,Corporate,Online,Office Supplies,Binders,P10075,C1169,6,256.28,0.4241,885.56,485.09,400.47,0.45222232259813006,2024,3,Mar,Q1
SO01813,2024-12-06,North,Chandigarh,Home Office,Retail Store,Technology,Accessories,P10091,C1189,8,29303.73,0.2955,165152.08,110874.6,54277.48,0.32865150714420316,2024,12,Dec,Q4
SO01814,2024-07-21,North,Delhi,Home Office,Distributor,Office Supplies,Envelopes,P10021,C1479,6,860.55,0.2551,3846.19,2340.45,1505.73,0.39148612003047173,2024,7,Jul,Q3
SO01815,2024-07-27,East,Patna,Consumer,Distributor,Technology,Laptops,P10008,C1555,3,32083.08,0.177,79214.25,51643.28,27570.97,0.3480556844254664,2024,7,Jul,Q3
SO01816,2023-11-26,North,Chandigarh,Corporate,Online,Technology,Phones,P10076,C1167,4,21214.16,0.415,49641.39,31852.13,17789.26,0.35835539657531745,2023,11,Nov,Q4
SO01817,2023-07-20,West,Pune,Corporate,Retail Store,Furniture,Tables,P10082,C1322,4,13233.86,0.3939,32086.75,22581.63,9505.13,0.2962322453972434,2023,7,Jul,Q3
SO01818,2024-03-17,West,Ahmedabad,Consumer,Online,Office Supplies,Pens,P10066,C1421,4,833.4,0.061,3130.09,1825.12,1304.97,0.4169113348178487,2024,3,Mar,Q1
SO01819,2025-04-28,North,Chandigarh,Home Office,Retail Store,Office Supplies,Paper,P10010,C1423,10,775.23,0.2749,5621.21,3496.65,2124.57,0.37795599168150634,2025,4,Apr,Q2
SO01820,2023-06-17,East,Bhubaneswar,Consumer,Retail Store,Furniture,Bookcases,P10064,C1055,9,5251.66,0.2278,36499.12,26651.59,9847.52,0.26980157329820553,2023,6,Jun,Q2
SO01821,2023-02-02,East,Guwahati,Consumer,Retail Store,Technology,Printers,P10023,C1573,4,26289.0,0.0832,96409.8,66807.61,29602.18,0.30704534186358645,2023,2,Feb,Q1
SO01822,2024-06-06,Central,Nagpur,Home Office,Retail Store,Furniture,Tables,P10011,C1210,10,12820.89,0.1516,108766.28,81879.2,26887.08,0.247200511040738,2024,6,Jun,Q2
SO01823,2023-02-06,North,Lucknow,Home Office,Retail Store,Furniture,Storage,P10061,C1282,3,6315.64,0.4842,9773.44,7611.13,2162.31,0.2212434925676118,2023,2,Feb,Q1
SO01824,2025-03-29,South,Bengaluru,Corporate,Retail Store,Technology,Printers,P10079,C1323,8,32772.82,0.2266,202774.11,115991.28,86782.82,0.4279778123548416,2025,3,Mar,Q1
SO01825,2024-07-09,South,Kochi,Consumer,Online,Technology,Accessories,P10057,C1583,1,16348.03,0.3914,9949.4,6942.1,3007.3,0.30225943272961187,2024,7,Jul,Q3
SO01826,2023-06-09,North,Jaipur,Corporate,Online,Office Supplies,Binders,P10018,C1055,8,779.62,0.2075,4942.85,2510.56,2432.3,0.4920845261337083,2023,6,Jun,Q2
SO01827,2023-11-01,South,Chennai,Corporate,Online,Furniture,Bookcases,P10030,C1300,4,8572.56,0.1093,30543.39,20941.45,9601.93,0.3143701468632002,2023,11,Nov,Q4
SO01828,2025-07-11,North,Delhi,Home Office,Distributor,Office Supplies,Pens,P10082,C1292,3,941.25,0.491,1437.31,838.49,598.82,0.4166255018054561,2025,7,Jul,Q3
SO01829,2025-01-21,West,Surat,Consumer,Retail Store,Technology,Printers,P10059,C1427,4,20360.93,0.0575,76764.19,48832.26,27931.93,0.3638666675177579,2025,1,Jan,Q1
SO01830,2024-08-23,East,Patna,Corporate,Online,Technology,Accessories,P10021,C1130,1,22144.16,0.1755,18257.5,11278.08,6979.43,0.3822774202382583,2024,8,Aug,Q3
SO01831,2025-06-01,Central,Nagpur,Consumer,Online,Office Supplies,Paper,P10048,C1169,2,1205.75,0.3715,1515.6,932.01,583.58,0.385048825547638,2025,6,Jun,Q2
SO01832,2023-07-27,North,Lucknow,Consumer,Online,Technology,Accessories,P10012,C1322,5,24787.99,0.1235,108632.51,69847.65,38784.86,0.35702811248676847,2023,7,Jul,Q3
SO01833,2023-10-23,Central,Bhopal,Consumer,Distributor,Office Supplies,Binders,P10027,C1348,8,425.28,0.2451,2568.2,1523.1,1045.11,0.4069426057160657,2023,10,Oct,Q4
SO01834,2024-06-13,South,Kochi,Consumer,Online,Technology,Phones,P10012,C1530,9,19930.56,0.4296,102313.17,63923.58,38389.6,0.3752166021246336,2024,6,Jun,Q2
SO01835,2024-08-06,North,Delhi,Corporate,Distributor,Furniture,Bookcases,P10003,C1004,6,11943.87,0.55,32248.44,25395.15,6853.29,0.2125153960935785,2024,8,Aug,Q3
SO01836,2024-02-22,South,Kochi,Corporate,Retail Store,Technology,Printers,P10064,C1330,4,24372.85,0.0246,95096.37,66271.69,28824.69,0.30311030799598343,2024,2,Feb,Q1
SO01837,2023-08-18,East,Bhubaneswar,Consumer,Online,Office Supplies,Paper,P10089,C1588,6,888.65,0.2401,4051.61,2078.79,1972.82,0.486922482667384,2023,8,Aug,Q3
SO01838,2024-08-15,Central,Indore,Consumer,Retail Store,Technology,Accessories,P10070,C1383,4,15094.12,0.2554,44958.65,26744.29,18214.36,0.40513583036857204,2024,8,Aug,Q3
SO01839,2025-12-19,West,Mumbai,Consumer,Retail Store,Furniture,Tables,P10094,C1299,3,4687.39,0.2161,11023.18,7924.22,3098.96,0.28113121621891324,2025,12,Dec,Q4
SO01840,2025-12-19,South,Hyderabad,Corporate,Online,Furniture,Tables,P10061,C1349,8,9163.53,0.1144,64925.14,50499.09,14426.05,0.22219513119263198,2025,12,Dec,Q4
SO01841,2024-02-21,East,Bhubaneswar,Corporate,Online,Office Supplies,Pens,P10066,C1519,5,900.14,0.3427,2958.14,1619.41,1338.73,0.45255802632735437,2024,2,Feb,Q1
SO01842,2024-08-14,East,Guwahati,Home Office,Retail Store,Furniture,Chairs,P10044,C1082,5,13647.38,0.1647,56999.78,43383.96,13615.82,0.2388749570612378,2024,8,Aug,Q3
SO01843,2025-08-15,South,Kochi,Corporate,Retail Store,Furniture,Chairs,P10056,C1222,1,10939.07,0.1663,9119.56,6411.72,2707.84,0.29692660610818944,2025,8,Aug,Q3
SO01844,2024-01-17,West,Ahmedabad,Consumer,Distributor,Technology,Printers,P10016,C1490,10,26448.28,0.3483,172372.45,114707.02,57665.43,0.3345397132778469,2024,1,Jan,Q1
SO01845,2024-12-02,North,Delhi,Corporate,Online,Office Supplies,Envelopes,P10046,C1298,2,480.23,0.4095,567.14,308.0,259.14,0.45692421624290297,2024,12,Dec,Q4
SO01846,2024-06-20,East,Patna,Corporate,Retail Store,Office Supplies,Paper,P10027,C1548,7,818.87,0.2017,4575.73,2553.55,2022.18,0.4419360408066036,2024,6,Jun,Q2
SO01847,2025-09-12,South,Kochi,Consumer,Distributor,Office Supplies,Paper,P10022,C1437,3,511.48,0.2649,1128.0,681.37,446.63,0.3959485815602837,2025,9,Sep,Q3
SO01848,2025-12-27,South,Bengaluru,Consumer,Distributor,Technology,Accessories,P10029,C1387,10,38735.45,0.3288,259983.12,183399.9,76583.22,0.29456997054270295,2025,12,Dec,Q4
SO01849,2023-09-11,West,Mumbai,Consumer,Online,Technology,Laptops,P10056,C1339,7,21545.18,0.1718,124904.18,83425.99,41478.2,0.33208015936696433,2023,9,Sep,Q3
SO01850,2023-02-25,North,Lucknow,Consumer,Online,Technology,Printers,P10033,C1002,8,22132.01,0.3422,116461.55,79237.71,37223.85,0.3196235152288459,2023,2,Feb,Q1
SO01851,2023-05-20,West,Pune,Consumer,Online,Technology,Phones,P10056,C1505,4,24761.21,0.1471,84472.12,60614.06,23858.06,0.28243709285383156,2023,5,May,Q2
SO01852,2024-06-08,North,Chandigarh,Consumer,Online,Furniture,Storage,P10081,C1167,7,10373.99,0.2637,53467.78,32846.42,20621.36,0.3856782533331289,2024,6,Jun,Q2
SO01853,2024-02-11,Central,Raipur,Corporate,Distributor,Technology,Accessories,P10095,C1554,4,14372.11,0.5426,26296.29,15648.57,10647.72,0.4049133927257419,2024,2,Feb,Q1
SO01854,2023-09-25,East,Patna,Corporate,Distributor,Office Supplies,Binders,P10042,C1270,1,1087.02,0.2747,788.37,367.21,421.16,0.534216167535548,2023,9,Sep,Q3
SO01855,2025-01-01,North,Delhi,Consumer,Distributor,Furniture,Storage,P10100,C1205,8,7447.16,0.4177,34692.92,25823.96,8868.96,0.25564178512503416,2025,1,Jan,Q1
SO01856,2023-08-28,South,Hyderabad,Consumer,Online,Office Supplies,Envelopes,P10096,C1453,8,839.86,0.55,3023.51,1730.61,1292.9,0.4276155858588197,2023,8,Aug,Q3
SO01857,2025-12-11,West,Ahmedabad,Corporate,Retail Store,Furniture,Storage,P10046,C1525,10,7000.74,0.2631,51586.99,37092.58,14494.41,0.2809702601372943,2025,12,Dec,Q4
SO01858,2023-03-31,North,Jaipur,Consumer,Online,Technology,Accessories,P10100,C1236,3,31498.73,0.1291,82297.6,59055.0,23242.61,0.2824214800917645,2023,3,Mar,Q1
SO01859,2025-08-16,North,Jaipur,Corporate,Online,Technology,Laptops,P10037,C1380,10,19589.0,0.1314,170155.17,114303.68,55851.48,0.32823851311717417,2025,8,Aug,Q3
SO01860,2024-03-25,East,Bhubaneswar,Consumer,Retail Store,Technology,Laptops,P10029,C1452,4,29113.96,0.1732,96284.67,67340.19,28944.48,0.3006135867734708,2024,3,Mar,Q1
SO01861,2024-05-29,Central,Raipur,Home Office,Online,Office Supplies,Paper,P10092,C1227,6,817.5,0.1584,4128.03,2339.76,1788.27,0.43320179359161637,2024,5,May,Q2
SO01862,2025-06-10,West,Mumbai,Corporate,Online,Technology,Printers,P10056,C1368,9,10577.51,0.1413,81746.1,54263.68,27482.41,0.33619230764525765,2025,6,Jun,Q2
SO01863,2023-07-31,West,Pune,Consumer,Retail Store,Technology,Accessories,P10056,C1317,9,30334.03,0.216,214030.32,150182.97,63847.35,0.2983098375968414,2023,7,Jul,Q3
SO01864,2025-05-19,West,Ahmedabad,Corporate,Distributor,Furniture,Tables,P10062,C1454,8,7468.45,0.1329,51809.27,40282.3,11526.96,0.222488369359383,2025,5,May,Q2
SO01865,2024-12-23,West,Mumbai,Home Office,Online,Technology,Printers,P10092,C1592,8,21758.28,0.2154,136577.29,97916.06,38661.23,0.28307217107617233,2024,12,Dec,Q4
SO01866,2024-09-13,West,Pune,Consumer,Online,Office Supplies,Pens,P10016,C1003,2,750.93,0.3287,1008.21,522.56,485.65,0.4816952817369397,2024,9,Sep,Q3
SO01867,2023-03-09,Central,Indore,Consumer,Distributor,Office Supplies,Paper,P10004,C1177,10,1414.18,0.55,6363.83,3023.65,3340.18,0.524869457543649,2023,3,Mar,Q1
SO01868,2024-12-06,North,Lucknow,Consumer,Online,Office Supplies,Binders,P10012,C1473,2,1895.62,0.5089,1861.94,1150.81,711.13,0.38192960030935474,2024,12,Dec,Q4
SO01869,2023-11-13,North,Delhi,Consumer,Retail Store,Furniture,Storage,P10019,C1444,4,15394.83,0.1804,50473.32,34777.84,15695.48,0.3109658726630228,2023,11,Nov,Q4
SO01870,2025-11-13,Central,Bhopal,Consumer,Retail Store,Office Supplies,Binders,P10098,C1548,1,610.25,0.1758,502.94,278.46,224.49,0.44635543007118145,2025,11,Nov,Q4
SO01871,2024-09-24,West,Surat,Consumer,Online,Furniture,Chairs,P10084,C1416,1,10387.38,0.383,6408.87,4480.67,1928.2,0.30086427092451556,2024,9,Sep,Q3
SO01872,2025-04-30,East,Bhubaneswar,Consumer,Online,Office Supplies,Binders,P10023,C1296,2,780.04,0.3021,1088.7,518.58,570.12,0.5236704326260677,2025,4,Apr,Q2
SO01873,2023-03-20,East,Bhubaneswar,Consumer,Online,Office Supplies,Paper,P10060,C1581,10,536.42,0.1981,4301.62,2178.1,2123.53,0.49365820318856624,2023,3,Mar,Q1
SO01874,2025-02-12,Central,Indore,Consumer,Online,Office Supplies,Envelopes,P10099,C1273,8,1077.33,0.0796,7932.62,4485.44,3447.18,0.4345575610580111,2025,2,Feb,Q1
SO01875,2023-04-10,South,Kochi,Consumer,Online,Office Supplies,Envelopes,P10071,C1409,5,524.13,0.308,1813.54,1015.0,798.54,0.4403211398700883,2023,4,Apr,Q2
SO01876,2024-11-19,West,Mumbai,Consumer,Online,Furniture,Storage,P10022,C1347,9,7681.66,0.1754,57010.67,37038.69,19971.99,0.3503202119883875,2024,11,Nov,Q4
SO01877,2024-10-18,South,Chennai,Corporate,Distributor,Furniture,Tables,P10061,C1157,5,2654.9,0.2545,9895.94,6853.01,3042.93,0.30749276976214485,2024,10,Oct,Q4
SO01878,2025-11-21,North,Jaipur,Corporate,Online,Furniture,Storage,P10003,C1360,8,10475.14,0.2703,61150.84,42002.16,19148.68,0.31313846220264513,2025,11,Nov,Q4
SO01879,2023-02-08,Central,Bhopal,Home Office,Retail Store,Office Supplies,Binders,P10027,C1508,10,1135.82,0.0638,10633.33,6625.43,4007.9,0.3769186134541108,2023,2,Feb,Q1
SO01880,2024-04-05,South,Bengaluru,Corporate,Retail Store,Furniture,Chairs,P10005,C1350,8,11116.71,0.2826,63798.09,42474.67,21323.42,0.33423289004420037,2024,4,Apr,Q2
SO01881,2024-03-27,South,Hyderabad,Home Office,Retail Store,Technology,Printers,P10046,C1472,2,10077.37,0.06,18946.37,12064.65,6881.72,0.3632210286192025,2024,3,Mar,Q1
SO01882,2025-06-08,West,Mumbai,Home Office,Retail Store,Furniture,Bookcases,P10051,C1124,9,10150.53,0.3357,60688.06,44900.04,15788.02,0.2601503491790642,2025,6,Jun,Q2
SO01883,2024-01-17,East,Guwahati,Corporate,Retail Store,Technology,Phones,P10045,C1361,4,14372.87,0.2923,40684.83,26713.37,13971.46,0.3434071126756582,2024,1,Jan,Q1
SO01884,2025-02-01,West,Ahmedabad,Consumer,Distributor,Office Supplies,Envelopes,P10098,C1144,7,875.96,0.2327,4705.09,2322.34,2382.75,0.5064196434074587,2025,2,Feb,Q1
SO01885,2023-10-08,South,Bengaluru,Corporate,Retail Store,Technology,Accessories,P10086,C1274,6,21971.08,0.4501,72497.54,44152.16,28345.38,0.390984025113128,2023,10,Oct,Q4
SO01886,2023-07-29,East,Bhubaneswar,Home Office,Online,Furniture,Storage,P10041,C1173,9,5173.47,0.4358,26271.87,17457.59,8814.29,0.3355029543005504,2023,7,Jul,Q3
SO01887,2023-08-31,East,Patna,Consumer,Retail Store,Furniture,Tables,P10015,C1125,5,11646.88,0.2033,46396.17,33344.3,13051.87,0.2813135222153036,2023,8,Aug,Q3
SO01888,2024-09-11,Central,Raipur,Consumer,Distributor,Furniture,Bookcases,P10069,C1370,3,10162.6,0.4259,17502.56,12315.01,5187.55,0.2963880712307228,2024,9,Sep,Q3
SO01889,2024-02-13,North,Chandigarh,Consumer,Distributor,Technology,Laptops,P10006,C1446,9,15929.21,0.2033,114217.26,75885.92,38331.34,0.3356002411544455,2024,2,Feb,Q1
SO01890,2023-05-12,West,Ahmedabad,Consumer,Distributor,Technology,Printers,P10099,C1464,7,23035.52,0.2464,121519.11,83781.91,37737.2,0.31054539487657534,2023,5,May,Q2
SO01891,2024-04-06,Central,Nagpur,Corporate,Online,Office Supplies,Envelopes,P10028,C1458,5,864.99,0.3091,2987.99,1725.32,1262.67,0.4225817355479771,2024,4,Apr,Q2
SO01892,2025-01-01,West,Surat,Corporate,Retail Store,Technology,Printers,P10097,C1590,7,34824.25,0.1311,211822.78,116471.15,95351.63,0.45014813798591446,2025,1,Jan,Q1
SO01893,2024-05-25,East,Bhubaneswar,Corporate,Online,Technology,Phones,P10024,C1109,8,28747.51,0.1444,196775.19,134354.66,62420.53,0.3172174805167257,2024,5,May,Q2
SO01894,2025-12-16,West,Surat,Consumer,Online,Furniture,Storage,P10087,C1495,10,2936.58,0.2181,22960.52,16754.27,6206.25,0.2703009339509732,2025,12,Dec,Q4
SO01895,2025-01-11,North,Jaipur,Corporate,Online,Furniture,Bookcases,P10087,C1069,2,8218.95,0.3858,10096.0,7681.78,2414.22,0.23912638668779712,2025,1,Jan,Q1
SO01896,2024-05-06,South,Kochi,Consumer,Distributor,Office Supplies,Binders,P10032,C1018,10,805.32,0.4686,4279.22,2590.91,1688.31,0.3945368548473787,2024,5,May,Q2
SO01897,2024-07-13,East,Patna,Home Office,Distributor,Office Supplies,Binders,P10060,C1229,4,805.1,0.1785,2645.47,1457.34,1188.12,0.4491149020778916,2024,7,Jul,Q3
SO01898,2023-11-15,South,Bengaluru,Corporate,Retail Store,Technology,Phones,P10015,C1099,8,25507.37,0.2666,149659.28,100398.68,49260.6,0.3291516570171926,2023,11,Nov,Q4
SO01899,2025-12-14,North,Lucknow,Home Office,Online,Office Supplies,Paper,P10056,C1417,5,1138.3,0.2985,3992.81,2538.32,1454.49,0.36427728842594564,2025,12,Dec,Q4
SO01900,2024-07-09,East,Guwahati,Corporate,Online,Furniture,Storage,P10020,C1588,10,8493.02,0.2196,66281.53,47546.13,18735.4,0.28266396385237336,2024,7,Jul,Q3
SO01901,2025-07-09,East,Bhubaneswar,Corporate,Online,Office Supplies,Pens,P10001,C1581,4,754.75,0.0668,2817.24,1711.64,1105.6,0.39244082861240076,2025,7,Jul,Q3
SO01902,2023-03-20,South,Kochi,Home Office,Retail Store,Technology,Phones,P10024,C1173,2,35483.44,0.1573,59802.04,36827.25,22974.79,0.3841807068788958,2023,3,Mar,Q1
SO01903,2024-04-12,South,Hyderabad,Consumer,Distributor,Technology,Phones,P10019,C1515,6,7966.22,0.2946,33715.77,23780.74,9935.04,0.2946704168405468,2024,4,Apr,Q2
SO01904,2023-05-10,North,Chandigarh,Corporate,Online,Technology,Printers,P10065,C1108,10,30638.8,0.1827,250411.65,147806.82,102604.83,0.40974463448485726,2023,5,May,Q2
SO01905,2023-06-01,West,Pune,Consumer,Online,Furniture,Bookcases,P10074,C1382,9,7270.39,0.3423,43037.68,30154.72,12882.97,0.29934164666868657,2023,6,Jun,Q2
SO01906,2024-02-13,North,Delhi,Consumer,Online,Technology,Printers,P10066,C1234,3,25007.36,0.2745,54430.55,38313.46,16117.09,0.2961037505591988,2024,2,Feb,Q1
SO01907,2023-08-18,East,Bhubaneswar,Home Office,Online,Technology,Accessories,P10040,C1269,6,26735.7,0.148,136667.01,87969.4,48697.61,0.3563230804566515,2023,8,Aug,Q3
SO01908,2025-11-10,West,Surat,Home Office,Online,Technology,Phones,P10086,C1218,4,22214.01,0.274,64508.86,45042.89,19465.96,0.30175637889120965,2025,11,Nov,Q4
SO01909,2023-11-25,South,Hyderabad,Corporate,Online,Technology,Phones,P10083,C1596,6,18748.82,0.4634,60368.41,40097.76,20270.65,0.3357824067256368,2023,11,Nov,Q4
SO01910,2024-10-02,South,Chennai,Corporate,Online,Technology,Laptops,P10001,C1289,4,14028.36,0.1124,49803.66,31974.46,17829.2,0.3579897541666616,2024,10,Oct,Q4
SO01911,2024-01-06,West,Surat,Home Office,Retail Store,Furniture,Tables,P10057,C1216,10,8290.87,0.3712,52136.54,38215.31,13921.23,0.26701484218170213,2024,1,Jan,Q1
SO01912,2025-06-01,South,Chennai,Consumer,Retail Store,Furniture,Tables,P10094,C1036,4,4642.8,0.2411,14093.56,9820.76,4272.81,0.30317464146745043,2025,6,Jun,Q2
SO01913,2024-03-25,Central,Raipur,Consumer,Online,Technology,Printers,P10095,C1496,10,27209.38,0.1114,241787.54,159741.62,82045.93,0.3393306784956743,2024,3,Mar,Q1
SO01914,2024-10-12,West,Mumbai,Consumer,Online,Office Supplies,Envelopes,P10075,C1110,8,875.97,0.1627,5867.58,3474.29,2393.29,0.407883659021266,2024,10,Oct,Q4
SO01915,2025-08-03,North,Chandigarh,Corporate,Online,Office Supplies,Binders,P10057,C1090,8,827.58,0.55,2979.28,1967.91,1011.37,0.3394679251362745,2025,8,Aug,Q3
SO01916,2024-07-27,South,Hyderabad,Consumer,Online,Technology,Printers,P10046,C1504,6,27846.29,0.2891,118775.13,72539.18,46235.95,0.3892729900611348,2024,7,Jul,Q3
SO01917,2024-06-20,South,Chennai,Consumer,Online,Furniture,Bookcases,P10037,C1522,9,13526.94,0.4146,71269.4,47239.13,24030.27,0.3371751410843925,2024,6,Jun,Q2
SO01918,2024-08-30,Central,Raipur,Consumer,Online,Technology,Accessories,P10023,C1154,4,18267.56,0.3099,50427.95,32772.41,17655.54,0.35011417279504725,2024,8,Aug,Q3
SO01919,2024-07-28,South,Kochi,Home Office,Online,Furniture,Tables,P10007,C1129,5,9910.86,0.1906,40108.48,26111.22,13997.26,0.3489850525375182,2024,7,Jul,Q3
SO01920,2023-10-31,East,Guwahati,Home Office,Retail Store,Technology,Laptops,P10086,C1442,7,17320.37,0.3422,79752.36,51094.08,28658.28,0.35934083956888546,2023,10,Oct,Q4
SO01921,2024-05-30,South,Bengaluru,Consumer,Retail Store,Furniture,Bookcases,P10035,C1417,2,5291.83,0.4972,5321.59,3820.87,1500.73,0.28200782097080007,2024,5,May,Q2
SO01922,2023-11-08,South,Kochi,Consumer,Online,Technology,Laptops,P10062,C1307,6,25046.2,0.2441,113594.09,70341.04,43253.05,0.3807684889240277,2023,11,Nov,Q4
SO01923,2023-11-01,North,Jaipur,Home Office,Retail Store,Technology,Printers,P10063,C1453,1,22620.68,0.4823,11710.81,7786.88,3923.93,0.3350690515856717,2023,11,Nov,Q4
SO01924,2025-01-27,West,Mumbai,Consumer,Retail Store,Office Supplies,Pens,P10070,C1561,9,1088.8,0.3311,6554.81,4193.1,2361.71,0.3603018241566117,2025,1,Jan,Q1
SO01925,2025-02-19,West,Mumbai,Corporate,Distributor,Technology,Laptops,P10098,C1295,1,29763.97,0.1537,25190.47,19889.48,5300.99,0.21043632770646992,2025,2,Feb,Q1
SO01926,2025-11-23,North,Chandigarh,Consumer,Online,Office Supplies,Pens,P10007,C1587,1,647.56,0.1369,558.88,279.12,279.75,0.5005546807901518,2025,11,Nov,Q4
SO01927,2023-03-23,North,Jaipur,Corporate,Online,Technology,Accessories,P10095,C1180,3,22144.96,0.1633,55585.38,35760.32,19825.06,0.3566596108545089,2023,3,Mar,Q1
SO01928,2025-12-30,South,Bengaluru,Consumer,Retail Store,Technology,Accessories,P10060,C1233,2,14958.73,0.1195,26342.62,18623.63,7718.99,0.2930228656071416,2025,12,Dec,Q4
SO01929,2025-01-06,South,Chennai,Consumer,Online,Furniture,Tables,P10086,C1530,3,7843.93,0.3403,15523.97,11692.66,3831.31,0.2467996266418964,2025,1,Jan,Q1
SO01930,2024-11-27,West,Mumbai,Consumer,Online,Technology,Laptops,P10078,C1062,8,6718.07,0.3683,33950.36,21263.9,12686.46,0.37367674451758387,2024,11,Nov,Q4
SO01931,2024-09-22,West,Mumbai,Consumer,Retail Store,Technology,Printers,P10040,C1181,7,25484.83,0.1547,150796.15,107029.28,43766.88,0.29023870967528015,2024,9,Sep,Q3
SO01932,2025-08-01,West,Ahmedabad,Home Office,Online,Office Supplies,Binders,P10051,C1204,7,824.09,0.2815,4144.54,2492.93,1651.61,0.3985026082508553,2025,8,Aug,Q3
SO01933,2025-11-27,Central,Raipur,Corporate,Distributor,Furniture,Tables,P10094,C1581,8,7178.95,0.4898,29300.26,20834.39,8465.88,0.28893532002787686,2025,11,Nov,Q4
SO01934,2024-03-18,South,Hyderabad,Corporate,Online,Furniture,Chairs,P10080,C1081,6,10430.11,0.402,37420.21,28447.68,8972.54,0.2397779167995049,2024,3,Mar,Q1
SO01935,2025-04-05,West,Pune,Consumer,Retail Store,Office Supplies,Pens,P10063,C1152,2,602.43,0.198,966.35,609.96,356.38,0.3687897759610907,2025,4,Apr,Q2
SO01936,2023-04-04,South,Hyderabad,Consumer,Retail Store,Office Supplies,Paper,P10012,C1389,4,810.8,0.1891,2630.0,1578.42,1051.57,0.3998365019011407,2023,4,Apr,Q2
SO01937,2023-06-18,East,Patna,Consumer,Retail Store,Technology,Laptops,P10080,C1016,4,38335.43,0.1047,137286.9,88230.23,49056.67,0.35732957769459434,2023,6,Jun,Q2
SO01938,2024-09-09,Central,Bhopal,Corporate,Online,Furniture,Storage,P10050,C1134,6,12513.02,0.305,52178.52,37029.23,15149.3,0.29033594666924245,2024,9,Sep,Q3
SO01939,2025-03-02,Central,Bhopal,Consumer,Retail Store,Technology,Accessories,P10031,C1302,7,27465.24,0.4854,98935.95,66456.03,32479.92,0.32829239523146037,2025,3,Mar,Q1
SO01940,2023-12-24,East,Kolkata,Consumer,Retail Store,Office Supplies,Envelopes,P10079,C1398,2,1218.61,0.0852,2229.65,1471.62,758.03,0.3399771264548247,2023,12,Dec,Q4
SO01941,2023-03-29,West,Pune,Consumer,Retail Store,Office Supplies,Binders,P10040,C1333,5,1110.93,0.5131,2704.36,1675.91,1028.45,0.38029330414589774,2023,3,Mar,Q1
SO01942,2023-10-31,Central,Raipur,Home Office,Retail Store,Office Supplies,Binders,P10087,C1190,9,878.38,0.55,3557.42,1939.34,1618.08,0.4548464898718734,2023,10,Oct,Q4
SO01943,2023-08-06,South,Hyderabad,Consumer,Online,Furniture,Storage,P10028,C1399,7,7515.29,0.1972,42234.83,28940.0,13294.82,0.31478331983341706,2023,8,Aug,Q3
SO01944,2023-04-16,West,Surat,Consumer,Distributor,Furniture,Chairs,P10055,C1518,4,7990.3,0.1502,27162.11,20895.29,6266.82,0.23071918934132876,2023,4,Apr,Q2
SO01945,2023-02-13,East,Bhubaneswar,Consumer,Online,Technology,Accessories,P10059,C1274,1,19272.08,0.1721,15956.07,10838.61,5117.46,0.3207218318796546,2023,2,Feb,Q1
SO01946,2024-12-29,West,Pune,Consumer,Online,Furniture,Bookcases,P10060,C1593,5,6619.68,0.134,28663.21,21667.1,6996.11,0.24407978031769645,2024,12,Dec,Q4
SO01947,2024-12-27,North,Jaipur,Consumer,Online,Furniture,Chairs,P10097,C1418,3,10974.89,0.365,20906.67,13881.56,7025.12,0.3360229056085929,2024,12,Dec,Q4
SO01948,2023-09-26,Central,Raipur,Corporate,Online,Technology,Laptops,P10052,C1586,5,22021.19,0.2978,77313.7,53960.46,23353.24,0.30205823806130094,2023,9,Sep,Q3
SO01949,2025-05-23,North,Jaipur,Home Office,Online,Furniture,Tables,P10047,C1153,7,9032.0,0.44,35404.77,25697.87,9706.9,0.2741692715416595,2025,5,May,Q2
SO01950,2024-04-27,South,Kochi,Corporate,Retail Store,Office Supplies,Envelopes,P10024,C1559,7,941.89,0.2365,5033.98,3230.5,1803.48,0.35826125650082047,2024,4,Apr,Q2
SO01951,2023-12-26,Central,Nagpur,Consumer,Online,Office Supplies,Envelopes,P10061,C1070,5,1041.58,0.2557,3876.07,2224.42,1651.66,0.4261171753864094,2023,12,Dec,Q4
SO01952,2024-09-14,North,Chandigarh,Home Office,Retail Store,Technology,Accessories,P10008,C1119,3,18642.51,0.3068,38769.82,23972.08,14797.74,0.38168193713563797,2024,9,Sep,Q3
SO01953,2025-01-02,North,Delhi,Consumer,Retail Store,Furniture,Chairs,P10057,C1157,1,9960.65,0.4897,5083.04,3489.84,1593.21,0.31343644748024807,2025,1,Jan,Q1
SO01954,2025-07-31,West,Mumbai,Home Office,Online,Technology,Printers,P10069,C1275,6,32630.06,0.0927,177628.15,128658.4,48969.74,0.27568682103596753,2025,7,Jul,Q3
SO01955,2025-06-04,North,Delhi,Consumer,Retail Store,Technology,Printers,P10025,C1146,3,17837.43,0.4066,31752.82,23347.67,8405.15,0.26470562299663464,2025,6,Jun,Q2
SO01956,2024-04-15,West,Ahmedabad,Consumer,Distributor,Technology,Laptops,P10080,C1543,6,16503.94,0.3167,67663.87,39860.05,27803.82,0.4109108745923046,2024,4,Apr,Q2
SO01957,2024-12-25,South,Bengaluru,Consumer,Retail Store,Technology,Printers,P10062,C1329,2,10594.16,0.2368,16170.76,10644.78,5525.98,0.34172667209209706,2024,12,Dec,Q4
SO01958,2024-11-13,East,Kolkata,Consumer,Retail Store,Office Supplies,Envelopes,P10030,C1243,8,762.27,0.2728,4434.42,2572.93,1861.49,0.41978206845540117,2024,11,Nov,Q4
SO01959,2023-03-11,East,Patna,Consumer,Online,Technology,Phones,P10026,C1106,4,19229.52,0.1882,62441.59,38455.6,23985.99,0.3841348370533166,2023,3,Mar,Q1
SO01960,2025-11-07,East,Patna,Consumer,Online,Technology,Accessories,P10068,C1519,2,21588.34,0.2019,34457.82,24555.63,9902.19,0.2873713427024693,2025,11,Nov,Q4
SO01961,2023-07-03,North,Lucknow,Consumer,Retail Store,Technology,Phones,P10015,C1139,10,23773.56,0.34,156898.18,99936.94,56961.24,0.36304589384019625,2023,7,Jul,Q3
SO01962,2023-04-18,East,Guwahati,Consumer,Retail Store,Furniture,Storage,P10005,C1021,8,5481.72,0.2817,31498.4,22052.03,9446.37,0.29989999492037694,2023,4,Apr,Q2
SO01963,2024-10-22,South,Hyderabad,Home Office,Online,Office Supplies,Envelopes,P10090,C1391,8,1021.54,0.2652,6004.92,3330.64,2674.28,0.44534814785209464,2024,10,Oct,Q4
SO01964,2025-03-30,North,Lucknow,Home Office,Retail Store,Furniture,Bookcases,P10010,C1320,4,8219.5,0.1796,26974.32,19208.5,7765.82,0.2878967847938335,2025,3,Mar,Q1
SO01965,2023-01-23,East,Bhubaneswar,Consumer,Retail Store,Office Supplies,Envelopes,P10036,C1175,6,448.69,0.0947,2437.16,1269.49,1167.68,0.4791150355331616,2023,1,Jan,Q1
SO01966,2024-11-06,South,Kochi,Corporate,Distributor,Technology,Laptops,P10098,C1196,4,25409.3,0.1245,88987.18,64632.91,24354.27,0.27368290578485577,2024,11,Nov,Q4
SO01967,2025-06-04,West,Mumbai,Home Office,Retail Store,Technology,Accessories,P10065,C1416,5,27293.51,0.4391,76550.83,50032.71,26518.13,0.3464120506596728,2025,6,Jun,Q2
SO01968,2025-11-13,Central,Bhopal,Consumer,Online,Technology,Phones,P10025,C1041,7,27597.38,0.0925,175303.66,121158.12,54145.54,0.3088671394539053,2025,11,Nov,Q4
SO01969,2024-11-04,North,Delhi,Corporate,Online,Technology,Printers,P10072,C1451,9,14027.97,0.3036,87926.67,60837.75,27088.92,0.3080853624958161,2024,11,Nov,Q4
SO01970,2025-07-24,East,Bhubaneswar,Consumer,Retail Store,Technology,Accessories,P10099,C1539,4,24633.99,0.1827,80529.89,52014.13,28515.76,0.3541015640279653,2025,7,Jul,Q3
SO01971,2024-01-02,North,Delhi,Consumer,Retail Store,Furniture,Storage,P10034,C1266,7,9995.39,0.301,48904.73,34711.6,14193.13,0.29021998485627054,2024,1,Jan,Q1
SO01972,2024-05-18,West,Pune,Consumer,Online,Technology,Accessories,P10016,C1343,3,21326.33,0.2737,46466.25,27338.9,19127.36,0.4116398461248756,2024,5,May,Q2
SO01973,2024-11-18,North,Jaipur,Home Office,Online,Technology,Accessories,P10084,C1075,5,20281.2,0.1807,83082.37,50529.68,32552.69,0.3918122460878283,2024,11,Nov,Q4
SO01974,2024-12-03,Central,Nagpur,Corporate,Online,Furniture,Tables,P10084,C1446,6,7603.57,0.3173,31143.79,22666.01,8477.78,0.2722141396406796,2024,12,Dec,Q4
SO01975,2023-10-27,South,Bengaluru,Consumer,Retail Store,Technology,Phones,P10034,C1107,6,14081.06,0.3264,56906.86,38687.64,18219.23,0.3201587646902324,2023,10,Oct,Q4
SO01976,2025-07-18,West,Pune,Consumer,Online,Technology,Phones,P10059,C1448,9,20318.86,0.55,82291.37,52991.22,29300.14,0.35605361777304234,2025,7,Jul,Q3
SO01977,2025-08-02,Central,Indore,Corporate,Online,Furniture,Storage,P10055,C1493,1,13128.79,0.4659,7012.24,5414.18,1598.06,0.22789579364083373,2025,8,Aug,Q3
SO01978,2023-05-08,Central,Nagpur,Home Office,Online,Furniture,Storage,P10045,C1148,5,10183.48,0.3252,34359.67,25906.89,8452.78,0.24600876550909834,2023,5,May,Q2
SO01979,2025-03-01,West,Surat,Corporate,Online,Furniture,Bookcases,P10059,C1499,4,10388.65,0.1908,33624.96,24191.72,9433.24,0.28054278726279525,2025,3,Mar,Q1
SO01980,2024-10-15,South,Kochi,Home Office,Online,Technology,Phones,P10091,C1361,10,26021.23,0.3176,177573.72,126102.17,51471.55,0.28986017750824844,2024,10,Oct,Q4
SO01981,2025-07-08,Central,Bhopal,Home Office,Retail Store,Office Supplies,Paper,P10001,C1152,3,1008.51,0.1043,2709.92,1742.01,967.9,0.3571692153273897,2025,7,Jul,Q3
SO01982,2025-12-27,South,Bengaluru,Home Office,Retail Store,Technology,Accessories,P10075,C1105,3,20018.52,0.2894,42676.21,27992.96,14683.24,0.34406148062351366,2025,12,Dec,Q4
SO01983,2023-03-06,Central,Nagpur,Consumer,Online,Technology,Accessories,P10059,C1050,5,35459.8,0.3618,113160.62,78780.89,34379.73,0.30381355280662126,2023,3,Mar,Q1
SO01984,2025-12-16,East,Bhubaneswar,Home Office,Online,Office Supplies,Binders,P10021,C1527,9,1155.75,0.2104,8212.7,4718.56,3494.13,0.4254544790385622,2025,12,Dec,Q4
SO01985,2025-12-18,West,Ahmedabad,Consumer,Online,Technology,Accessories,P10070,C1273,3,24806.38,0.062,69804.54,49455.95,20348.59,0.29150811680730226,2025,12,Dec,Q4
SO01986,2023-05-08,West,Surat,Consumer,Online,Office Supplies,Binders,P10014,C1570,7,1143.24,0.1219,7027.21,3522.24,3504.96,0.4987697820329832,2023,5,May,Q2
SO01987,2024-08-12,East,Patna,Consumer,Online,Furniture,Tables,P10018,C1087,6,6703.68,0.1982,32248.6,23824.72,8423.88,0.2612169210446345,2024,8,Aug,Q3
SO01988,2023-08-16,West,Mumbai,Consumer,Online,Technology,Accessories,P10074,C1306,1,25813.88,0.2997,18078.37,10128.23,7950.13,0.4397592260806699,2023,8,Aug,Q3
SO01989,2025-08-01,Central,Indore,Corporate,Online,Office Supplies,Envelopes,P10039,C1378,8,879.07,0.281,5056.41,2979.75,2076.66,0.41069849952832144,2025,8,Aug,Q3
SO01990,2023-12-14,West,Mumbai,Consumer,Online,Furniture,Tables,P10002,C1055,3,9519.88,0.327,19220.69,13837.5,5383.19,0.2800726716886855,2023,12,Dec,Q4
SO01991,2023-01-17,South,Chennai,Home Office,Online,Furniture,Tables,P10025,C1403,1,7891.85,0.2271,6099.6,4216.38,1883.22,0.3087448357269329,2023,1,Jan,Q1
SO01992,2023-07-19,South,Hyderabad,Corporate,Online,Office Supplies,Binders,P10008,C1457,3,1023.49,0.2631,2262.48,1308.79,953.69,0.4215241681694424,2023,7,Jul,Q3
SO01993,2025-05-08,West,Mumbai,Consumer,Retail Store,Technology,Printers,P10025,C1260,2,27132.43,0.368,34294.31,22335.47,11958.84,0.34871207497686935,2025,5,May,Q2
SO01994,2023-07-17,North,Lucknow,Corporate,Distributor,Furniture,Chairs,P10023,C1188,3,11170.09,0.165,27981.53,21362.23,6619.3,0.23655961628974542,2023,7,Jul,Q3
SO01995,2023-07-10,East,Kolkata,Corporate,Online,Office Supplies,Binders,P10092,C1282,2,751.1,0.3797,931.81,574.06,357.75,0.3839302003627349,2023,7,Jul,Q3
SO01996,2023-09-09,South,Chennai,Home Office,Distributor,Technology,Phones,P10030,C1006,6,19556.18,0.2212,91385.29,65823.46,25561.83,0.27971493005055853,2023,9,Sep,Q3
SO01997,2024-08-08,South,Bengaluru,Consumer,Online,Furniture,Tables,P10060,C1233,10,12588.59,0.1067,112450.98,75600.5,36850.48,0.3277026131742027,2024,8,Aug,Q3
SO01998,2024-04-05,North,Delhi,Consumer,Retail Store,Office Supplies,Pens,P10032,C1402,9,782.66,0.3192,4795.38,2529.38,2266.0,0.47253815130396337,2024,4,Apr,Q2
SO01999,2025-12-29,East,Guwahati,Home Office,Retail Store,Furniture,Tables,P10093,C1347,5,11644.28,0.2225,45265.11,35034.9,10230.21,0.22600652025367882,2025,12,Dec,Q4
SO02000,2025-05-07,North,Delhi,Consumer,Retail Store,Technology,Phones,P10072,C1390,4,18838.12,0.1909,60969.05,40078.99,20890.06,0.3426338445489966,2025,5,May,Q2
SO02001,2024-03-02,South,Kochi,Corporate,Retail Store,Office Supplies,Pens,P10066,C1182,2,1597.45,0.3745,1998.46,1099.85,898.61,0.4496512314482151,2024,3,Mar,Q1
SO02002,2023-05-26,North,Jaipur,Home Office,Online,Office Supplies,Pens,P10065,C1171,3,988.7,0.217,2322.46,1348.5,973.97,0.41936997838498835,2023,5,May,Q2
SO02003,2023-09-09,West,Mumbai,Consumer,Online,Technology,Phones,P10002,C1193,4,37240.83,0.1886,120863.34,72997.15,47866.19,0.39603563826715366,2023,9,Sep,Q3
SO02004,2025-12-04,East,Patna,Consumer,Online,Office Supplies,Paper,P10020,C1493,10,927.72,0.3235,6276.04,3265.31,3010.73,0.4797181024977534,2025,12,Dec,Q4
SO02005,2025-08-26,West,Surat,Home Office,Online,Technology,Phones,P10068,C1543,1,27573.51,0.2986,19340.31,13127.89,6212.42,0.3212161542395132,2025,8,Aug,Q3
SO02006,2025-12-21,Central,Bhopal,Corporate,Distributor,Technology,Phones,P10025,C1309,5,21927.63,0.0537,103753.34,63387.5,40365.84,0.38905581256468463,2025,12,Dec,Q4
SO02007,2025-02-01,West,Mumbai,Consumer,Online,Furniture,Chairs,P10011,C1234,10,8985.18,0.4685,47759.15,34545.02,13214.13,0.27668268802941426,2025,2,Feb,Q1
SO02008,2024-05-03,West,Surat,Consumer,Retail Store,Furniture,Chairs,P10066,C1100,10,10080.35,0.312,69356.04,52837.27,16518.77,0.23817348856710968,2024,5,May,Q2
SO02009,2025-01-24,South,Chennai,Consumer,Retail Store,Furniture,Tables,P10024,C1046,2,7907.48,0.3523,10243.16,7110.4,3132.76,0.30583921368015343,2025,1,Jan,Q1
SO02010,2024-03-10,South,Hyderabad,Consumer,Retail Store,Furniture,Tables,P10071,C1066,10,10533.82,0.5019,52472.62,35240.8,17231.82,0.3283964094036089,2024,3,Mar,Q1
SO02011,2024-03-31,East,Bhubaneswar,Corporate,Online,Technology,Phones,P10027,C1548,4,17763.31,0.1912,57469.43,39280.11,18189.32,0.3165042701832957,2024,3,Mar,Q1
SO02012,2024-07-07,North,Delhi,Corporate,Online,Office Supplies,Envelopes,P10055,C1209,9,767.28,0.3747,4317.94,2575.66,1742.29,0.40350028022621903,2024,7,Jul,Q3
SO02013,2025-07-19,Central,Indore,Corporate,Distributor,Furniture,Bookcases,P10058,C1347,6,6829.11,0.3191,27898.88,19349.92,8548.96,0.30642663791521374,2025,7,Jul,Q3
SO02014,2023-07-02,North,Delhi,Consumer,Online,Office Supplies,Envelopes,P10082,C1388,5,961.95,0.4207,2786.23,1769.57,1016.66,0.3648873208600869,2023,7,Jul,Q3
SO02015,2025-12-06,East,Bhubaneswar,Consumer,Online,Furniture,Chairs,P10042,C1374,5,7741.49,0.4201,22447.7,16991.11,5456.59,0.2430801373860128,2025,12,Dec,Q4
SO02016,2023-11-26,West,Ahmedabad,Corporate,Online,Technology,Accessories,P10026,C1540,1,30441.86,0.1987,24393.97,16775.32,7618.65,0.3123169373414823,2023,11,Nov,Q4
SO02017,2025-12-06,West,Surat,Consumer,Online,Furniture,Tables,P10074,C1320,6,8674.11,0.1991,41682.11,32211.64,9470.47,0.22720706797232673,2025,12,Dec,Q4
SO02018,2023-05-01,West,Ahmedabad,Corporate,Online,Technology,Accessories,P10071,C1389,3,17676.61,0.4404,29675.27,20636.95,9038.31,0.3045738084270168,2023,5,May,Q2
SO02019,2025-12-13,East,Bhubaneswar,Home Office,Retail Store,Technology,Phones,P10020,C1294,6,22361.19,0.2002,107307.32,57117.99,50189.33,0.4677158091358539,2025,12,Dec,Q4
SO02020,2025-08-09,East,Kolkata,Consumer,Online,Office Supplies,Paper,P10089,C1213,9,1204.22,0.1459,9257.17,5246.64,4010.53,0.43323499514430436,2025,8,Aug,Q3
SO02021,2025-10-26,Central,Indore,Home Office,Distributor,Furniture,Bookcases,P10013,C1526,4,11456.95,0.1223,40224.99,28998.21,11226.78,0.2790996343317923,2025,10,Oct,Q4
SO02022,2025-01-31,South,Hyderabad,Consumer,Online,Office Supplies,Paper,P10084,C1419,1,1063.65,0.3244,718.59,393.11,325.48,0.4529425680847215,2025,1,Jan,Q1
SO02023,2025-07-07,South,Hyderabad,Consumer,Retail Store,Office Supplies,Paper,P10053,C1268,2,850.9,0.0473,1621.24,852.96,768.29,0.47389035553033476,2025,7,Jul,Q3
SO02024,2025-01-19,Central,Bhopal,Consumer,Retail Store,Technology,Printers,P10094,C1101,8,14586.05,0.2794,84088.36,56265.58,27822.77,0.33087540296897217,2025,1,Jan,Q1
SO02025,2025-04-14,East,Bhubaneswar,Corporate,Online,Technology,Printers,P10087,C1209,10,31756.26,0.0993,286036.36,198807.5,87228.85,0.3049572089366541,2025,4,Apr,Q2
SO02026,2024-09-26,West,Pune,Consumer,Online,Technology,Laptops,P10083,C1270,5,20761.77,0.3575,66693.97,45828.68,20865.3,0.31285137172071176,2024,9,Sep,Q3
SO02027,2023-03-15,South,Kochi,Corporate,Distributor,Technology,Laptops,P10018,C1535,8,18575.62,0.4949,75062.04,50617.62,24444.42,0.32565621717715104,2023,3,Mar,Q1
SO02028,2023-01-14,North,Jaipur,Home Office,Online,Office Supplies,Paper,P10066,C1198,2,1322.54,0.3287,1775.7,1008.78,766.92,0.4318972799459368,2023,1,Jan,Q1
SO02029,2024-01-28,West,Surat,Home Office,Retail Store,Furniture,Bookcases,P10059,C1204,10,8432.22,0.4407,47159.8,34696.57,12463.23,0.2642765660583802,2024,1,Jan,Q1
SO02030,2025-06-05,Central,Nagpur,Consumer,Online,Office Supplies,Envelopes,P10058,C1320,2,723.0,0.1885,1173.49,676.02,497.47,0.42392351021312497,2025,6,Jun,Q2
SO02031,2023-09-30,South,Kochi,Consumer,Online,Office Supplies,Binders,P10018,C1521,10,651.36,0.4815,3377.2,2182.96,1194.24,0.3536183820916736,2023,9,Sep,Q3
SO02032,2025-01-04,East,Bhubaneswar,Home Office,Distributor,Office Supplies,Binders,P10055,C1599,9,810.41,0.0461,6957.74,4304.54,2653.2,0.38133071945775493,2025,1,Jan,Q1
SO02033,2023-11-15,South,Kochi,Consumer,Retail Store,Technology,Printers,P10079,C1126,7,21013.51,0.55,66192.55,47751.0,18441.55,0.2786046163805443,2023,11,Nov,Q4
SO02034,2023-09-24,West,Mumbai,Consumer,Retail Store,Technology,Laptops,P10014,C1300,5,26304.08,0.106,117574.99,74389.87,43185.12,0.3672985215648328,2023,9,Sep,Q3
SO02035,2025-09-30,South,Chennai,Home Office,Online,Technology,Phones,P10062,C1172,9,19475.19,0.1483,149278.93,103139.33,46139.6,0.30908313718486596,2025,9,Sep,Q3
SO02036,2025-11-20,South,Kochi,Consumer,Online,Office Supplies,Paper,P10051,C1260,10,961.71,0.1164,8497.31,5286.92,3210.39,0.3778125077230324,2025,11,Nov,Q4
SO02037,2025-03-19,East,Guwahati,Consumer,Retail Store,Furniture,Storage,P10061,C1250,4,7977.87,0.1678,26555.34,20180.97,6374.37,0.24004098610674915,2025,3,Mar,Q1
SO02038,2025-10-16,Central,Bhopal,Consumer,Online,Furniture,Storage,P10056,C1156,7,6977.98,0.1123,43361.47,29816.91,13544.56,0.3123639489159385,2025,10,Oct,Q4
SO02039,2025-07-13,Central,Nagpur,Consumer,Retail Store,Technology,Laptops,P10088,C1266,6,16644.52,0.445,55426.86,35607.39,19819.47,0.357578798438158,2025,7,Jul,Q3
SO02040,2024-12-29,North,Lucknow,Consumer,Online,Office Supplies,Binders,P10057,C1070,5,480.68,0.1179,2120.05,1316.26,803.79,0.3791372844980071,2024,12,Dec,Q4
SO02041,2024-08-10,North,Chandigarh,Corporate,Online,Technology,Laptops,P10053,C1396,6,21532.33,0.2749,93672.75,64981.62,28691.12,0.30629099711495605,2024,8,Aug,Q3
SO02042,2024-08-09,North,Lucknow,Consumer,Distributor,Office Supplies,Envelopes,P10026,C1490,10,643.71,0.2334,4934.98,3244.38,1690.61,0.34257686961244016,2024,8,Aug,Q3
SO02043,2025-08-18,Central,Nagpur,Consumer,Distributor,Technology,Printers,P10025,C1488,1,23610.44,0.2071,18719.65,12292.13,6427.52,0.34335684694959573,2025,8,Aug,Q3
SO02044,2025-07-16,North,Lucknow,Corporate,Distributor,Furniture,Storage,P10039,C1062,3,11184.86,0.1672,27944.88,21631.84,6313.04,0.22591043511369524,2025,7,Jul,Q3
SO02045,2025-03-26,Central,Bhopal,Corporate,Retail Store,Office Supplies,Binders,P10057,C1195,6,542.09,0.3118,2238.25,1229.43,1008.82,0.4507181950184296,2025,3,Mar,Q1
SO02046,2025-12-16,Central,Bhopal,Home Office,Retail Store,Furniture,Bookcases,P10094,C1242,8,8973.46,0.1852,58490.61,44135.54,14355.07,0.24542520585782915,2025,12,Dec,Q4
SO02047,2025-02-21,West,Pune,Home Office,Retail Store,Office Supplies,Envelopes,P10012,C1100,10,1027.74,0.3764,6409.45,3751.82,2657.63,0.414642442019206,2025,2,Feb,Q1
SO02048,2023-07-09,West,Ahmedabad,Home Office,Online,Furniture,Bookcases,P10066,C1397,1,7076.22,0.1544,5983.86,4564.44,1419.42,0.23720808976145835,2023,7,Jul,Q3
SO02049,2023-03-07,North,Delhi,Corporate,Distributor,Technology,Printers,P10091,C1110,10,15349.97,0.0522,145483.53,94570.74,50912.78,0.3499556272795965,2023,3,Mar,Q1
SO02050,2024-04-07,South,Chennai,Consumer,Online,Technology,Phones,P10058,C1496,2,21479.16,0.4612,23144.67,16429.68,6714.99,0.29013116194786964,2024,4,Apr,Q2
SO02051,2025-11-27,South,Chennai,Consumer,Online,Office Supplies,Envelopes,P10008,C1110,9,1264.45,0.4541,6212.49,3550.63,2661.86,0.4284691001514691,2025,11,Nov,Q4
SO02052,2025-02-11,South,Kochi,Consumer,Retail Store,Office Supplies,Envelopes,P10057,C1302,7,1038.57,0.1734,6009.12,3910.85,2098.26,0.3491792475437336,2025,2,Feb,Q1
SO02053,2024-07-21,West,Mumbai,Consumer,Online,Furniture,Storage,P10025,C1180,1,5510.67,0.3532,3564.51,2449.5,1115.01,0.31280877315535655,2024,7,Jul,Q3
SO02054,2025-12-21,South,Chennai,Consumer,Distributor,Office Supplies,Binders,P10032,C1403,10,263.28,0.3646,1672.91,993.67,679.25,0.40602901530865376,2025,12,Dec,Q4
SO02055,2025-09-15,East,Bhubaneswar,Corporate,Retail Store,Office Supplies,Envelopes,P10050,C1320,7,834.6,0.2956,4115.18,2072.11,2043.07,0.49647160027021897,2025,9,Sep,Q3
SO02056,2023-02-21,North,Delhi,Home Office,Retail Store,Office Supplies,Paper,P10005,C1600,2,340.68,0.2496,511.3,270.01,241.29,0.4719147271660473,2023,2,Feb,Q1
SO02057,2023-02-08,Central,Nagpur,Corporate,Retail Store,Technology,Phones,P10018,C1457,9,32028.73,0.2684,210896.24,138521.42,72374.82,0.343177384290967,2023,2,Feb,Q1
SO02058,2025-01-09,Central,Indore,Home Office,Online,Furniture,Storage,P10045,C1220,3,10036.68,0.3033,20977.22,15507.11,5470.11,0.2607642957455754,2025,1,Jan,Q1
SO02059,2025-11-26,South,Chennai,Consumer,Retail Store,Furniture,Tables,P10053,C1281,6,5839.26,0.1684,29135.34,22278.78,6856.56,0.23533482018744248,2025,11,Nov,Q4
SO02060,2023-01-11,East,Guwahati,Consumer,Retail Store,Technology,Phones,P10062,C1411,6,28971.31,0.1442,148769.69,103165.8,45603.89,0.30654019646071723,2023,1,Jan,Q1
SO02061,2023-02-11,West,Mumbai,Home Office,Online,Technology,Printers,P10063,C1058,9,13259.02,0.3474,77875.12,53014.45,24860.67,0.31923764611855493,2023,2,Feb,Q1
SO02062,2023-06-04,North,Chandigarh,Consumer,Online,Furniture,Storage,P10082,C1150,2,9610.71,0.2263,14871.95,11152.12,3719.83,0.2501238909490685,2023,6,Jun,Q2
SO02063,2025-10-30,North,Jaipur,Corporate,Retail Store,Technology,Laptops,P10028,C1078,5,33687.82,0.2662,123593.52,81369.66,42223.86,0.3416349012472498,2025,10,Oct,Q4
SO02064,2024-01-16,North,Delhi,Corporate,Distributor,Technology,Accessories,P10068,C1591,6,26116.38,0.2213,122022.99,88600.1,33422.89,0.2739064990949656,2024,1,Jan,Q1
SO02065,2023-09-19,East,Bhubaneswar,Consumer,Retail Store,Technology,Printers,P10049,C1341,8,27192.7,0.1076,194135.97,118721.61,75414.36,0.3884615509428778,2023,9,Sep,Q3
SO02066,2025-10-28,South,Bengaluru,Corporate,Retail Store,Technology,Laptops,P10067,C1088,10,33669.75,0.0609,316200.74,225640.38,90560.36,0.2864014802748406,2025,10,Oct,Q4
SO02067,2025-12-02,Central,Bhopal,Consumer,Online,Office Supplies,Envelopes,P10056,C1470,2,1093.99,0.2603,1618.43,998.24,620.19,0.3832047107381846,2025,12,Dec,Q4
SO02068,2024-09-16,North,Chandigarh,Consumer,Distributor,Technology,Printers,P10010,C1437,3,20791.82,0.2197,48674.31,36775.62,11898.69,0.24445523726992743,2024,9,Sep,Q3
SO02069,2024-03-31,East,Bhubaneswar,Consumer,Online,Technology,Accessories,P10063,C1291,10,14111.31,0.2086,111683.49,79363.4,32320.09,0.2893900432373666,2024,3,Mar,Q1
SO02070,2024-05-01,North,Jaipur,Consumer,Retail Store,Office Supplies,Envelopes,P10033,C1411,1,1225.82,0.2357,936.87,507.61,429.26,0.45818523381045395,2024,5,May,Q2
SO02071,2023-05-05,Central,Indore,Consumer,Retail Store,Office Supplies,Paper,P10037,C1348,9,751.47,0.3377,4479.06,2654.61,1824.45,0.4073287698758221,2023,5,May,Q2
SO02072,2025-09-03,Central,Indore,Corporate,Online,Office Supplies,Paper,P10079,C1585,3,938.66,0.297,1979.67,1275.34,704.33,0.35578151914207923,2025,9,Sep,Q3
SO02073,2023-08-01,North,Jaipur,Home Office,Online,Technology,Phones,P10071,C1462,2,21771.36,0.55,19594.23,11877.79,7716.44,0.39381185175431743,2023,8,Aug,Q3
SO02074,2025-10-02,South,Chennai,Consumer,Retail Store,Technology,Laptops,P10008,C1436,10,26916.63,0.2256,208443.01,142926.3,65516.71,0.3143147376350015,2025,10,Oct,Q4
SO02075,2024-09-17,South,Bengaluru,Consumer,Online,Office Supplies,Paper,P10032,C1476,5,846.51,0.1941,3411.2,2202.01,1209.19,0.35447643058161354,2024,9,Sep,Q3
SO02076,2025-03-11,West,Ahmedabad,Consumer,Online,Technology,Phones,P10061,C1249,3,15139.76,0.2919,32159.38,21555.84,10603.54,0.3297184211884682,2025,3,Mar,Q1
SO02077,2023-09-21,West,Pune,Consumer,Online,Office Supplies,Binders,P10053,C1161,6,912.65,0.55,2464.15,1367.21,1096.94,0.4451595884990768,2023,9,Sep,Q3
SO02078,2025-02-16,South,Chennai,Home Office,Online,Technology,Printers,P10038,C1537,2,18485.73,0.358,23735.84,15959.48,7776.35,0.3276205940046782,2025,2,Feb,Q1
SO02079,2025-03-15,North,Lucknow,Corporate,Online,Furniture,Tables,P10065,C1580,4,8028.49,0.3318,21458.34,15378.66,6079.67,0.28332433916137034,2025,3,Mar,Q1
SO02080,2023-02-28,Central,Nagpur,Home Office,Distributor,Furniture,Bookcases,P10025,C1398,6,9430.72,0.2149,44426.31,34398.84,10027.47,0.2257101703922743,2023,2,Feb,Q1
SO02081,2023-06-17,West,Pune,Consumer,Online,Furniture,Bookcases,P10032,C1081,4,7713.14,0.2722,22454.5,15620.42,6834.09,0.30435280233360795,2023,6,Jun,Q2
SO02082,2025-03-30,West,Pune,Corporate,Online,Technology,Printers,P10092,C1003,1,16305.42,0.2445,12318.86,8511.54,3807.32,0.30906431276920104,2025,3,Mar,Q1
SO02083,2024-02-11,South,Hyderabad,Consumer,Retail Store,Technology,Phones,P10006,C1215,8,31595.64,0.5034,125534.08,77046.88,48487.2,0.38624730431768006,2024,2,Feb,Q1
SO02084,2025-07-03,East,Guwahati,Consumer,Retail Store,Office Supplies,Envelopes,P10037,C1064,5,706.58,0.2739,2565.22,1400.86,1164.35,0.4538986909504838,2025,7,Jul,Q3
SO02085,2023-11-19,North,Chandigarh,Home Office,Retail Store,Technology,Accessories,P10090,C1467,4,22442.66,0.2394,68279.84,48780.27,19499.57,0.2855831238034536,2023,11,Nov,Q4
SO02086,2023-09-20,West,Surat,Corporate,Distributor,Furniture,Storage,P10042,C1106,9,4731.34,0.1375,36725.79,26860.51,9865.28,0.2686199534441601,2023,9,Sep,Q3
SO02087,2025-03-11,South,Kochi,Consumer,Online,Furniture,Tables,P10028,C1390,8,7946.01,0.3945,38487.51,27810.42,10677.08,0.27741675156433865,2025,3,Mar,Q1
SO02088,2024-09-01,West,Ahmedabad,Consumer,Online,Office Supplies,Binders,P10010,C1572,7,1190.53,0.2331,6390.87,3608.62,2782.25,0.43534761307928344,2024,9,Sep,Q3
SO02089,2023-04-12,North,Jaipur,Home Office,Online,Technology,Accessories,P10010,C1115,4,14043.51,0.55,25278.32,15652.23,9626.09,0.3808041831893892,2023,4,Apr,Q2
SO02090,2025-06-27,North,Lucknow,Corporate,Online,Office Supplies,Binders,P10075,C1259,6,806.85,0.3415,3187.71,1911.67,1276.04,0.4002999018103905,2025,6,Jun,Q2
SO02091,2023-11-21,South,Bengaluru,Home Office,Retail Store,Furniture,Bookcases,P10060,C1011,6,9451.03,0.3705,35696.03,25095.4,10600.63,0.2969694388983873,2023,11,Nov,Q4
SO02092,2025-01-16,South,Hyderabad,Corporate,Online,Furniture,Chairs,P10073,C1143,3,11463.09,0.4027,20542.15,16176.29,4365.87,0.21253228118770429,2025,1,Jan,Q1
SO02093,2023-08-06,West,Surat,Corporate,Retail Store,Office Supplies,Envelopes,P10003,C1212,6,747.74,0.2393,3413.01,1883.51,1529.5,0.4481381537118262,2023,8,Aug,Q3
SO02094,2025-02-16,East,Patna,Consumer,Online,Technology,Printers,P10062,C1475,8,16938.64,0.2774,97915.26,62635.11,35280.15,0.36031309113615184,2025,2,Feb,Q1
SO02095,2025-03-06,North,Lucknow,Home Office,Retail Store,Furniture,Storage,P10093,C1295,10,8293.97,0.1746,68459.04,48820.37,19638.67,0.2868674465782751,2025,3,Mar,Q1
SO02096,2023-02-13,East,Kolkata,Corporate,Online,Technology,Printers,P10100,C1576,8,21602.56,0.1965,138853.39,93340.26,45513.13,0.3277783135147078,2023,2,Feb,Q1
SO02097,2023-08-29,West,Mumbai,Consumer,Online,Technology,Printers,P10041,C1227,7,29361.75,0.3809,127252.36,80031.6,47220.76,0.3710796404876106,2023,8,Aug,Q3
SO02098,2023-09-19,East,Patna,Corporate,Distributor,Technology,Accessories,P10023,C1440,7,27646.04,0.0407,185649.65,127956.75,57692.9,0.31076223413294884,2023,9,Sep,Q3
SO02099,2025-05-17,West,Surat,Consumer,Online,Furniture,Tables,P10005,C1164,9,12335.68,0.3792,68922.79,44730.77,24192.02,0.3510017513800588,2025,5,May,Q2
SO02100,2024-12-27,North,Chandigarh,Consumer,Online,Office Supplies,Pens,P10025,C1234,8,1249.37,0.3894,6102.58,3475.75,2626.83,0.4304458114436845,2024,12,Dec,Q4
SO02101,2023-05-06,South,Hyderabad,Consumer,Retail Store,Furniture,Storage,P10071,C1139,7,7483.68,0.2727,38101.02,23912.72,14188.3,0.3723863560608089,2023,5,May,Q2
SO02102,2024-12-21,West,Ahmedabad,Consumer,Online,Technology,Laptops,P10070,C1513,10,23298.38,0.2346,178333.87,124598.77,53735.1,0.30131741098872583,2024,12,Dec,Q4
SO02103,2024-07-10,North,Lucknow,Corporate,Distributor,Technology,Phones,P10012,C1261,4,30216.88,0.2964,85048.33,59609.3,25439.03,0.29911263395765675,2024,7,Jul,Q3
SO02104,2023-06-03,West,Mumbai,Corporate,Retail Store,Furniture,Storage,P10019,C1439,7,10453.23,0.2048,58184.38,41625.88,16558.5,0.2845866880423921,2023,6,Jun,Q2
SO02105,2025-12-18,North,Delhi,Consumer,Distributor,Furniture,Bookcases,P10008,C1393,2,12944.63,0.2952,18247.98,13921.43,4326.55,0.23709747599460326,2025,12,Dec,Q4
SO02106,2025-07-17,South,Hyderabad,Consumer,Online,Office Supplies,Paper,P10042,C1238,1,1149.08,0.3104,792.46,458.03,334.43,0.4220149912929359,2025,7,Jul,Q3
SO02107,2023-11-12,Central,Raipur,Home Office,Online,Office Supplies,Envelopes,P10097,C1458,6,950.73,0.2581,4232.19,2045.04,2187.15,0.5167891800698929,2023,11,Nov,Q4
SO02108,2023-12-02,North,Jaipur,Home Office,Retail Store,Office Supplies,Binders,P10039,C1402,1,993.68,0.252,743.25,415.35,327.9,0.44117053481331986,2023,12,Dec,Q4
SO02109,2024-10-07,South,Kochi,Consumer,Retail Store,Office Supplies,Pens,P10065,C1550,6,760.81,0.1182,4025.21,2215.29,1809.92,0.44964610542058675,2024,10,Oct,Q4
SO02110,2024-05-13,South,Kochi,Consumer,Online,Office Supplies,Paper,P10028,C1340,3,1022.47,0.3841,1889.13,1118.35,770.78,0.4080079189891643,2024,5,May,Q2
SO02111,2023-10-05,North,Lucknow,Consumer,Online,Furniture,Tables,P10092,C1385,1,10705.45,0.1418,9186.99,6438.97,2748.02,0.29912082194494605,2023,10,Oct,Q4
SO02112,2025-09-30,Central,Bhopal,Consumer,Retail Store,Office Supplies,Binders,P10058,C1405,7,1410.73,0.2865,7046.07,4233.51,2812.56,0.39916719533016276,2025,9,Sep,Q3
SO02113,2024-10-18,West,Mumbai,Corporate,Distributor,Office Supplies,Pens,P10065,C1233,6,1201.54,0.1387,6209.08,3717.36,2491.72,0.401302608437965,2024,10,Oct,Q4
SO02114,2025-04-07,South,Chennai,Consumer,Retail Store,Office Supplies,Binders,P10095,C1072,2,1138.36,0.3097,1571.69,876.53,695.16,0.4423009626580305,2025,4,Apr,Q2
SO02115,2024-08-10,East,Patna,Consumer,Online,Furniture,Tables,P10044,C1263,7,10523.25,0.2717,53648.19,36730.57,16917.62,0.3153437236186346,2024,8,Aug,Q3
SO02116,2023-09-27,West,Mumbai,Consumer,Online,Furniture,Tables,P10082,C1493,2,6246.65,0.2149,9808.21,7094.61,2713.6,0.2766661806792473,2023,9,Sep,Q3
SO02117,2024-01-09,East,Patna,Consumer,Online,Technology,Printers,P10072,C1002,9,19067.62,0.119,151179.29,93965.05,57214.24,0.3784528952345258,2024,1,Jan,Q1
SO02118,2023-07-01,North,Delhi,Corporate,Distributor,Office Supplies,Paper,P10100,C1538,8,433.56,0.1754,2860.14,1646.77,1213.37,0.4242344780325438,2023,7,Jul,Q3
SO02119,2025-06-19,South,Kochi,Home Office,Online,Technology,Printers,P10010,C1037,8,27299.98,0.1969,175399.44,126588.28,48811.16,0.2782857231471207,2025,6,Jun,Q2
SO02120,2024-09-03,East,Guwahati,Corporate,Online,Technology,Accessories,P10022,C1170,4,14028.64,0.0672,52343.97,32868.71,19475.27,0.37206329592501297,2024,9,Sep,Q3
SO02121,2023-07-29,South,Hyderabad,Consumer,Online,Technology,Printers,P10002,C1046,2,15746.91,0.3034,21938.17,16153.01,5785.16,0.26370294331751465,2023,7,Jul,Q3
SO02122,2025-04-09,Central,Raipur,Consumer,Retail Store,Furniture,Bookcases,P10029,C1505,6,14634.67,0.2153,68906.65,51068.62,17838.03,0.2588724020105462,2025,4,Apr,Q2
SO02123,2024-02-08,West,Mumbai,Consumer,Retail Store,Furniture,Chairs,P10010,C1549,4,7353.31,0.1243,25758.2,18210.2,7548.0,0.29303289826152445,2024,2,Feb,Q1
SO02124,2024-12-06,West,Surat,Consumer,Retail Store,Technology,Phones,P10059,C1418,10,29147.48,0.3453,190824.04,123896.27,66927.77,0.350730285345599,2024,12,Dec,Q4
SO02125,2023-05-08,Central,Raipur,Consumer,Online,Office Supplies,Paper,P10043,C1351,5,1108.97,0.2142,4357.07,2348.94,2008.13,0.4608900017672427,2023,5,May,Q2
SO02126,2023-09-23,Central,Raipur,Consumer,Retail Store,Furniture,Bookcases,P10020,C1439,8,9958.7,0.55,35851.31,26655.17,9196.15,0.25650806065385057,2023,9,Sep,Q3
SO02127,2023-05-06,South,Bengaluru,Consumer,Retail Store,Office Supplies,Pens,P10059,C1096,9,1016.18,0.1246,8005.66,3994.44,4011.22,0.5010480085339623,2023,5,May,Q2
SO02128,2023-08-03,East,Guwahati,Consumer,Retail Store,Furniture,Chairs,P10027,C1278,9,10512.1,0.3855,58141.64,44689.04,13452.6,0.23137634232539708,2023,8,Aug,Q3
SO02129,2023-03-26,Central,Raipur,Consumer,Online,Furniture,Tables,P10095,C1424,5,13145.05,0.17,54553.95,36312.68,18241.28,0.3343713883229354,2023,3,Mar,Q1
SO02130,2023-07-12,East,Patna,Corporate,Distributor,Office Supplies,Paper,P10044,C1094,8,1206.88,0.3081,6680.72,4323.2,2357.51,0.35288262342980997,2023,7,Jul,Q3
SO02131,2023-02-12,West,Ahmedabad,Home Office,Online,Office Supplies,Pens,P10084,C1551,6,796.49,0.2912,3387.52,2142.69,1244.82,0.3674723691668241,2023,2,Feb,Q1
SO02132,2024-10-19,West,Mumbai,Consumer,Online,Furniture,Storage,P10097,C1598,9,7582.13,0.1899,55278.67,39157.51,16121.16,0.29163436819301186,2024,10,Oct,Q4
SO02133,2025-07-26,North,Chandigarh,Consumer,Retail Store,Furniture,Bookcases,P10071,C1258,5,7146.86,0.0746,33069.9,24140.33,8929.56,0.2700207741783313,2025,7,Jul,Q3
SO02134,2023-07-12,North,Lucknow,Consumer,Retail Store,Furniture,Bookcases,P10075,C1086,2,6369.52,0.4754,6682.66,5008.46,1674.2,0.2505289809746418,2023,7,Jul,Q3
SO02135,2025-02-17,North,Lucknow,Consumer,Online,Technology,Phones,P10071,C1199,10,24944.73,0.121,219264.67,143146.13,76118.53,0.3471536476897988,2025,2,Feb,Q1
SO02136,2023-08-09,South,Bengaluru,Corporate,Distributor,Technology,Accessories,P10025,C1161,4,25515.0,0.2007,81579.73,56771.98,24807.75,0.30409208267789073,2023,8,Aug,Q3
SO02137,2024-03-30,South,Hyderabad,Consumer,Online,Technology,Phones,P10074,C1097,9,13654.6,0.3029,85669.93,56360.52,29309.4,0.3421200414194339,2024,3,Mar,Q1
SO02138,2023-05-04,East,Bhubaneswar,Consumer,Retail Store,Furniture,Bookcases,P10025,C1149,8,7692.44,0.3781,38268.92,29246.62,9022.3,0.235760507482312,2023,5,May,Q2
SO02139,2025-06-10,North,Lucknow,Consumer,Online,Technology,Accessories,P10100,C1554,5,12983.59,0.175,53556.82,32197.12,21359.7,0.3988231564159336,2025,6,Jun,Q2
SO02140,2023-09-26,North,Chandigarh,Corporate,Retail Store,Technology,Accessories,P10059,C1445,5,23997.62,0.55,53994.64,33353.21,20641.43,0.38228664919332733,2023,9,Sep,Q3
SO02141,2023-11-27,North,Chandigarh,Consumer,Online,Office Supplies,Binders,P10029,C1456,9,628.5,0.3364,3753.54,2221.49,1532.05,0.4081613623406171,2023,11,Nov,Q4
SO02142,2024-10-07,East,Guwahati,Corporate,Online,Technology,Accessories,P10100,C1435,5,20522.42,0.3244,69322.49,46275.54,23046.95,0.3324599275069317,2024,10,Oct,Q4
SO02143,2023-03-04,Central,Nagpur,Consumer,Distributor,Technology,Phones,P10041,C1130,9,7577.08,0.0838,62481.13,40760.57,21720.56,0.34763391763241164,2023,3,Mar,Q1
SO02144,2024-08-09,South,Kochi,Corporate,Online,Office Supplies,Binders,P10009,C1548,5,807.02,0.4476,2228.93,1254.15,974.78,0.43733091662815793,2024,8,Aug,Q3
SO02145,2023-11-26,South,Hyderabad,Corporate,Distributor,Office Supplies,Binders,P10091,C1451,6,702.19,0.2299,3244.51,2204.9,1039.6,0.3204181833312272,2023,11,Nov,Q4
SO02146,2025-03-31,East,Patna,Home Office,Retail Store,Furniture,Storage,P10098,C1346,7,6618.55,0.2463,34919.82,24840.94,10078.88,0.2886292082834333,2025,3,Mar,Q1
SO02147,2025-10-20,East,Guwahati,Corporate,Online,Furniture,Tables,P10010,C1258,3,6718.25,0.3035,14036.96,10017.33,4019.63,0.28636043701770186,2025,10,Oct,Q4
SO02148,2024-09-13,North,Delhi,Home Office,Retail Store,Furniture,Tables,P10058,C1354,6,5484.57,0.4332,18652.68,14753.08,3899.6,0.20906379136939035,2024,9,Sep,Q3
SO02149,2025-07-24,South,Chennai,Corporate,Retail Store,Office Supplies,Binders,P10036,C1537,10,1308.25,0.2783,9442.07,5022.36,4419.71,0.46808697669049265,2025,7,Jul,Q3
SO02150,2023-04-24,Central,Raipur,Consumer,Distributor,Furniture,Bookcases,P10032,C1279,5,5022.35,0.3492,16342.55,12821.52,3521.03,0.21545168899590336,2023,4,Apr,Q2
SO02151,2024-10-11,East,Guwahati,Consumer,Retail Store,Furniture,Bookcases,P10001,C1439,2,15098.97,0.196,24279.64,18816.91,5462.73,0.22499221570006803,2024,10,Oct,Q4
SO02152,2025-04-03,South,Bengaluru,Corporate,Retail Store,Technology,Printers,P10062,C1450,1,32698.16,0.2542,24385.88,14661.1,9724.78,0.3987873310292678,2025,4,Apr,Q2
SO02153,2024-04-19,Central,Bhopal,Home Office,Retail Store,Technology,Printers,P10027,C1034,3,17473.87,0.136,45291.93,25626.99,19664.94,0.4341819834129391,2024,4,Apr,Q2
SO02154,2024-02-10,West,Pune,Consumer,Online,Office Supplies,Paper,P10022,C1486,3,541.08,0.1024,1456.97,830.11,626.86,0.4302490785671634,2024,2,Feb,Q1
SO02155,2023-02-08,North,Jaipur,Home Office,Retail Store,Office Supplies,Paper,P10017,C1424,4,1325.81,0.1772,4363.39,2810.88,1552.51,0.3558036297465961,2023,2,Feb,Q1
SO02156,2023-06-25,South,Hyderabad,Consumer,Online,Office Supplies,Paper,P10020,C1279,2,479.04,0.2139,753.14,436.41,316.73,0.4205459808269379,2023,6,Jun,Q2
SO02157,2025-11-20,East,Patna,Consumer,Distributor,Furniture,Chairs,P10091,C1039,3,5789.22,0.1008,15617.11,11415.52,4201.59,0.2690376132331782,2025,11,Nov,Q4
SO02158,2024-12-06,East,Bhubaneswar,Corporate,Retail Store,Furniture,Chairs,P10032,C1536,9,5199.91,0.4956,23605.18,18729.97,4875.21,0.20653136303133465,2024,12,Dec,Q4
SO02159,2024-05-11,South,Chennai,Consumer,Online,Technology,Phones,P10094,C1599,4,20815.86,0.4723,43940.51,30670.69,13269.82,0.30199512932371514,2024,5,May,Q2
SO02160,2024-11-14,North,Chandigarh,Corporate,Online,Furniture,Storage,P10099,C1410,1,9080.94,0.1694,7542.63,5209.45,2333.18,0.3093324211846531,2024,11,Nov,Q4
SO02161,2023-05-26,East,Guwahati,Home Office,Retail Store,Technology,Printers,P10095,C1108,9,20421.08,0.0675,171380.29,126154.95,45225.34,0.26388880541630544,2023,5,May,Q2
SO02162,2025-03-22,South,Chennai,Consumer,Distributor,Furniture,Storage,P10051,C1208,4,14563.39,0.2252,45132.31,32477.41,12654.9,0.28039557470025356,2025,3,Mar,Q1
SO02163,2024-09-22,South,Bengaluru,Home Office,Online,Technology,Laptops,P10045,C1070,8,19198.92,0.1694,127568.19,82247.69,45320.5,0.355264897934195,2024,9,Sep,Q3
SO02164,2023-10-20,West,Mumbai,Consumer,Retail Store,Technology,Laptops,P10010,C1574,8,16828.96,0.1248,117830.62,70080.42,47750.21,0.40524449417307656,2023,10,Oct,Q4
SO02165,2025-05-17,South,Kochi,Corporate,Online,Office Supplies,Paper,P10034,C1436,2,993.23,0.4159,1160.32,701.03,459.29,0.39583046056260346,2025,5,May,Q2
SO02166,2024-06-28,Central,Bhopal,Corporate,Distributor,Technology,Laptops,P10003,C1535,8,21689.46,0.4246,99838.32,66380.07,33458.26,0.3351244291770935,2024,6,Jun,Q2
SO02167,2024-11-26,West,Pune,Consumer,Online,Technology,Laptops,P10025,C1225,3,26482.09,0.1096,70742.83,44085.55,26657.28,0.3768195306860073,2024,11,Nov,Q4
SO02168,2023-02-09,South,Bengaluru,Corporate,Retail Store,Furniture,Storage,P10089,C1485,2,12344.57,0.252,18466.91,13148.49,5318.42,0.28799728812237674,2023,2,Feb,Q1
SO02169,2025-09-12,East,Kolkata,Home Office,Online,Furniture,Tables,P10009,C1288,6,8012.31,0.1625,40260.29,27502.94,12757.35,0.31687178607009536,2025,9,Sep,Q3
SO02170,2025-03-19,West,Ahmedabad,Home Office,Retail Store,Technology,Laptops,P10027,C1211,5,30408.9,0.337,100803.49,68296.13,32507.36,0.32248248547743735,2025,3,Mar,Q1
SO02171,2024-05-22,South,Hyderabad,Consumer,Online,Office Supplies,Pens,P10027,C1082,2,1097.63,0.2286,1693.42,1051.21,642.21,0.3792384641730935,2024,5,May,Q2
SO02172,2025-06-02,West,Surat,Home Office,Online,Technology,Laptops,P10099,C1457,4,23623.25,0.3033,65831.0,38803.14,27027.86,0.4105643237988182,2025,6,Jun,Q2
SO02173,2023-07-23,East,Guwahati,Consumer,Online,Furniture,Storage,P10069,C1011,5,6125.31,0.2166,23994.14,18504.49,5489.64,0.2287908631024075,2023,7,Jul,Q3
SO02174,2025-08-21,North,Jaipur,Consumer,Online,Furniture,Tables,P10039,C1284,7,11364.42,0.1637,66527.73,54356.34,12171.39,0.18295213138942212,2025,8,Aug,Q3
SO02175,2023-07-01,South,Kochi,Corporate,Retail Store,Office Supplies,Binders,P10059,C1040,6,856.04,0.072,4766.43,3131.99,1634.45,0.3429086339251809,2023,7,Jul,Q3
SO02176,2024-07-10,East,Bhubaneswar,Home Office,Distributor,Office Supplies,Paper,P10090,C1538,8,957.93,0.337,5080.55,3026.86,2053.69,0.40422592042200156,2024,7,Jul,Q3
SO02177,2025-09-14,West,Surat,Consumer,Retail Store,Technology,Accessories,P10015,C1288,4,21852.92,0.0969,78939.62,49954.96,28984.66,0.36717506367524955,2025,9,Sep,Q3
SO02178,2023-04-14,Central,Nagpur,Consumer,Online,Office Supplies,Envelopes,P10084,C1018,6,1118.18,0.2698,4898.67,2376.35,2522.33,0.5149009833281278,2023,4,Apr,Q2
SO02179,2024-11-11,Central,Bhopal,Consumer,Distributor,Office Supplies,Paper,P10071,C1486,6,1040.19,0.0584,5876.98,3382.87,2494.11,0.4243863344779122,2024,11,Nov,Q4
SO02180,2023-01-13,West,Mumbai,Home Office,Retail Store,Office Supplies,Paper,P10084,C1349,3,718.61,0.3764,1344.31,784.45,559.86,0.41646644003243305,2023,1,Jan,Q1
SO02181,2025-11-19,South,Chennai,Corporate,Online,Technology,Laptops,P10046,C1265,6,25551.67,0.1358,132488.4,84647.55,47840.85,0.3610946316809623,2025,11,Nov,Q4
SO02182,2025-11-29,North,Jaipur,Home Office,Online,Technology,Accessories,P10009,C1368,2,24652.4,0.4543,26903.26,16248.08,10655.17,0.3960549762370806,2025,11,Nov,Q4
SO02183,2023-08-03,East,Bhubaneswar,Corporate,Online,Technology,Printers,P10071,C1283,1,23141.0,0.2557,17223.73,12178.12,5045.61,0.29294525634110613,2023,8,Aug,Q3
SO02184,2023-09-16,North,Chandigarh,Consumer,Online,Technology,Laptops,P10058,C1149,2,4437.25,0.1887,7199.77,4707.95,2491.82,0.3460971669928345,2023,9,Sep,Q3
SO02185,2025-06-21,Central,Bhopal,Consumer,Retail Store,Technology,Printers,P10095,C1482,7,15958.62,0.0736,103486.09,77544.61,25941.48,0.2506760087273565,2025,6,Jun,Q2
SO02186,2023-12-31,Central,Indore,Corporate,Distributor,Technology,Laptops,P10094,C1494,4,13929.76,0.4191,32366.08,20996.51,11369.57,0.3512804145574626,2023,12,Dec,Q4
SO02187,2023-05-16,South,Bengaluru,Consumer,Online,Technology,Accessories,P10049,C1499,9,19447.48,0.262,129166.1,87706.65,41459.45,0.3209777952574243,2023,5,May,Q2
SO02188,2024-11-27,West,Pune,Consumer,Retail Store,Furniture,Chairs,P10096,C1554,8,14051.14,0.3197,76477.44,49730.84,26746.6,0.34973189479145744,2024,11,Nov,Q4
SO02189,2023-10-14,East,Patna,Consumer,Online,Office Supplies,Paper,P10074,C1595,6,549.96,0.3466,2155.91,1146.58,1009.33,0.46816889387775934,2023,10,Oct,Q4
SO02190,2025-07-08,South,Bengaluru,Consumer,Retail Store,Office Supplies,Pens,P10045,C1255,9,1010.06,0.0566,8576.39,4797.01,3779.37,0.44067142469034176,2025,7,Jul,Q3
SO02191,2025-10-05,North,Delhi,Corporate,Distributor,Furniture,Bookcases,P10093,C1523,10,8763.38,0.1758,72223.59,56452.2,15771.39,0.21836895673560397,2025,10,Oct,Q4
SO02192,2023-04-03,West,Mumbai,Home Office,Online,Furniture,Bookcases,P10084,C1266,3,9401.45,0.4421,15734.16,9944.18,5789.98,0.3679878684340314,2023,4,Apr,Q2
SO02193,2025-05-02,West,Surat,Consumer,Distributor,Technology,Accessories,P10011,C1468,9,30045.61,0.2938,190963.46,122492.43,68471.03,0.35855566295248315,2025,5,May,Q2
SO02194,2024-03-23,West,Surat,Corporate,Retail Store,Furniture,Tables,P10026,C1124,3,9373.56,0.3311,18810.59,14436.32,4374.28,0.2325434768393761,2024,3,Mar,Q1
SO02195,2023-05-10,West,Mumbai,Corporate,Retail Store,Technology,Laptops,P10010,C1270,7,29334.92,0.4544,112036.85,78203.72,33833.13,0.3019821603338544,2023,5,May,Q2
SO02196,2025-10-16,East,Kolkata,Corporate,Online,Office Supplies,Envelopes,P10039,C1136,3,1003.81,0.1942,2426.64,1488.65,937.99,0.3865385883361356,2025,10,Oct,Q4
SO02197,2023-10-14,North,Chandigarh,Corporate,Online,Office Supplies,Binders,P10017,C1198,9,1117.94,0.1405,8647.64,4384.36,4263.29,0.4930004024219325,2023,10,Oct,Q4
SO02198,2025-12-03,South,Hyderabad,Consumer,Online,Office Supplies,Binders,P10014,C1444,4,1140.67,0.2898,3240.22,1986.03,1254.19,0.3870693965224584,2025,12,Dec,Q4
SO02199,2023-10-08,West,Pune,Consumer,Retail Store,Technology,Phones,P10067,C1483,1,26403.72,0.3817,16325.5,10571.42,5754.08,0.3524596490153441,2023,10,Oct,Q4
SO02200,2024-08-21,South,Hyderabad,Corporate,Online,Technology,Printers,P10050,C1490,2,22721.69,0.3961,27443.06,17096.24,10346.82,0.3770286549677769,2024,8,Aug,Q3
SO02201,2024-08-16,North,Chandigarh,Home Office,Online,Office Supplies,Pens,P10096,C1405,2,1249.23,0.4339,1414.49,929.68,484.81,0.3427454418200199,2024,8,Aug,Q3
SO02202,2023-09-11,South,Bengaluru,Corporate,Retail Store,Technology,Printers,P10029,C1041,7,17663.51,0.3701,77887.8,51870.02,26017.78,0.3340417883160135,2023,9,Sep,Q3
SO02203,2024-07-23,Central,Indore,Consumer,Distributor,Technology,Phones,P10090,C1490,6,34551.6,0.31,143040.61,77181.8,65858.81,0.4604203659366386,2024,7,Jul,Q3
SO02204,2024-01-20,North,Lucknow,Corporate,Retail Store,Furniture,Storage,P10011,C1438,9,6251.64,0.55,25319.14,18387.76,6931.38,0.27376048317596885,2024,1,Jan,Q1
SO02205,2025-04-16,West,Ahmedabad,Corporate,Online,Furniture,Tables,P10072,C1511,1,8463.19,0.2244,6564.47,4211.04,2353.43,0.3585102833892149,2025,4,Apr,Q2
SO02206,2024-05-03,North,Chandigarh,Home Office,Retail Store,Furniture,Tables,P10031,C1596,6,8514.25,0.1637,42723.09,30684.55,12038.54,0.2817806483566615,2024,5,May,Q2
SO02207,2024-11-18,North,Delhi,Corporate,Online,Technology,Laptops,P10016,C1348,8,23929.96,0.5241,91107.79,56881.44,34226.35,0.3756687545598461,2024,11,Nov,Q4
SO02208,2025-08-09,West,Surat,Corporate,Distributor,Office Supplies,Paper,P10098,C1201,4,1274.9,0.2854,3644.32,1966.91,1677.42,0.4602833999209729,2025,8,Aug,Q3
SO02209,2025-04-18,West,Pune,Corporate,Retail Store,Furniture,Storage,P10067,C1312,2,5426.39,0.287,7737.63,5630.46,2107.17,0.2723275731716301,2025,4,Apr,Q2
SO02210,2023-02-28,West,Mumbai,Corporate,Retail Store,Furniture,Storage,P10041,C1199,5,11703.93,0.4083,34627.87,24159.45,10468.42,0.30231198164946327,2023,2,Feb,Q1
SO02211,2023-11-26,East,Guwahati,Corporate,Distributor,Office Supplies,Binders,P10041,C1448,3,1163.38,0.1819,2855.35,1461.02,1394.34,0.4883254242036878,2023,11,Nov,Q4
SO02212,2024-01-08,Central,Bhopal,Home Office,Online,Technology,Phones,P10062,C1115,2,26496.63,0.1445,45336.37,29244.2,16092.17,0.3549505617675169,2024,1,Jan,Q1
SO02213,2024-05-11,North,Delhi,Consumer,Online,Office Supplies,Binders,P10037,C1008,8,1058.59,0.5179,4083.0,2579.44,1503.56,0.3682488366397257,2024,5,May,Q2
SO02214,2023-03-13,North,Delhi,Consumer,Online,Technology,Phones,P10020,C1098,6,19055.26,0.1676,95172.63,63330.15,31842.47,0.3345759174670281,2023,3,Mar,Q1
SO02215,2024-07-26,Central,Raipur,Corporate,Distributor,Office Supplies,Paper,P10033,C1151,4,1083.93,0.3241,2930.51,1863.55,1066.96,0.36408679717864806,2024,7,Jul,Q3
SO02216,2024-02-13,North,Chandigarh,Corporate,Retail Store,Technology,Laptops,P10043,C1397,4,22050.2,0.2655,64782.93,41095.55,23687.38,0.3656423073176839,2024,2,Feb,Q1
SO02217,2023-09-22,East,Bhubaneswar,Consumer,Distributor,Office Supplies,Paper,P10052,C1494,9,1081.82,0.2233,7562.39,4387.04,3175.36,0.41988842151753614,2023,9,Sep,Q3
SO02218,2024-12-07,Central,Nagpur,Consumer,Distributor,Technology,Laptops,P10035,C1025,5,24311.72,0.0823,111550.55,71420.31,40130.24,0.3597493692321553,2024,12,Dec,Q4
SO02219,2024-10-30,North,Jaipur,Corporate,Distributor,Office Supplies,Paper,P10003,C1162,6,838.43,0.0189,4935.53,3090.44,1845.08,0.3738362445370609,2024,10,Oct,Q4
SO02220,2023-10-22,North,Jaipur,Consumer,Online,Office Supplies,Envelopes,P10084,C1580,5,927.76,0.1465,3959.42,2297.27,1662.15,0.41979633380646664,2023,10,Oct,Q4
SO02221,2025-10-15,North,Chandigarh,Corporate,Online,Office Supplies,Envelopes,P10076,C1022,1,631.5,0.2608,466.8,309.53,157.27,0.33691088260497004,2025,10,Oct,Q4
SO02222,2024-01-21,East,Bhubaneswar,Corporate,Retail Store,Technology,Printers,P10074,C1164,6,15657.77,0.1092,83690.42,51363.24,32327.18,0.386270973428022,2024,1,Jan,Q1
SO02223,2024-07-23,East,Guwahati,Consumer,Online,Technology,Laptops,P10021,C1116,2,28376.11,0.1055,50766.13,34584.1,16182.03,0.3187564228354614,2024,7,Jul,Q3
SO02224,2024-02-08,Central,Indore,Consumer,Online,Technology,Printers,P10073,C1367,8,25139.36,0.1593,169076.49,97398.51,71677.98,0.4239381832447551,2024,2,Feb,Q1
SO02225,2024-05-06,West,Surat,Home Office,Retail Store,Furniture,Tables,P10066,C1278,10,9127.43,0.3668,57798.76,40944.61,16854.15,0.2916005464477093,2024,5,May,Q2
SO02226,2025-07-31,West,Ahmedabad,Corporate,Online,Technology,Laptops,P10065,C1571,2,24595.83,0.4151,28770.36,19620.32,9150.03,0.31803668775781746,2025,7,Jul,Q3
SO02227,2024-12-22,East,Patna,Corporate,Online,Office Supplies,Paper,P10022,C1138,10,770.66,0.4892,3936.58,2262.47,1674.11,0.4252701583608106,2024,12,Dec,Q4
SO02228,2024-03-22,North,Jaipur,Consumer,Retail Store,Office Supplies,Paper,P10059,C1506,3,602.16,0.2947,1274.09,694.04,580.05,0.45526611149918766,2024,3,Mar,Q1
SO02229,2024-05-13,Central,Bhopal,Corporate,Retail Store,Technology,Printers,P10068,C1046,9,29682.63,0.1034,239533.55,156915.54,82618.01,0.34491205929190294,2024,5,May,Q2
SO02230,2023-10-23,South,Bengaluru,Consumer,Online,Office Supplies,Paper,P10083,C1334,4,1163.94,0.3904,2838.37,1575.26,1263.1,0.44500893118233353,2023,10,Oct,Q4
SO02231,2023-09-08,South,Kochi,Home Office,Online,Technology,Printers,P10038,C1238,1,13383.19,0.1415,11489.46,7572.43,3917.02,0.34092289803002057,2023,9,Sep,Q3
SO02232,2025-06-26,North,Lucknow,Home Office,Online,Office Supplies,Paper,P10017,C1240,4,588.39,0.2614,1738.31,906.14,832.17,0.47872358785256947,2025,6,Jun,Q2
SO02233,2025-08-23,East,Kolkata,Corporate,Online,Technology,Phones,P10011,C1325,10,22014.82,0.1082,196336.31,125222.72,71113.6,0.3622029974995456,2025,8,Aug,Q3
SO02234,2024-01-28,East,Bhubaneswar,Consumer,Online,Furniture,Chairs,P10009,C1309,3,11092.95,0.1843,27145.7,18745.21,8400.49,0.3094593250496395,2024,1,Jan,Q1
SO02235,2024-05-06,North,Delhi,Corporate,Retail Store,Furniture,Tables,P10096,C1059,2,7389.97,0.55,6650.98,4827.76,1823.22,0.27412802323868063,2024,5,May,Q2
SO02236,2024-08-08,East,Bhubaneswar,Corporate,Retail Store,Furniture,Tables,P10069,C1295,4,7765.52,0.2561,23105.54,16901.02,6204.51,0.2685291060066114,2024,8,Aug,Q3
SO02237,2025-06-08,North,Lucknow,Corporate,Retail Store,Furniture,Chairs,P10092,C1181,5,12562.74,0.1239,55029.82,38162.86,16866.96,0.30650581811824934,2025,6,Jun,Q2
SO02238,2024-03-03,South,Chennai,Home Office,Online,Furniture,Bookcases,P10021,C1594,3,4811.37,0.1305,12550.21,8734.17,3816.04,0.30406184438348044,2024,3,Mar,Q1
SO02239,2023-09-12,East,Patna,Corporate,Retail Store,Furniture,Tables,P10076,C1014,6,6442.56,0.1035,34655.91,27205.86,7450.05,0.21497199179014487,2023,9,Sep,Q3
SO02240,2025-02-09,East,Kolkata,Home Office,Retail Store,Office Supplies,Pens,P10099,C1097,7,753.71,0.1995,4223.51,2561.04,1662.47,0.39362283977071205,2025,2,Feb,Q1
SO02241,2025-03-08,North,Delhi,Consumer,Online,Furniture,Tables,P10078,C1202,1,5769.38,0.4687,3065.06,2037.89,1027.17,0.335122314081943,2025,3,Mar,Q1
SO02242,2023-04-17,Central,Bhopal,Corporate,Retail Store,Furniture,Chairs,P10076,C1120,7,6077.69,0.1133,37725.66,26327.7,11397.96,0.30212751745098687,2023,4,Apr,Q2
SO02243,2025-09-08,Central,Indore,Home Office,Online,Furniture,Storage,P10031,C1242,1,3976.36,0.294,2807.2,1936.64,870.56,0.3101168424052437,2025,9,Sep,Q3
SO02244,2024-10-23,North,Lucknow,Corporate,Retail Store,Office Supplies,Envelopes,P10019,C1398,8,904.24,0.3801,4484.16,2657.0,1827.16,0.4074698494255335,2024,10,Oct,Q4
SO02245,2023-11-12,Central,Nagpur,Corporate,Distributor,Technology,Phones,P10023,C1308,10,15105.52,0.2567,112281.72,76542.14,35739.59,0.31830283682864846,2023,11,Nov,Q4
SO02246,2024-07-02,West,Surat,Consumer,Online,Technology,Printers,P10032,C1299,4,10270.39,0.2319,31553.87,21759.94,9793.93,0.3103876006334564,2024,7,Jul,Q3
SO02247,2023-09-02,Central,Indore,Corporate,Retail Store,Furniture,Tables,P10092,C1536,5,7610.96,0.3551,24542.57,18156.36,6386.21,0.26020950536150045,2023,9,Sep,Q3
SO02248,2025-01-26,West,Pune,Corporate,Online,Office Supplies,Binders,P10018,C1428,10,726.78,0.0465,6929.63,4126.69,2802.94,0.404486242411211,2025,1,Jan,Q1
SO02249,2024-08-06,East,Kolkata,Consumer,Retail Store,Office Supplies,Binders,P10044,C1462,2,1691.31,0.2368,2581.59,1502.78,1078.81,0.41788587653345416,2024,8,Aug,Q3
SO02250,2025-07-04,Central,Nagpur,Consumer,Retail Store,Technology,Accessories,P10008,C1495,5,19983.28,0.4341,56546.73,38543.93,18002.8,0.31837031071469557,2025,7,Jul,Q3
SO02251,2025-06-25,North,Delhi,Consumer,Online,Furniture,Tables,P10036,C1471,10,10771.17,0.3033,75039.67,55797.19,19242.48,0.25643076522058267,2025,6,Jun,Q2
SO02252,2024-02-16,West,Surat,Consumer,Online,Technology,Printers,P10027,C1113,5,16971.77,0.1388,73081.84,45914.28,27167.56,0.37174159818636204,2024,2,Feb,Q1
SO02253,2024-06-27,West,Ahmedabad,Home Office,Online,Office Supplies,Pens,P10003,C1424,10,962.8,0.2575,7149.0,3801.93,3347.07,0.46818715904322283,2024,6,Jun,Q2
SO02254,2025-07-14,East,Bhubaneswar,Home Office,Online,Furniture,Storage,P10036,C1319,4,7457.84,0.4619,16051.26,10966.62,5084.64,0.31677513167190613,2025,7,Jul,Q3
SO02255,2024-11-25,West,Pune,Consumer,Retail Store,Office Supplies,Pens,P10094,C1526,8,1105.94,0.109,7882.95,4849.76,3033.19,0.3847785410284221,2024,11,Nov,Q4
SO02256,2025-12-17,South,Hyderabad,Home Office,Retail Store,Furniture,Tables,P10012,C1556,8,6061.57,0.55,21821.64,14887.16,6934.48,0.3177799652088477,2025,12,Dec,Q4
SO02257,2023-12-27,South,Chennai,Corporate,Distributor,Furniture,Chairs,P10080,C1076,5,7788.26,0.2456,29377.57,21149.53,8228.04,0.28007898543004073,2023,12,Dec,Q4
SO02258,2024-07-17,Central,Nagpur,Home Office,Distributor,Furniture,Bookcases,P10058,C1234,8,9732.05,0.2729,56610.58,39412.93,17197.66,0.3037887970764475,2024,7,Jul,Q3
SO02259,2025-03-15,Central,Indore,Consumer,Online,Technology,Phones,P10090,C1145,1,14962.48,0.1383,12893.39,8680.15,4213.24,0.3267751925599086,2025,3,Mar,Q1
SO02260,2024-10-21,North,Jaipur,Consumer,Online,Furniture,Bookcases,P10061,C1351,5,10177.29,0.4981,25541.86,20098.31,5443.55,0.21312269349217325,2024,10,Oct,Q4
SO02261,2023-10-10,South,Hyderabad,Consumer,Retail Store,Office Supplies,Paper,P10058,C1204,2,704.16,0.4001,844.88,442.34,402.54,0.47644635924628354,2023,10,Oct,Q4
SO02262,2025-02-13,South,Kochi,Consumer,Distributor,Office Supplies,Paper,P10069,C1422,4,1103.85,0.3979,2658.51,1701.08,957.44,0.3601415830672068,2025,2,Feb,Q1
SO02263,2025-03-23,West,Ahmedabad,Consumer,Online,Office Supplies,Pens,P10041,C1027,4,207.17,0.3163,566.58,320.09,246.5,0.43506653958840763,2025,3,Mar,Q1
SO02264,2024-10-17,East,Bhubaneswar,Consumer,Retail Store,Technology,Phones,P10029,C1312,5,17789.76,0.2975,62490.73,43115.27,19375.46,0.3100533471124437,2024,10,Oct,Q4
SO02265,2023-08-18,Central,Bhopal,Home Office,Online,Office Supplies,Envelopes,P10008,C1202,6,1177.06,0.5148,3426.69,1946.66,1480.02,0.43190951034380115,2023,8,Aug,Q3
SO02266,2023-08-18,East,Bhubaneswar,Consumer,Retail Store,Technology,Accessories,P10034,C1315,8,20172.04,0.2805,116115.43,70205.03,45910.4,0.3953858673218538,2023,8,Aug,Q3
SO02267,2024-10-01,North,Chandigarh,Corporate,Retail Store,Furniture,Bookcases,P10051,C1351,3,6537.88,0.55,8826.14,6152.52,2673.62,0.30292064254589207,2024,10,Oct,Q4
SO02268,2025-08-17,South,Kochi,Consumer,Retail Store,Technology,Laptops,P10070,C1093,10,28061.53,0.1923,226649.73,131446.01,95203.72,0.42004779798325814,2025,8,Aug,Q3
SO02269,2023-04-10,North,Delhi,Consumer,Distributor,Technology,Accessories,P10043,C1176,3,21185.93,0.1856,51758.64,33478.28,18280.36,0.353184705007705,2023,4,Apr,Q2
SO02270,2025-01-04,East,Kolkata,Home Office,Online,Furniture,Bookcases,P10068,C1437,7,6285.55,0.3371,29166.3,21440.41,7725.89,0.264890987200982,2025,1,Jan,Q1
SO02271,2025-11-20,Central,Raipur,Home Office,Online,Office Supplies,Binders,P10016,C1021,4,812.49,0.1394,2796.95,1687.27,1109.68,0.39674645596095753,2025,11,Nov,Q4
SO02272,2024-04-24,Central,Raipur,Corporate,Distributor,Furniture,Storage,P10081,C1523,8,6538.15,0.2426,39614.75,25526.56,14088.19,0.3556299105762374,2024,4,Apr,Q2
SO02273,2025-12-09,East,Guwahati,Consumer,Online,Furniture,Tables,P10029,C1447,8,7760.88,0.2243,48159.61,33244.01,14915.59,0.3097116027310022,2025,12,Dec,Q4
SO02274,2023-05-30,East,Patna,Consumer,Online,Office Supplies,Paper,P10083,C1469,4,1012.58,0.1809,3317.79,2043.97,1273.82,0.3839362949433207,2023,5,May,Q2
SO02275,2023-12-20,South,Hyderabad,Corporate,Online,Technology,Printers,P10067,C1476,8,31451.43,0.0976,227063.25,139055.8,88007.45,0.3875900217230221,2023,12,Dec,Q4
SO02276,2023-12-16,West,Mumbai,Corporate,Retail Store,Furniture,Chairs,P10006,C1499,8,8100.93,0.1581,54564.53,44851.61,9712.92,0.17800794765390632,2023,12,Dec,Q4
SO02277,2025-03-29,East,Kolkata,Consumer,Distributor,Office Supplies,Envelopes,P10019,C1173,6,1027.47,0.1441,5276.51,3360.08,1916.43,0.3632002971661193,2025,3,Mar,Q1
SO02278,2023-12-13,Central,Indore,Consumer,Online,Technology,Printers,P10091,C1382,4,33896.63,0.1203,119279.09,77172.77,42106.32,0.3530067172712334,2023,12,Dec,Q4
SO02279,2024-08-04,North,Chandigarh,Consumer,Online,Technology,Accessories,P10042,C1563,10,19666.34,0.2048,156381.68,106931.59,49450.09,0.3162140859466403,2024,8,Aug,Q3
SO02280,2024-02-27,East,Bhubaneswar,Corporate,Retail Store,Furniture,Storage,P10072,C1579,9,3069.09,0.1007,24839.65,18638.12,6201.54,0.24966293808487638,2024,2,Feb,Q1
SO02281,2025-07-02,South,Bengaluru,Consumer,Online,Office Supplies,Binders,P10091,C1256,3,398.03,0.352,773.78,424.84,348.94,0.45095505182351575,2025,7,Jul,Q3
SO02282,2024-01-05,Central,Bhopal,Corporate,Distributor,Furniture,Storage,P10043,C1066,1,7350.92,0.2651,5402.41,3847.64,1554.77,0.28779192989795294,2024,1,Jan,Q1
SO02283,2023-06-14,East,Bhubaneswar,Consumer,Distributor,Furniture,Storage,P10067,C1511,8,12640.61,0.2677,74050.55,53529.18,20521.37,0.2771265034493329,2023,6,Jun,Q2
SO02284,2023-12-22,East,Guwahati,Consumer,Online,Technology,Printers,P10029,C1225,2,22743.08,0.1618,38125.13,22736.25,15388.88,0.40364137774743325,2023,12,Dec,Q4
SO02285,2024-09-22,East,Patna,Consumer,Online,Office Supplies,Binders,P10039,C1331,3,1060.48,0.3199,2163.71,1244.36,919.35,0.4248952031464475,2024,9,Sep,Q3
SO02286,2025-06-08,West,Pune,Consumer,Retail Store,Technology,Phones,P10061,C1580,2,17934.17,0.2725,26095.41,18755.89,7339.52,0.2812571252952148,2025,6,Jun,Q2
SO02287,2023-06-15,West,Pune,Corporate,Online,Furniture,Storage,P10040,C1267,3,9142.91,0.2201,21392.9,14966.21,6426.69,0.3004122863192928,2023,6,Jun,Q2
SO02288,2025-02-10,South,Chennai,Corporate,Retail Store,Furniture,Chairs,P10033,C1085,8,8129.07,0.4774,33985.44,26577.39,7408.06,0.2179774632901619,2025,2,Feb,Q1
SO02289,2025-08-10,North,Jaipur,Consumer,Online,Furniture,Tables,P10024,C1074,2,8898.71,0.3411,11726.56,8232.08,3494.48,0.2979970255556617,2025,8,Aug,Q3
SO02290,2024-04-07,South,Bengaluru,Consumer,Online,Office Supplies,Binders,P10049,C1208,7,1465.66,0.2632,7559.12,4167.19,3391.93,0.448720221401433,2024,4,Apr,Q2
SO02291,2024-12-07,North,Lucknow,Corporate,Retail Store,Technology,Laptops,P10078,C1366,3,25388.68,0.1799,62460.43,45463.48,16996.94,0.27212332672061335,2024,12,Dec,Q4
SO02292,2024-03-13,South,Chennai,Home Office,Online,Technology,Accessories,P10087,C1490,7,25550.05,0.123,156858.82,124432.13,32426.69,0.20672532153435808,2024,3,Mar,Q1
SO02293,2024-08-12,East,Patna,Consumer,Retail Store,Furniture,Storage,P10046,C1548,5,6786.66,0.1586,28550.29,18499.0,10051.29,0.3520556183492357,2024,8,Aug,Q3
SO02294,2023-10-05,Central,Nagpur,Home Office,Distributor,Furniture,Chairs,P10067,C1511,2,5683.67,0.2352,8694.26,6101.72,2592.54,0.29818984019341493,2023,10,Oct,Q4
SO02295,2023-01-07,East,Bhubaneswar,Corporate,Retail Store,Technology,Laptops,P10093,C1149,10,29322.32,0.2492,220156.5,131113.57,89042.92,0.40445283241693974,2023,1,Jan,Q1
SO02296,2025-03-12,East,Kolkata,Consumer,Distributor,Office Supplies,Paper,P10098,C1077,3,930.6,0.2262,2160.42,1256.59,903.83,0.4183584673350552,2025,3,Mar,Q1
SO02297,2025-01-08,West,Surat,Consumer,Retail Store,Office Supplies,Binders,P10065,C1205,10,933.95,0.1919,7546.92,4526.07,3020.85,0.40027587413143373,2025,1,Jan,Q1
SO02298,2025-06-29,South,Kochi,Consumer,Online,Technology,Laptops,P10065,C1454,10,22806.65,0.2703,166412.3,107370.76,59041.54,0.3547907215993049,2025,6,Jun,Q2
SO02299,2024-03-21,North,Jaipur,Corporate,Online,Technology,Phones,P10044,C1221,1,19077.02,0.1285,16625.55,10494.67,6130.88,0.36876253717922114,2024,3,Mar,Q1
SO02300,2023-06-21,Central,Bhopal,Corporate,Distributor,Office Supplies,Paper,P10004,C1121,9,952.42,0.1676,7135.52,4442.7,2692.82,0.377382447249815,2023,6,Jun,Q2
SO02301,2023-01-26,North,Lucknow,Consumer,Distributor,Furniture,Storage,P10069,C1598,3,4805.42,0.238,10984.94,8546.71,2438.22,0.22196024739324927,2023,1,Jan,Q1
SO02302,2025-05-06,North,Chandigarh,Consumer,Online,Furniture,Storage,P10092,C1338,4,5632.02,0.2173,17633.33,13914.32,3719.01,0.21090797937768985,2025,5,May,Q2
SO02303,2023-02-19,North,Lucknow,Corporate,Retail Store,Technology,Printers,P10004,C1194,1,25544.86,0.2869,18216.99,12294.07,5922.93,0.3251321980195411,2023,2,Feb,Q1
SO02304,2024-04-08,Central,Bhopal,Consumer,Retail Store,Technology,Printers,P10051,C1139,7,23903.03,0.1412,143691.89,99623.09,44068.8,0.30668954246478347,2024,4,Apr,Q2
SO02305,2025-08-10,South,Kochi,Corporate,Online,Furniture,Tables,P10044,C1398,10,9758.02,0.3054,67777.76,48602.45,19175.31,0.2829144840431434,2025,8,Aug,Q3
SO02306,2025-08-23,Central,Indore,Home Office,Retail Store,Furniture,Storage,P10047,C1291,10,8408.81,0.1078,75020.02,49320.89,25699.13,0.3425636250163623,2025,8,Aug,Q3
SO02307,2023-03-30,Central,Nagpur,Home Office,Retail Store,Furniture,Tables,P10038,C1052,6,8843.0,0.0846,48570.71,32602.11,15968.6,0.3287701579820431,2023,3,Mar,Q1
SO02308,2024-10-26,Central,Indore,Consumer,Online,Office Supplies,Pens,P10039,C1479,9,1060.32,0.2836,6836.6,4616.23,2220.37,0.3247769359038118,2024,10,Oct,Q4
SO02309,2023-07-24,West,Mumbai,Home Office,Retail Store,Technology,Accessories,P10100,C1220,4,20029.24,0.1563,67593.4,46594.85,20998.55,0.3106597685572852,2023,7,Jul,Q3
SO02310,2023-04-04,West,Pune,Corporate,Retail Store,Technology,Accessories,P10064,C1556,4,11709.87,0.142,40186.15,26753.45,13432.7,0.3342619285500104,2023,4,Apr,Q2
SO02311,2023-05-15,North,Delhi,Consumer,Retail Store,Furniture,Chairs,P10039,C1534,2,9514.22,0.1776,15648.66,11980.83,3667.83,0.2343862030359149,2023,5,May,Q2
SO02312,2024-09-10,East,Guwahati,Home Office,Online,Furniture,Bookcases,P10090,C1437,9,12900.72,0.2788,83733.91,59983.31,23750.6,0.28364374719871555,2024,9,Sep,Q3
SO02313,2023-12-11,North,Lucknow,Consumer,Retail Store,Office Supplies,Pens,P10048,C1524,3,742.92,0.5279,1052.17,600.24,451.92,0.42951234116159936,2023,12,Dec,Q4
SO02314,2023-12-25,South,Hyderabad,Consumer,Online,Office Supplies,Pens,P10015,C1310,4,951.42,0.1236,3335.23,2131.9,1203.33,0.3607937083799318,2023,12,Dec,Q4
SO02315,2025-10-03,East,Kolkata,Consumer,Retail Store,Office Supplies,Binders,P10003,C1210,2,718.81,0.1601,1207.39,679.73,527.66,0.437025319076686,2025,10,Oct,Q4
SO02316,2025-03-16,East,Guwahati,Corporate,Online,Office Supplies,Paper,P10001,C1575,9,889.88,0.0489,7617.47,4403.79,3213.68,0.4218828561188951,2025,3,Mar,Q1
SO02317,2025-01-06,West,Ahmedabad,Consumer,Retail Store,Technology,Printers,P10046,C1308,1,18409.31,0.1087,16407.3,10312.77,6094.53,0.3714523413358688,2025,1,Jan,Q1
SO02318,2023-07-13,Central,Raipur,Consumer,Retail Store,Furniture,Bookcases,P10075,C1337,6,10460.88,0.2267,48537.37,36627.47,11909.9,0.24537588254163747,2023,7,Jul,Q3
SO02319,2023-04-03,Central,Bhopal,Consumer,Distributor,Technology,Laptops,P10095,C1582,5,21569.72,0.2408,81882.66,53608.91,28273.76,0.34529606146160857,2023,4,Apr,Q2
SO02320,2023-11-06,West,Mumbai,Home Office,Distributor,Technology,Phones,P10026,C1055,1,20483.88,0.5054,10131.89,6731.96,3399.93,0.3355672041445377,2023,11,Nov,Q4
SO02321,2025-02-10,East,Kolkata,Consumer,Retail Store,Furniture,Tables,P10075,C1584,10,11331.93,0.55,50993.7,34506.8,16486.9,0.3233124876210199,2025,2,Feb,Q1
SO02322,2025-04-13,East,Kolkata,Consumer,Online,Technology,Phones,P10094,C1328,9,20509.56,0.2835,132259.57,84151.84,48107.74,0.36373730838532137,2025,4,Apr,Q2
SO02323,2024-04-05,Central,Indore,Corporate,Distributor,Technology,Phones,P10008,C1573,8,25450.97,0.0566,192082.3,124376.16,67706.14,0.3524850545833739,2024,4,Apr,Q2
SO02324,2025-11-01,East,Bhubaneswar,Consumer,Online,Office Supplies,Pens,P10063,C1395,4,698.32,0.1047,2500.81,1409.57,1091.23,0.43635062239834294,2025,11,Nov,Q4
SO02325,2025-03-27,West,Mumbai,Consumer,Retail Store,Furniture,Bookcases,P10066,C1093,5,9584.94,0.2103,37846.18,28188.13,9658.05,0.25519220169644596,2025,3,Mar,Q1
SO02326,2024-04-10,East,Guwahati,Home Office,Distributor,Furniture,Chairs,P10002,C1257,8,11031.34,0.129,76863.22,62290.03,14573.19,0.18959900456941564,2024,4,Apr,Q2
SO02327,2025-05-10,West,Mumbai,Corporate,Online,Office Supplies,Binders,P10001,C1099,5,1008.75,0.1167,4455.29,2604.47,1850.83,0.4154230139901106,2025,5,May,Q2
SO02328,2023-05-09,Central,Bhopal,Home Office,Distributor,Technology,Laptops,P10072,C1298,3,20490.15,0.0706,57127.77,38186.02,18941.75,0.33156816728536753,2023,5,May,Q2
SO02329,2023-09-13,West,Mumbai,Home Office,Online,Office Supplies,Binders,P10008,C1357,6,946.78,0.1938,4579.77,2486.01,2093.77,0.45717798055360853,2023,9,Sep,Q3
SO02330,2024-03-12,South,Hyderabad,Consumer,Distributor,Technology,Printers,P10098,C1410,2,20994.83,0.3825,25928.73,18884.95,7043.78,0.27165927525181527,2024,3,Mar,Q1
SO02331,2025-11-19,West,Mumbai,Consumer,Online,Technology,Accessories,P10091,C1014,1,17533.18,0.5345,8161.23,5763.19,2398.04,0.29383315995260517,2025,11,Nov,Q4
SO02332,2023-01-04,South,Hyderabad,Consumer,Online,Furniture,Storage,P10034,C1234,5,6674.34,0.3507,21668.21,16487.07,5181.14,0.23911250629378247,2023,1,Jan,Q1
SO02333,2023-06-24,West,Pune,Corporate,Online,Office Supplies,Binders,P10010,C1226,10,984.74,0.214,7739.61,3920.85,3818.76,0.49340470643869655,2023,6,Jun,Q2
SO02334,2023-11-29,Central,Raipur,Home Office,Retail Store,Technology,Printers,P10090,C1411,8,16081.07,0.0938,116575.02,77756.22,38818.8,0.3329941526066219,2023,11,Nov,Q4
SO02335,2023-01-15,West,Mumbai,Home Office,Retail Store,Office Supplies,Pens,P10070,C1101,8,647.56,0.1413,4448.75,2397.37,2051.37,0.4611115481876931,2023,1,Jan,Q1
SO02336,2024-03-19,South,Bengaluru,Consumer,Online,Furniture,Chairs,P10076,C1555,4,6244.15,0.3891,15258.61,10627.37,4631.25,0.3035171617860342,2024,3,Mar,Q1
SO02337,2024-07-06,East,Patna,Corporate,Online,Technology,Printers,P10061,C1341,2,9365.3,0.2204,14602.1,8778.13,5823.96,0.3988440018901391,2024,7,Jul,Q3
SO02338,2023-12-15,Central,Bhopal,Consumer,Retail Store,Office Supplies,Binders,P10050,C1418,5,516.79,0.0659,2413.77,1379.12,1034.65,0.428644817028963,2023,12,Dec,Q4
SO02339,2024-10-03,West,Pune,Consumer,Distributor,Office Supplies,Pens,P10008,C1021,5,856.29,0.0911,3891.3,2344.32,1546.98,0.39754837714902475,2024,10,Oct,Q4
SO02340,2025-06-21,South,Bengaluru,Home Office,Online,Office Supplies,Binders,P10008,C1253,6,731.87,0.1832,3586.7,2399.78,1186.92,0.33092257506900496,2025,6,Jun,Q2
SO02341,2024-06-07,North,Delhi,Consumer,Online,Furniture,Chairs,P10014,C1227,7,7105.06,0.2898,35324.25,25460.67,9863.59,0.27922999072874866,2024,6,Jun,Q2
SO02342,2024-01-25,East,Kolkata,Consumer,Online,Technology,Printers,P10068,C1056,10,29060.58,0.3787,180545.76,114156.93,66388.83,0.3677119307592712,2024,1,Jan,Q1
SO02343,2024-01-14,North,Chandigarh,Consumer,Online,Technology,Phones,P10037,C1195,9,11999.91,0.3632,68772.48,48338.98,20433.51,0.2971175388760155,2024,1,Jan,Q1
SO02344,2025-11-01,East,Bhubaneswar,Consumer,Retail Store,Technology,Laptops,P10024,C1462,1,20694.26,0.2009,16537.08,11191.85,5345.22,0.3232263495127314,2025,11,Nov,Q4
SO02345,2025-04-30,Central,Bhopal,Home Office,Retail Store,Furniture,Tables,P10100,C1407,9,10318.97,0.3016,64857.96,42820.5,22037.46,0.3397803446176845,2025,4,Apr,Q2
SO02346,2023-04-15,Central,Bhopal,Corporate,Online,Technology,Phones,P10014,C1520,9,22866.37,0.5073,101399.54,72518.3,28881.24,0.2848261441817192,2023,4,Apr,Q2
SO02347,2023-01-24,West,Mumbai,Home Office,Distributor,Technology,Phones,P10085,C1452,1,8745.88,0.2622,6452.95,3954.08,2498.87,0.38724459355798513,2023,1,Jan,Q1
SO02348,2025-07-14,Central,Indore,Corporate,Online,Furniture,Storage,P10085,C1058,9,5611.51,0.2842,36151.82,23989.52,12162.3,0.3364228965512663,2025,7,Jul,Q3
SO02349,2023-11-11,South,Kochi,Corporate,Retail Store,Technology,Laptops,P10038,C1566,6,32496.2,0.0237,190353.52,121048.27,69305.25,0.36408704183668367,2023,11,Nov,Q4
SO02350,2025-02-26,North,Delhi,Home Office,Distributor,Furniture,Bookcases,P10018,C1391,7,7330.05,0.3995,30813.64,22958.86,7854.78,0.25491243488273374,2025,2,Feb,Q1
SO02351,2024-02-19,East,Bhubaneswar,Consumer,Online,Office Supplies,Pens,P10047,C1360,5,1257.38,0.3296,4214.79,2553.98,1660.81,0.394043356845774,2024,2,Feb,Q1
SO02352,2025-09-22,North,Lucknow,Consumer,Retail Store,Office Supplies,Binders,P10051,C1354,9,907.76,0.2387,6219.48,3511.65,2707.82,0.43537723410960405,2025,9,Sep,Q3
SO02353,2024-11-26,West,Ahmedabad,Corporate,Online,Technology,Phones,P10084,C1022,7,21880.86,0.3027,106803.84,68681.95,38121.89,0.35693370200921615,2024,11,Nov,Q4
SO02354,2024-04-21,South,Bengaluru,Home Office,Online,Technology,Accessories,P10069,C1411,9,9746.2,0.1287,76428.87,56091.5,20337.37,0.26609539039370855,2024,4,Apr,Q2
SO02355,2024-08-13,South,Hyderabad,Corporate,Retail Store,Office Supplies,Binders,P10077,C1002,4,672.67,0.1795,2207.78,1228.06,979.73,0.44376251256918714,2024,8,Aug,Q3
SO02356,2025-11-25,North,Delhi,Home Office,Distributor,Furniture,Storage,P10016,C1465,6,12390.82,0.1401,63930.37,40998.66,22931.71,0.358698221205352,2025,11,Nov,Q4
SO02357,2023-12-20,North,Chandigarh,Consumer,Online,Furniture,Tables,P10077,C1027,8,9209.65,0.3198,50112.82,35073.04,15039.79,0.300118612363064,2023,12,Dec,Q4
SO02358,2023-01-21,North,Lucknow,Consumer,Retail Store,Technology,Laptops,P10091,C1482,10,25224.68,0.4255,144915.64,94032.04,50883.6,0.35112566179882304,2023,1,Jan,Q1
SO02359,2025-10-17,South,Hyderabad,Home Office,Distributor,Furniture,Bookcases,P10026,C1152,3,6050.38,0.4972,9126.05,6931.23,2194.82,0.24050054514275074,2025,10,Oct,Q4
SO02360,2024-12-13,East,Guwahati,Home Office,Online,Office Supplies,Pens,P10046,C1197,7,1018.06,0.2815,5119.99,2725.22,2394.77,0.46772942915904137,2024,12,Dec,Q4
SO02361,2024-03-29,South,Chennai,Home Office,Online,Furniture,Bookcases,P10008,C1432,4,5160.45,0.3255,13922.08,9978.57,3943.51,0.283255806603611,2024,3,Mar,Q1
SO02362,2025-08-13,West,Mumbai,Consumer,Distributor,Technology,Printers,P10013,C1336,5,31924.79,0.2134,125565.59,85324.38,40241.22,0.32047967918599357,2025,8,Aug,Q3
SO02363,2023-10-14,North,Chandigarh,Consumer,Retail Store,Furniture,Bookcases,P10069,C1023,8,5961.25,0.2966,33544.73,25046.87,8497.85,0.2533289133643347,2023,10,Oct,Q4
SO02364,2024-04-23,North,Delhi,Consumer,Retail Store,Office Supplies,Paper,P10037,C1003,9,919.15,0.4419,4616.57,2550.63,2065.94,0.44750539903001585,2024,4,Apr,Q2
SO02365,2025-09-28,South,Bengaluru,Consumer,Retail Store,Office Supplies,Pens,P10099,C1253,4,1068.88,0.1391,3680.81,2125.57,1555.24,0.4225265634466327,2025,9,Sep,Q3
SO02366,2023-01-03,South,Chennai,Consumer,Online,Technology,Phones,P10089,C1072,8,26399.58,0.3883,129184.42,97725.13,31459.29,0.24352232258348183,2023,1,Jan,Q1
SO02367,2025-04-12,South,Kochi,Consumer,Retail Store,Furniture,Tables,P10027,C1410,5,6527.9,0.3051,22681.36,16664.23,6017.12,0.2652892066436933,2025,4,Apr,Q2
SO02368,2023-10-07,Central,Bhopal,Consumer,Online,Office Supplies,Paper,P10016,C1481,1,675.13,0.4203,391.34,234.37,156.97,0.4011090100679716,2023,10,Oct,Q4
SO02369,2024-07-28,South,Bengaluru,Consumer,Online,Technology,Printers,P10031,C1516,6,24757.93,0.2818,106693.36,63732.09,42961.26,0.4026610465730951,2024,7,Jul,Q3
SO02370,2023-11-03,East,Kolkata,Consumer,Retail Store,Technology,Phones,P10096,C1276,7,31114.24,0.0325,210718.44,136118.62,74599.81,0.3540260168972397,2023,11,Nov,Q4
SO02371,2024-05-19,South,Kochi,Home Office,Retail Store,Office Supplies,Pens,P10056,C1560,5,844.17,0.097,3811.38,2470.82,1340.56,0.3517256216908311,2024,5,May,Q2
SO02372,2023-08-08,North,Lucknow,Corporate,Retail Store,Furniture,Chairs,P10035,C1150,6,10023.94,0.1335,52117.22,33272.39,18844.83,0.3615854798087849,2023,8,Aug,Q3
SO02373,2024-10-16,North,Lucknow,Consumer,Retail Store,Furniture,Storage,P10069,C1196,2,9944.84,0.4352,11233.67,7713.89,3519.78,0.31332414073050036,2024,10,Oct,Q4
SO02374,2024-04-26,East,Guwahati,Consumer,Online,Technology,Phones,P10089,C1373,1,21853.86,0.4844,11267.08,7371.48,3895.59,0.34574974172545153,2024,4,Apr,Q2
SO02375,2023-09-01,Central,Nagpur,Corporate,Retail Store,Technology,Phones,P10031,C1540,10,27296.03,0.3712,171644.02,109508.67,62135.36,0.3620013094542997,2023,9,Sep,Q3
SO02376,2025-07-31,North,Lucknow,Consumer,Distributor,Technology,Printers,P10062,C1424,9,22613.48,0.0761,188027.22,137184.1,50843.12,0.27040297676049246,2025,7,Jul,Q3
SO02377,2023-09-27,Central,Indore,Consumer,Retail Store,Furniture,Bookcases,P10043,C1530,6,10048.17,0.0756,55731.43,39553.03,16178.4,0.2902922103380444,2023,9,Sep,Q3
SO02378,2024-10-30,South,Kochi,Consumer,Online,Technology,Accessories,P10045,C1116,5,19639.67,0.081,90241.72,61262.59,28979.13,0.3211278552758081,2024,10,Oct,Q4
SO02379,2025-11-09,East,Bhubaneswar,Consumer,Distributor,Office Supplies,Binders,P10012,C1265,7,847.82,0.2765,4293.8,2173.56,2120.24,0.4937910475569425,2025,11,Nov,Q4
SO02380,2025-04-16,West,Ahmedabad,Home Office,Online,Furniture,Tables,P10026,C1311,2,6899.8,0.55,6209.82,4143.95,2065.87,0.3326779198108802,2025,4,Apr,Q2
SO02381,2024-05-15,South,Bengaluru,Home Office,Retail Store,Office Supplies,Envelopes,P10084,C1527,3,1303.87,0.0787,3603.61,2194.39,1409.22,0.3910578558723058,2024,5,May,Q2
SO02382,2025-07-12,Central,Nagpur,Consumer,Retail Store,Technology,Accessories,P10094,C1059,1,4484.24,0.2569,3332.28,2324.43,1007.85,0.3024505743815045,2025,7,Jul,Q3
SO02383,2023-01-05,Central,Indore,Corporate,Online,Technology,Phones,P10072,C1183,1,24872.09,0.1348,21518.8,13816.29,7702.51,0.35794328680037923,2023,1,Jan,Q1
SO02384,2024-01-08,West,Pune,Home Office,Distributor,Furniture,Tables,P10029,C1151,3,5655.04,0.1104,15091.93,11009.58,4082.35,0.270498869263242,2024,1,Jan,Q1
SO02385,2024-07-22,South,Chennai,Consumer,Retail Store,Office Supplies,Binders,P10017,C1310,3,570.36,0.3808,1059.44,645.55,413.89,0.39066865513856375,2024,7,Jul,Q3
SO02386,2025-08-01,South,Kochi,Corporate,Online,Office Supplies,Envelopes,P10025,C1119,1,893.37,0.2961,628.84,400.58,228.27,0.3630017174479995,2025,8,Aug,Q3
SO02387,2025-01-06,West,Surat,Consumer,Online,Furniture,Tables,P10011,C1454,6,6400.96,0.55,17282.58,12698.96,4583.62,0.2652161887866279,2025,1,Jan,Q1
SO02388,2024-12-31,East,Guwahati,Consumer,Online,Office Supplies,Pens,P10061,C1262,2,1093.8,0.1104,1946.05,1279.12,666.94,0.3427147298373629,2024,12,Dec,Q4
SO02389,2023-08-12,West,Mumbai,Home Office,Distributor,Office Supplies,Paper,P10010,C1097,5,756.71,0.2736,2748.47,1667.9,1080.56,0.3931496432560661,2023,8,Aug,Q3
SO02390,2023-01-24,East,Bhubaneswar,Consumer,Retail Store,Furniture,Storage,P10058,C1553,6,9577.34,0.0976,51854.23,33929.87,17924.36,0.34566823188773604,2023,1,Jan,Q1
SO02391,2025-05-27,West,Pune,Consumer,Online,Furniture,Storage,P10032,C1516,4,9627.81,0.2,30810.59,22558.98,8251.61,0.26781733163824517,2025,5,May,Q2
SO02392,2024-11-15,North,Delhi,Consumer,Online,Technology,Laptops,P10075,C1278,3,8974.37,0.55,12115.39,8849.51,3265.88,0.2695645786062191,2024,11,Nov,Q4
SO02393,2025-02-25,East,Kolkata,Corporate,Online,Technology,Phones,P10068,C1584,8,17284.95,0.1514,117347.56,70956.35,46391.21,0.39533169671359164,2025,2,Feb,Q1
SO02394,2025-02-20,West,Surat,Consumer,Distributor,Technology,Printers,P10086,C1535,4,22195.59,0.3659,56294.29,34555.26,21739.03,0.3861675846697773,2025,2,Feb,Q1
SO02395,2025-08-27,West,Pune,Consumer,Retail Store,Technology,Accessories,P10035,C1559,9,24994.02,0.1166,198708.6,125632.41,73076.19,0.36775554757066375,2025,8,Aug,Q3
SO02396,2023-06-28,South,Kochi,Consumer,Retail Store,Office Supplies,Envelopes,P10033,C1471,10,1067.06,0.2577,7920.51,4499.81,3420.69,0.4318774927372101,2023,6,Jun,Q2
SO02397,2023-04-24,West,Mumbai,Home Office,Online,Office Supplies,Binders,P10095,C1137,4,1128.77,0.3443,2960.76,1843.38,1117.38,0.37739634418189927,2023,4,Apr,Q2
SO02398,2023-08-26,North,Chandigarh,Home Office,Retail Store,Technology,Phones,P10049,C1369,1,20720.6,0.2084,16402.37,11056.92,5345.45,0.32589497737217243,2023,8,Aug,Q3
SO02399,2025-07-08,North,Jaipur,Consumer,Retail Store,Furniture,Tables,P10092,C1586,6,10458.14,0.1606,52671.94,36532.56,16139.38,0.30641324393975233,2025,7,Jul,Q3
SO02400,2024-01-07,West,Mumbai,Corporate,Online,Technology,Printers,P10003,C1210,5,18181.89,0.2757,65847.95,45485.47,20362.49,0.3092349875736451,2024,1,Jan,Q1
SO02401,2025-09-14,North,Delhi,Consumer,Online,Technology,Phones,P10034,C1039,8,23104.08,0.2246,143319.47,85269.06,58050.41,0.4050420365076706,2025,9,Sep,Q3
SO02402,2025-02-16,West,Surat,Corporate,Online,Furniture,Bookcases,P10089,C1284,4,6876.52,0.4063,16330.68,12180.87,4149.81,0.254111280118158,2025,2,Feb,Q1
SO02403,2024-12-27,East,Bhubaneswar,Consumer,Retail Store,Office Supplies,Pens,P10062,C1092,10,806.55,0.318,5500.66,3375.91,2124.75,0.386271829198678,2024,12,Dec,Q4
SO02404,2023-12-29,East,Bhubaneswar,Home Office,Retail Store,Office Supplies,Paper,P10066,C1341,2,284.11,0.1179,501.23,271.82,229.41,0.4576940725814496,2023,12,Dec,Q4
SO02405,2023-10-29,North,Delhi,Corporate,Online,Technology,Accessories,P10099,C1205,8,22936.95,0.1788,150692.25,90111.58,60580.67,0.40201583027660676,2023,10,Oct,Q4
SO02406,2025-10-11,East,Kolkata,Corporate,Online,Office Supplies,Envelopes,P10052,C1565,10,1134.0,0.1728,9380.97,5455.34,3925.63,0.4184673866348576,2025,10,Oct,Q4
SO02407,2024-09-19,East,Bhubaneswar,Consumer,Distributor,Technology,Phones,P10084,C1513,2,25261.4,0.3331,33696.09,22695.67,11000.42,0.32645983554768526,2024,9,Sep,Q3
SO02408,2023-04-29,West,Pune,Consumer,Retail Store,Technology,Laptops,P10012,C1288,5,28217.87,0.2232,109601.32,83227.15,26374.17,0.2406373390393473,2023,4,Apr,Q2
SO02409,2025-09-23,North,Delhi,Consumer,Retail Store,Furniture,Chairs,P10045,C1418,2,11820.88,0.2503,17725.0,11675.7,6049.3,0.34128631875881527,2025,9,Sep,Q3
SO02410,2024-09-26,North,Chandigarh,Corporate,Retail Store,Furniture,Tables,P10084,C1293,8,9517.95,0.1826,62236.71,43995.85,18240.86,0.2930884360693231,2024,9,Sep,Q3
SO02411,2023-02-27,Central,Bhopal,Corporate,Distributor,Technology,Printers,P10063,C1167,5,28131.86,0.3258,94834.83,66712.0,28122.83,0.2965453726231175,2023,2,Feb,Q1
SO02412,2023-09-06,East,Bhubaneswar,Corporate,Retail Store,Technology,Laptops,P10050,C1390,6,15044.66,0.2709,65817.08,41703.15,24113.93,0.36637799793002057,2023,9,Sep,Q3
SO02413,2025-11-17,East,Kolkata,Home Office,Retail Store,Technology,Laptops,P10065,C1360,10,29370.94,0.0889,267587.7,168276.37,99311.33,0.3711356314210257,2025,11,Nov,Q4
SO02414,2024-01-19,North,Jaipur,Consumer,Retail Store,Technology,Laptops,P10041,C1078,9,13307.93,0.3175,81747.94,55155.38,26592.56,0.32529945097087465,2024,1,Jan,Q1
SO02415,2024-07-16,South,Hyderabad,Consumer,Distributor,Technology,Laptops,P10024,C1019,3,23671.98,0.216,55678.84,38117.56,17561.28,0.3154031226225259,2024,7,Jul,Q3
SO02416,2023-06-02,North,Jaipur,Corporate,Retail Store,Office Supplies,Pens,P10028,C1428,8,318.06,0.1781,2091.22,1175.74,915.48,0.43777316590315707,2023,6,Jun,Q2
SO02417,2024-12-31,West,Surat,Home Office,Distributor,Furniture,Tables,P10083,C1527,10,6929.51,0.2191,54114.8,42016.61,12098.19,0.22356527234693652,2024,12,Dec,Q4
SO02418,2024-02-28,East,Bhubaneswar,Corporate,Online,Furniture,Chairs,P10035,C1364,2,6456.4,0.436,7282.39,5055.21,2227.18,0.3058309154000266,2024,2,Feb,Q1
SO02419,2023-01-22,Central,Bhopal,Consumer,Online,Technology,Accessories,P10098,C1167,9,28037.75,0.091,229383.29,162945.15,66438.14,0.28963809874729757,2023,1,Jan,Q1
SO02420,2023-04-25,East,Guwahati,Consumer,Online,Furniture,Storage,P10058,C1476,2,11352.9,0.5204,10890.8,9030.56,1860.24,0.17080838873177362,2023,4,Apr,Q2
SO02421,2024-12-19,East,Guwahati,Consumer,Distributor,Furniture,Chairs,P10014,C1164,7,11605.68,0.3109,55980.12,37955.62,18024.5,0.32198037446150524,2024,12,Dec,Q4
SO02422,2025-12-27,South,Bengaluru,Corporate,Retail Store,Furniture,Storage,P10036,C1582,9,4693.05,0.3016,29496.62,22608.94,6887.68,0.23350743237699778,2025,12,Dec,Q4
SO02423,2024-08-03,West,Mumbai,Corporate,Distributor,Technology,Printers,P10025,C1174,5,27881.72,0.2286,107533.86,73075.12,34458.74,0.32044548572886716,2024,8,Aug,Q3
SO02424,2024-01-28,South,Chennai,Corporate,Online,Technology,Phones,P10011,C1518,3,17964.89,0.3252,36368.79,23988.92,12379.86,0.3403979071066153,2024,1,Jan,Q1
SO02425,2024-02-10,East,Bhubaneswar,Consumer,Distributor,Furniture,Chairs,P10029,C1434,7,7416.86,0.1977,41652.18,31363.18,10289.0,0.2470218845688269,2024,2,Feb,Q1
SO02426,2023-03-05,West,Ahmedabad,Consumer,Retail Store,Office Supplies,Binders,P10042,C1350,7,732.24,0.0546,4845.92,2757.79,2088.13,0.4309047611186318,2023,3,Mar,Q1
SO02427,2023-07-09,Central,Indore,Corporate,Online,Furniture,Storage,P10071,C1280,3,10710.09,0.2142,25249.01,16298.22,8950.8,0.3545010279610963,2023,7,Jul,Q3
SO02428,2025-06-27,West,Surat,Home Office,Retail Store,Furniture,Tables,P10007,C1227,2,3881.11,0.1954,6245.83,4322.7,1923.13,0.30790623504001874,2025,6,Jun,Q2
SO02429,2025-01-05,West,Ahmedabad,Corporate,Online,Office Supplies,Envelopes,P10086,C1385,8,644.48,0.1729,4264.53,2854.39,1410.14,0.3306671544109199,2025,1,Jan,Q1
SO02430,2023-03-27,West,Ahmedabad,Consumer,Online,Office Supplies,Paper,P10035,C1534,7,774.02,0.4101,3196.32,1828.11,1368.21,0.4280578915753116,2023,3,Mar,Q1
SO02431,2024-11-12,North,Lucknow,Consumer,Retail Store,Furniture,Tables,P10076,C1277,1,5809.56,0.104,5205.48,3480.54,1724.94,0.3313700177505245,2024,11,Nov,Q4
SO02432,2023-10-03,North,Delhi,Consumer,Retail Store,Office Supplies,Binders,P10034,C1040,3,951.21,0.3671,1806.08,1110.76,695.32,0.38498848334514535,2023,10,Oct,Q4
SO02433,2025-01-16,West,Mumbai,Home Office,Retail Store,Furniture,Tables,P10068,C1285,7,10400.25,0.1712,60337.66,44960.36,15377.3,0.25485409941320225,2025,1,Jan,Q1
SO02434,2023-11-14,South,Bengaluru,Consumer,Retail Store,Technology,Phones,P10037,C1580,4,37221.67,0.351,96632.07,54947.5,41684.57,0.4313740769498159,2023,11,Nov,Q4
SO02435,2025-06-06,West,Mumbai,Corporate,Online,Office Supplies,Envelopes,P10066,C1335,6,1132.91,0.2081,5383.06,3104.66,2278.4,0.42325368842257005,2025,6,Jun,Q2
SO02436,2023-08-04,North,Chandigarh,Home Office,Online,Technology,Phones,P10038,C1428,6,26632.03,0.2967,112377.66,84622.41,27755.24,0.2469818289507007,2023,8,Aug,Q3
SO02437,2023-12-29,South,Kochi,Consumer,Online,Furniture,Bookcases,P10007,C1553,7,6319.45,0.343,29064.41,20404.22,8660.19,0.29796544984054385,2023,12,Dec,Q4
SO02438,2025-05-11,North,Delhi,Consumer,Retail Store,Technology,Printers,P10049,C1170,10,18889.7,0.1702,156751.94,95691.9,61060.05,0.3895329780288525,2025,5,May,Q2
SO02439,2025-08-02,South,Kochi,Home Office,Online,Technology,Accessories,P10053,C1455,7,19493.88,0.0871,124571.44,77529.59,47041.84,0.3776294148963839,2025,8,Aug,Q3
SO02440,2024-05-06,East,Guwahati,Home Office,Online,Furniture,Bookcases,P10072,C1354,9,6881.4,0.55,27869.65,20575.42,7294.23,0.2617266452933567,2024,5,May,Q2
SO02441,2025-12-11,East,Kolkata,Consumer,Online,Office Supplies,Binders,P10068,C1200,10,1044.93,0.2478,7860.38,4966.6,2893.77,0.3681463237146296,2025,12,Dec,Q4
SO02442,2024-10-30,East,Kolkata,Home Office,Distributor,Technology,Accessories,P10042,C1466,6,22126.15,0.2595,98306.61,71928.77,26377.84,0.26832214029148194,2024,10,Oct,Q4
SO02443,2025-10-09,West,Mumbai,Consumer,Online,Furniture,Bookcases,P10039,C1269,3,11685.34,0.2199,27347.49,18714.46,8633.03,0.3156790623197961,2025,10,Oct,Q4
SO02444,2025-07-30,North,Chandigarh,Home Office,Online,Furniture,Storage,P10022,C1498,7,8448.86,0.113,52458.9,35435.73,17023.17,0.32450489812024264,2025,7,Jul,Q3
SO02445,2023-03-12,North,Delhi,Home Office,Online,Technology,Accessories,P10030,C1564,7,34776.51,0.3812,150641.87,101820.97,48820.9,0.3240858600600218,2023,3,Mar,Q1
SO02446,2023-01-13,Central,Nagpur,Consumer,Retail Store,Technology,Printers,P10014,C1086,3,17264.52,0.2518,38753.55,24188.7,14564.85,0.375832665652566,2023,1,Jan,Q1
SO02447,2023-09-21,North,Delhi,Consumer,Retail Store,Furniture,Storage,P10013,C1451,3,9406.63,0.0956,25521.68,17267.44,8254.24,0.32342071525072014,2023,9,Sep,Q3
SO02448,2025-07-21,South,Bengaluru,Consumer,Online,Office Supplies,Paper,P10056,C1331,4,860.89,0.1948,2772.6,1494.2,1278.4,0.461083459568636,2025,7,Jul,Q3
SO02449,2025-06-22,Central,Bhopal,Consumer,Distributor,Furniture,Storage,P10015,C1346,5,8911.99,0.2327,34191.96,24979.78,9212.17,0.2694250344232972,2025,6,Jun,Q2
SO02450,2025-11-19,Central,Raipur,Home Office,Online,Office Supplies,Binders,P10096,C1338,2,1257.64,0.482,1302.84,741.54,561.3,0.4308280372110159,2025,11,Nov,Q4
SO02451,2023-07-07,North,Chandigarh,Consumer,Retail Store,Office Supplies,Binders,P10038,C1033,10,941.23,0.3004,6585.06,3840.14,2744.92,0.41684054511272484,2023,7,Jul,Q3
SO02452,2023-10-18,East,Bhubaneswar,Consumer,Online,Furniture,Storage,P10077,C1319,3,12897.99,0.4189,22485.42,17448.08,5037.34,0.22402694723958905,2023,10,Oct,Q4
SO02453,2025-11-26,East,Guwahati,Consumer,Online,Technology,Phones,P10004,C1507,10,24428.48,0.3468,159555.48,98535.42,61020.06,0.3824378830485797,2025,11,Nov,Q4
SO02454,2023-12-17,West,Surat,Consumer,Retail Store,Technology,Laptops,P10038,C1012,1,19373.71,0.378,12049.55,8132.21,3917.34,0.3251025971924263,2023,12,Dec,Q4
SO02455,2023-10-25,North,Jaipur,Home Office,Retail Store,Technology,Accessories,P10038,C1328,6,24409.78,0.0589,137825.3,87939.7,49885.6,0.36194806033435084,2023,10,Oct,Q4
SO02456,2023-07-03,Central,Raipur,Consumer,Retail Store,Furniture,Bookcases,P10024,C1327,1,1989.68,0.1789,1633.74,1324.93,308.82,0.18902640567042492,2023,7,Jul,Q3
SO02457,2023-10-29,East,Patna,Corporate,Distributor,Technology,Printers,P10002,C1164,3,26346.67,0.1458,67514.17,44212.26,23301.9,0.34514087931466836,2023,10,Oct,Q4
SO02458,2024-08-18,East,Bhubaneswar,Consumer,Retail Store,Technology,Laptops,P10038,C1595,6,23604.33,0.0565,133628.77,91843.01,41785.76,0.3127003264341953,2024,8,Aug,Q3
SO02459,2025-02-04,East,Bhubaneswar,Corporate,Online,Furniture,Chairs,P10096,C1509,1,8745.68,0.2452,6600.84,4211.08,2389.76,0.36203877082310737,2025,2,Feb,Q1
SO02460,2023-07-29,East,Bhubaneswar,Corporate,Online,Furniture,Storage,P10091,C1313,1,7319.94,0.1935,5903.25,4112.26,1790.99,0.3033905052301698,2023,7,Jul,Q3
SO02461,2024-05-22,West,Ahmedabad,Home Office,Retail Store,Technology,Printers,P10056,C1501,2,14253.46,0.4463,15783.74,10087.68,5696.06,0.360881514774065,2024,5,May,Q2
SO02462,2023-04-21,North,Delhi,Corporate,Online,Furniture,Tables,P10077,C1037,6,7974.68,0.4477,26427.51,18035.35,8392.16,0.31755394284213684,2023,4,Apr,Q2
SO02463,2023-03-17,West,Surat,Consumer,Online,Furniture,Bookcases,P10005,C1498,5,9565.48,0.4595,25850.29,17699.25,8151.04,0.3153171589177529,2023,3,Mar,Q1
SO02464,2025-10-17,Central,Bhopal,Consumer,Online,Furniture,Storage,P10100,C1229,2,8448.79,0.3771,10525.36,7486.34,3039.02,0.2887331169670206,2025,10,Oct,Q4
SO02465,2023-09-12,North,Delhi,Corporate,Online,Furniture,Bookcases,P10084,C1253,1,7927.76,0.1906,6417.11,4746.05,1671.06,0.26040694331248804,2023,9,Sep,Q3
SO02466,2024-03-16,East,Guwahati,Home Office,Online,Office Supplies,Envelopes,P10013,C1351,4,842.21,0.3029,2348.41,1358.5,989.91,0.42152349887796425,2024,3,Mar,Q1
SO02467,2025-05-03,West,Pune,Consumer,Retail Store,Technology,Accessories,P10071,C1052,3,28690.29,0.3352,57218.59,40684.26,16534.33,0.2889677987521189,2025,5,May,Q2
SO02468,2023-10-21,East,Guwahati,Consumer,Online,Furniture,Tables,P10001,C1293,4,10440.23,0.5032,20747.62,15429.12,5318.5,0.2563426552057537,2023,10,Oct,Q4
SO02469,2023-04-18,Central,Indore,Consumer,Distributor,Furniture,Tables,P10053,C1515,10,6714.83,0.1242,58809.92,45005.15,13804.76,0.23473522834242933,2023,4,Apr,Q2
SO02470,2024-02-14,East,Bhubaneswar,Consumer,Retail Store,Office Supplies,Binders,P10026,C1495,9,723.29,0.1891,5278.93,2997.54,2281.39,0.43216901910046157,2024,2,Feb,Q1
SO02471,2024-03-04,North,Jaipur,Consumer,Retail Store,Technology,Phones,P10056,C1095,10,15285.72,0.0611,143523.5,100796.54,42726.96,0.2977000978933763,2024,3,Mar,Q1
SO02472,2023-12-06,Central,Bhopal,Corporate,Online,Furniture,Bookcases,P10008,C1304,5,7497.64,0.3782,23308.49,15773.11,7535.38,0.3232890676315797,2023,12,Dec,Q4
SO02473,2024-10-15,North,Jaipur,Home Office,Retail Store,Furniture,Bookcases,P10038,C1152,6,11200.64,0.55,30241.74,21933.79,8307.95,0.27471798911041495,2024,10,Oct,Q4
SO02474,2024-01-21,East,Kolkata,Consumer,Online,Office Supplies,Envelopes,P10098,C1352,1,821.92,0.2357,628.22,357.47,270.75,0.43097959313616246,2024,1,Jan,Q1
SO02475,2025-04-27,Central,Bhopal,Consumer,Online,Furniture,Bookcases,P10083,C1403,5,9983.26,0.3519,32349.0,20559.77,11789.23,0.36443877708739064,2025,4,Apr,Q2
SO02476,2023-05-09,West,Ahmedabad,Home Office,Online,Office Supplies,Paper,P10073,C1200,4,267.71,0.0947,969.48,574.51,394.97,0.4074039691380947,2023,5,May,Q2
SO02477,2023-01-26,South,Bengaluru,Consumer,Online,Furniture,Storage,P10071,C1472,7,7623.98,0.3426,35081.77,26623.61,8458.16,0.24109843944590026,2023,1,Jan,Q1
SO02478,2024-04-03,East,Kolkata,Consumer,Online,Office Supplies,Binders,P10037,C1140,5,759.24,0.0888,3459.23,2011.61,1447.62,0.4184804132711615,2024,4,Apr,Q2
SO02479,2023-03-29,West,Surat,Consumer,Online,Office Supplies,Paper,P10044,C1567,4,545.98,0.0967,1972.64,1087.17,885.47,0.4488756184605402,2023,3,Mar,Q1
SO02480,2024-09-23,West,Surat,Consumer,Distributor,Furniture,Tables,P10076,C1430,6,9479.59,0.2242,44127.27,31389.64,12737.63,0.28865665154449843,2024,9,Sep,Q3
SO02481,2023-12-05,North,Jaipur,Consumer,Online,Technology,Laptops,P10067,C1236,9,21369.48,0.3259,129649.63,79468.56,50181.08,0.38705147095290593,2023,12,Dec,Q4
SO02482,2025-09-09,South,Hyderabad,Consumer,Distributor,Technology,Laptops,P10023,C1112,3,27155.43,0.4051,48462.16,32704.59,15757.57,0.3251520361453142,2025,9,Sep,Q3
SO02483,2024-01-10,East,Guwahati,Corporate,Retail Store,Furniture,Tables,P10021,C1492,7,7451.13,0.1748,43040.29,32954.77,10085.52,0.23432741740355376,2024,1,Jan,Q1
SO02484,2024-01-12,South,Bengaluru,Corporate,Distributor,Furniture,Storage,P10034,C1057,9,9939.62,0.5172,43190.51,30559.37,12631.14,0.29245174460778534,2024,1,Jan,Q1
SO02485,2024-08-20,South,Kochi,Consumer,Online,Technology,Laptops,P10097,C1058,9,22490.06,0.1573,170570.06,107854.04,62716.02,0.3676848093973819,2024,8,Aug,Q3
SO02486,2024-06-01,South,Chennai,Corporate,Online,Office Supplies,Paper,P10095,C1508,2,817.27,0.19,1323.99,766.56,557.42,0.42101526446574367,2024,6,Jun,Q2
SO02487,2025-06-22,Central,Bhopal,Corporate,Retail Store,Office Supplies,Envelopes,P10017,C1001,1,1141.9,0.1108,1015.39,603.27,412.12,0.4058736052157299,2025,6,Jun,Q2
SO02488,2025-04-27,East,Patna,Corporate,Distributor,Furniture,Bookcases,P10099,C1586,3,5967.84,0.1347,15491.04,11731.39,3759.65,0.2426983598260672,2025,4,Apr,Q2
SO02489,2023-09-19,Central,Raipur,Home Office,Online,Technology,Accessories,P10067,C1319,5,17011.33,0.2106,67143.87,37783.11,29360.76,0.4372813184584088,2023,9,Sep,Q3
SO02490,2023-09-05,East,Guwahati,Consumer,Retail Store,Furniture,Storage,P10017,C1221,3,13187.68,0.102,35526.39,26818.38,8708.01,0.2451138435399713,2023,9,Sep,Q3
SO02491,2024-08-28,West,Ahmedabad,Consumer,Distributor,Furniture,Chairs,P10054,C1360,10,7308.63,0.1996,58499.66,43497.78,15001.88,0.2564438836054773,2024,8,Aug,Q3
SO02492,2024-10-30,South,Kochi,Corporate,Online,Technology,Accessories,P10062,C1291,3,39862.7,0.191,96742.28,57172.37,39569.9,0.40902385182569606,2024,10,Oct,Q4
SO02493,2024-10-20,East,Kolkata,Consumer,Distributor,Office Supplies,Binders,P10029,C1398,10,1124.04,0.2495,8436.48,5018.73,3417.75,0.40511564064633593,2024,10,Oct,Q4
SO02494,2023-10-25,East,Guwahati,Home Office,Online,Technology,Accessories,P10013,C1392,7,27750.76,0.2929,137361.96,93359.03,44002.93,0.3203429100749582,2023,10,Oct,Q4
SO02495,2023-06-18,North,Lucknow,Consumer,Retail Store,Office Supplies,Paper,P10011,C1494,6,1180.23,0.1157,6262.27,3595.14,2667.13,0.42590466396370646,2023,6,Jun,Q2
SO02496,2024-06-18,South,Hyderabad,Corporate,Retail Store,Technology,Phones,P10048,C1475,2,23705.57,0.5496,21353.79,13997.57,7356.22,0.3444924765111954,2024,6,Jun,Q2
SO02497,2025-06-01,North,Jaipur,Consumer,Distributor,Technology,Phones,P10058,C1285,8,29103.51,0.4499,128081.5,77852.18,50229.31,0.39216678443022607,2025,6,Jun,Q2
SO02498,2023-08-14,West,Pune,Home Office,Distributor,Furniture,Chairs,P10048,C1127,1,8144.61,0.2708,5939.04,4274.56,1664.47,0.2802590991136615,2023,8,Aug,Q3
SO02499,2025-01-18,West,Surat,Consumer,Online,Office Supplies,Paper,P10034,C1029,4,1033.01,0.1289,3599.43,2361.48,1237.95,0.3439294554971204,2025,1,Jan,Q1
SO02500,2025-10-30,West,Surat,Consumer,Online,Technology,Phones,P10100,C1345,9,15918.26,0.1334,124146.32,86593.65,37552.67,0.3024871780331467,2025,10,Oct,Q4
SO02501,2024-09-18,East,Patna,Consumer,Online,Technology,Laptops,P10032,C1083,2,29502.83,0.2793,42526.43,27075.24,15451.2,0.3633316974878917,2024,9,Sep,Q3
SO02502,2025-12-13,North,Chandigarh,Consumer,Online,Technology,Phones,P10098,C1581,4,28316.9,0.1878,91994.38,59948.46,32045.92,0.34834649681860996,2025,12,Dec,Q4
SO02503,2023-09-01,West,Mumbai,Home Office,Distributor,Furniture,Chairs,P10038,C1112,4,10623.57,0.224,32976.69,24068.2,8908.48,0.2701447598288366,2023,9,Sep,Q3
SO02504,2024-02-26,West,Mumbai,Home Office,Retail Store,Furniture,Bookcases,P10058,C1411,10,8464.37,0.2431,64066.67,38492.01,25574.65,0.39918806455837336,2024,2,Feb,Q1
SO02505,2024-04-04,North,Lucknow,Corporate,Retail Store,Technology,Printers,P10009,C1313,4,33897.49,0.4522,74279.51,51033.62,23245.89,0.31295157978290383,2024,4,Apr,Q2
SO02506,2023-04-09,North,Delhi,Consumer,Online,Furniture,Storage,P10085,C1300,2,7980.86,0.55,7182.78,5768.13,1414.65,0.1969502059091327,2023,4,Apr,Q2
SO02507,2025-10-24,West,Ahmedabad,Home Office,Online,Furniture,Storage,P10028,C1338,6,4048.06,0.3687,15333.4,9894.91,5438.49,0.35468258833657246,2025,10,Oct,Q4
SO02508,2024-08-29,West,Mumbai,Consumer,Retail Store,Technology,Printers,P10011,C1582,6,22633.93,0.306,94248.4,58119.3,36129.1,0.3833391336086342,2024,8,Aug,Q3
SO02509,2023-12-03,South,Hyderabad,Corporate,Distributor,Technology,Phones,P10052,C1517,3,20624.87,0.4947,31263.29,20663.6,10599.69,0.3390458905636611,2023,12,Dec,Q4
SO02510,2025-06-27,Central,Nagpur,Consumer,Retail Store,Furniture,Storage,P10011,C1179,10,8810.75,0.2974,61906.69,41382.21,20524.48,0.33153896614404677,2025,6,Jun,Q2
SO02511,2024-03-16,East,Bhubaneswar,Home Office,Online,Technology,Phones,P10032,C1449,8,21771.52,0.1313,151299.01,94242.77,57056.23,0.3771090769199349,2024,3,Mar,Q1
SO02512,2024-11-18,Central,Indore,Corporate,Online,Technology,Phones,P10015,C1109,4,28602.31,0.0885,104281.51,62855.86,41425.66,0.39724837125967977,2024,11,Nov,Q4
SO02513,2025-07-18,Central,Bhopal,Consumer,Online,Technology,Printers,P10072,C1138,7,27636.47,0.2242,150090.86,96832.03,53258.83,0.3548439258726348,2025,7,Jul,Q3
SO02514,2024-05-24,West,Pune,Corporate,Online,Technology,Printers,P10010,C1301,10,15602.7,0.1846,127223.09,85988.7,41234.39,0.32411089842260554,2024,5,May,Q2
SO02515,2025-12-02,East,Kolkata,Consumer,Distributor,Furniture,Tables,P10099,C1093,4,5957.26,0.2515,17835.01,12785.63,5049.38,0.28311618552498713,2025,12,Dec,Q4
SO02516,2023-06-29,Central,Bhopal,Corporate,Retail Store,Office Supplies,Binders,P10049,C1410,4,626.66,0.2966,1763.18,1030.19,733.0,0.4157261311947731,2023,6,Jun,Q2
SO02517,2023-05-29,North,Delhi,Consumer,Online,Office Supplies,Envelopes,P10052,C1250,9,713.08,0.5426,2935.21,1802.0,1133.21,0.38607459091513047,2023,5,May,Q2
SO02518,2024-05-03,South,Hyderabad,Home Office,Online,Furniture,Chairs,P10079,C1134,9,6289.43,0.3089,39117.4,28198.35,10919.05,0.2791353719828005,2024,5,May,Q2
SO02519,2025-12-11,West,Pune,Home Office,Online,Furniture,Bookcases,P10055,C1486,1,5866.49,0.3063,4069.71,2799.34,1270.37,0.31215246295190563,2025,12,Dec,Q4
SO02520,2023-12-01,East,Kolkata,Home Office,Online,Technology,Accessories,P10026,C1248,1,26509.45,0.0955,23976.82,16152.64,7824.18,0.3263226733153104,2023,12,Dec,Q4
SO02521,2023-07-29,South,Bengaluru,Consumer,Retail Store,Technology,Phones,P10059,C1462,5,15005.25,0.0368,72262.0,47844.76,24417.24,0.33789875729982566,2023,7,Jul,Q3
SO02522,2025-12-17,South,Bengaluru,Consumer,Retail Store,Furniture,Chairs,P10056,C1492,1,13093.82,0.1226,11488.12,8216.04,3272.08,0.2848229301225962,2025,12,Dec,Q4
SO02523,2024-02-19,West,Mumbai,Corporate,Distributor,Technology,Laptops,P10076,C1421,5,20118.47,0.1776,82731.2,60317.97,22413.23,0.2709162927650028,2024,2,Feb,Q1
SO02524,2024-07-05,North,Lucknow,Corporate,Retail Store,Furniture,Tables,P10078,C1217,9,9545.8,0.1366,74180.48,53022.72,21157.76,0.2852200471067321,2024,7,Jul,Q3
SO02525,2023-06-23,North,Jaipur,Home Office,Online,Technology,Printers,P10090,C1358,7,25612.92,0.224,139122.37,95469.89,43652.48,0.31377038789664097,2023,6,Jun,Q2
SO02526,2024-07-21,East,Patna,Corporate,Online,Office Supplies,Pens,P10067,C1179,10,283.71,0.1497,2412.26,1523.04,889.23,0.3686294180560967,2024,7,Jul,Q3
SO02527,2023-03-18,East,Patna,Home Office,Retail Store,Office Supplies,Binders,P10033,C1517,2,1349.38,0.0907,2454.01,1419.82,1034.19,0.4214286005354501,2023,3,Mar,Q1
SO02528,2023-11-06,South,Kochi,Consumer,Retail Store,Office Supplies,Paper,P10067,C1417,2,1292.91,0.55,1163.62,668.91,494.71,0.42514738488509995,2023,11,Nov,Q4
SO02529,2024-12-11,East,Patna,Consumer,Distributor,Office Supplies,Envelopes,P10077,C1247,9,439.39,0.0828,3627.21,1971.89,1655.33,0.4563645336222606,2024,12,Dec,Q4
SO02530,2025-12-26,North,Delhi,Corporate,Retail Store,Furniture,Chairs,P10022,C1349,6,7030.38,0.3883,25802.38,19550.56,6251.83,0.2422966408525105,2025,12,Dec,Q4
SO02531,2024-08-16,North,Chandigarh,Corporate,Retail Store,Technology,Laptops,P10034,C1379,7,12963.99,0.0644,84902.69,64849.74,20052.96,0.2361875695575723,2024,8,Aug,Q3
SO02532,2025-10-13,West,Pune,Consumer,Online,Furniture,Storage,P10087,C1376,10,7238.78,0.2229,56249.97,40768.07,15481.9,0.2752339245692042,2025,10,Oct,Q4
SO02533,2024-05-20,East,Guwahati,Home Office,Retail Store,Furniture,Bookcases,P10019,C1174,3,7038.84,0.1719,17485.84,10436.21,7049.64,0.4031627877185197,2024,5,May,Q2
SO02534,2024-01-16,Central,Bhopal,Corporate,Online,Office Supplies,Binders,P10087,C1378,3,705.88,0.2029,1687.92,981.23,706.69,0.41867505568984315,2024,1,Jan,Q1
SO02535,2024-11-10,West,Mumbai,Corporate,Distributor,Technology,Phones,P10025,C1004,5,19298.61,0.1478,82232.83,56045.87,26186.96,0.31844896983358106,2024,11,Nov,Q4
SO02536,2025-08-26,Central,Indore,Consumer,Retail Store,Office Supplies,Binders,P10094,C1081,6,759.22,0.4618,2451.82,1162.26,1289.56,0.5259603070372213,2025,8,Aug,Q3
SO02537,2024-02-13,North,Lucknow,Consumer,Retail Store,Technology,Printers,P10040,C1201,9,20641.42,0.0807,170773.67,113824.2,56949.47,0.33347921842986683,2024,2,Feb,Q1
SO02538,2023-12-07,South,Hyderabad,Corporate,Online,Furniture,Storage,P10087,C1014,9,6428.86,0.2822,41531.3,28046.05,13485.25,0.32470088824573273,2023,12,Dec,Q4
SO02539,2024-06-19,North,Chandigarh,Corporate,Online,Technology,Printers,P10024,C1158,8,15470.87,0.1634,103548.1,65101.07,38447.04,0.3712964313203236,2024,6,Jun,Q2
SO02540,2025-06-18,West,Ahmedabad,Corporate,Online,Technology,Accessories,P10044,C1473,3,28174.39,0.2748,61294.81,38090.21,23204.61,0.37857381399828144,2025,6,Jun,Q2
SO02541,2023-12-05,South,Chennai,Home Office,Retail Store,Office Supplies,Paper,P10090,C1335,8,514.21,0.2519,3077.38,1748.17,1329.21,0.4319291085273837,2023,12,Dec,Q4
SO02542,2023-09-22,East,Bhubaneswar,Consumer,Distributor,Furniture,Chairs,P10025,C1389,7,14151.3,0.0652,92603.58,65581.01,27022.57,0.29180912876154463,2023,9,Sep,Q3
SO02543,2024-09-29,West,Ahmedabad,Corporate,Online,Technology,Phones,P10009,C1143,5,20009.14,0.238,76232.43,48151.5,28080.93,0.3683593714643493,2024,9,Sep,Q3
SO02544,2024-07-26,East,Guwahati,Corporate,Online,Technology,Accessories,P10098,C1539,3,11227.83,0.0699,31330.4,21634.25,9696.15,0.3094805683936368,2024,7,Jul,Q3
SO02545,2025-12-07,Central,Bhopal,Corporate,Online,Furniture,Bookcases,P10091,C1588,9,9120.17,0.2537,61257.38,44170.53,17086.85,0.27893537072594354,2025,12,Dec,Q4
SO02546,2024-09-29,West,Pune,Consumer,Online,Furniture,Storage,P10011,C1144,7,5605.19,0.4556,21361.96,16667.17,4694.79,0.2197733728552998,2024,9,Sep,Q3
SO02547,2023-07-25,East,Bhubaneswar,Consumer,Online,Furniture,Bookcases,P10076,C1376,7,2051.77,0.52,6894.43,4328.92,2565.5,0.3721119802507241,2023,7,Jul,Q3
SO02548,2024-11-15,Central,Raipur,Consumer,Online,Furniture,Tables,P10100,C1151,10,6821.92,0.3741,42699.76,27595.93,15103.83,0.35372166026225904,2024,11,Nov,Q4
SO02549,2023-09-04,South,Chennai,Consumer,Distributor,Technology,Phones,P10060,C1522,7,31304.59,0.07,203785.52,120471.68,83313.84,0.4088310101718709,2023,9,Sep,Q3
SO02550,2023-02-11,West,Mumbai,Corporate,Retail Store,Technology,Printers,P10074,C1318,9,14625.88,0.111,117015.27,89243.42,27771.86,0.2373353494804567,2023,2,Feb,Q1
SO02551,2023-06-09,East,Patna,Consumer,Online,Furniture,Bookcases,P10070,C1013,2,10180.41,0.3005,14242.82,9242.44,5000.38,0.35108075507518877,2023,6,Jun,Q2
SO02552,2024-06-16,North,Delhi,Corporate,Retail Store,Technology,Accessories,P10052,C1525,10,13591.48,0.466,72576.57,49066.76,23509.81,0.3239311254307003,2024,6,Jun,Q2
SO02553,2024-07-08,West,Surat,Home Office,Online,Office Supplies,Binders,P10023,C1553,8,742.37,0.3895,3625.67,1843.23,1782.45,0.49161947998576816,2024,7,Jul,Q3
SO02554,2023-08-04,South,Bengaluru,Consumer,Retail Store,Furniture,Storage,P10058,C1282,1,8244.9,0.1169,7280.72,4950.86,2329.87,0.3200054390225142,2023,8,Aug,Q3
SO02555,2025-02-23,East,Guwahati,Corporate,Online,Technology,Accessories,P10027,C1550,3,14589.48,0.4121,25733.41,18124.84,7608.57,0.29566893777389003,2025,2,Feb,Q1
SO02556,2024-04-21,South,Bengaluru,Consumer,Distributor,Technology,Laptops,P10018,C1157,9,24082.44,0.55,97533.89,65609.5,31924.39,0.3273158693865281,2024,4,Apr,Q2
SO02557,2025-10-09,West,Ahmedabad,Consumer,Online,Furniture,Chairs,P10096,C1077,5,12685.8,0.3071,43947.32,32493.06,11454.26,0.2606361434553916,2025,10,Oct,Q4
SO02558,2025-03-29,West,Ahmedabad,Corporate,Distributor,Technology,Printers,P10036,C1215,1,11083.23,0.4621,5961.5,3999.06,1962.44,0.3291856076490816,2025,3,Mar,Q1
SO02559,2023-08-09,Central,Indore,Home Office,Online,Office Supplies,Binders,P10051,C1478,8,1047.51,0.291,5941.71,3349.45,2592.26,0.4362818111284462,2023,8,Aug,Q3
SO02560,2024-01-09,Central,Nagpur,Home Office,Retail Store,Office Supplies,Envelopes,P10025,C1377,4,1145.46,0.2423,3471.58,2076.48,1395.1,0.40186312860426665,2024,1,Jan,Q1
SO02561,2023-10-18,Central,Raipur,Consumer,Retail Store,Technology,Printers,P10089,C1597,6,15826.36,0.3215,64426.5,42771.17,21655.34,0.3361247312829348,2023,10,Oct,Q4
SO02562,2024-09-24,East,Bhubaneswar,Corporate,Online,Furniture,Chairs,P10012,C1558,5,8964.09,0.4078,26544.55,18749.0,7795.56,0.2936783633551897,2024,9,Sep,Q3
SO02563,2025-01-11,North,Jaipur,Corporate,Online,Technology,Accessories,P10044,C1323,6,23787.44,0.1784,117263.48,78584.24,38679.24,0.3298489862316895,2025,1,Jan,Q1
SO02564,2024-01-28,South,Kochi,Consumer,Retail Store,Furniture,Chairs,P10046,C1247,3,7070.67,0.1583,17853.47,13356.26,4497.21,0.2518955698808131,2024,1,Jan,Q1
SO02565,2025-10-29,West,Surat,Home Office,Distributor,Office Supplies,Pens,P10081,C1209,9,1014.05,0.1285,7953.32,5051.46,2901.86,0.36486146665794916,2025,10,Oct,Q4
SO02566,2023-03-26,Central,Nagpur,Corporate,Retail Store,Office Supplies,Binders,P10030,C1079,4,1668.41,0.3053,4636.02,2506.13,2129.88,0.45941993347742244,2023,3,Mar,Q1
SO02567,2024-11-12,South,Kochi,Corporate,Retail Store,Furniture,Storage,P10023,C1217,3,7583.79,0.1846,18551.27,13180.79,5370.48,0.28949392683088543,2024,11,Nov,Q4
SO02568,2025-03-23,Central,Indore,Corporate,Online,Furniture,Storage,P10071,C1187,4,8596.45,0.1235,30140.1,21879.11,8260.99,0.2740863500784669,2025,3,Mar,Q1
SO02569,2024-06-15,East,Guwahati,Corporate,Online,Furniture,Bookcases,P10096,C1357,4,5654.84,0.2916,16024.27,10373.62,5650.65,0.35263072826406444,2024,6,Jun,Q2
SO02570,2023-11-30,West,Pune,Home Office,Online,Furniture,Bookcases,P10096,C1101,2,9043.16,0.3077,12521.57,9290.21,3231.36,0.2580634856491638,2023,11,Nov,Q4
SO02571,2025-05-10,North,Jaipur,Corporate,Retail Store,Technology,Printers,P10048,C1301,5,7628.96,0.129,33223.2,22403.27,10819.93,0.32567392665366374,2025,5,May,Q2
SO02572,2025-09-14,West,Mumbai,Home Office,Online,Furniture,Chairs,P10056,C1595,5,8522.32,0.3408,28090.03,21675.6,6414.44,0.2283529067074688,2025,9,Sep,Q3
SO02573,2023-03-04,West,Pune,Corporate,Online,Furniture,Bookcases,P10078,C1409,8,10154.41,0.3156,55600.67,41439.51,14161.16,0.2546940531472013,2023,3,Mar,Q1
SO02574,2025-10-22,East,Bhubaneswar,Consumer,Distributor,Technology,Laptops,P10068,C1325,6,23688.86,0.1587,119582.82,86152.77,33430.05,0.2795556251307671,2025,10,Oct,Q4
SO02575,2024-02-06,North,Lucknow,Consumer,Online,Technology,Phones,P10063,C1581,10,23215.4,0.2547,173034.0,117697.63,55336.37,0.319800559427627,2024,2,Feb,Q1
SO02576,2023-08-25,South,Hyderabad,Home Office,Online,Office Supplies,Paper,P10002,C1165,2,905.07,0.312,1245.38,819.16,426.22,0.3422409224493729,2023,8,Aug,Q3
SO02577,2024-07-17,West,Pune,Home Office,Online,Furniture,Chairs,P10048,C1167,2,6577.88,0.2432,9955.75,7984.82,1970.92,0.19796800843733522,2024,7,Jul,Q3
SO02578,2025-04-13,North,Jaipur,Consumer,Retail Store,Office Supplies,Paper,P10086,C1439,5,948.18,0.2812,3407.86,1936.51,1471.35,0.4317518912161884,2025,4,Apr,Q2
SO02579,2025-12-17,North,Jaipur,Consumer,Distributor,Office Supplies,Binders,P10033,C1317,9,1126.42,0.55,4562.01,2837.78,1724.23,0.37795401588334965,2025,12,Dec,Q4
SO02580,2025-03-23,South,Bengaluru,Consumer,Distributor,Furniture,Bookcases,P10080,C1273,3,6576.85,0.3054,13705.02,10488.88,3216.14,0.2346687564118841,2025,3,Mar,Q1
SO02581,2025-02-22,South,Bengaluru,Corporate,Online,Furniture,Chairs,P10082,C1599,10,8038.68,0.2659,59010.86,48625.46,10385.4,0.17599133447639975,2025,2,Feb,Q1
SO02582,2025-02-28,West,Mumbai,Corporate,Online,Technology,Accessories,P10084,C1574,8,15434.76,0.3508,80167.12,54965.42,25201.71,0.3143646672101979,2025,2,Feb,Q1
SO02583,2024-08-30,South,Hyderabad,Consumer,Retail Store,Office Supplies,Binders,P10027,C1495,1,608.35,0.1881,493.93,325.99,167.94,0.34000769339784986,2024,8,Aug,Q3
SO02584,2023-09-18,West,Surat,Consumer,Retail Store,Office Supplies,Paper,P10001,C1368,9,935.42,0.3061,5841.85,3666.52,2175.32,0.3723683422203583,2023,9,Sep,Q3
SO02585,2025-08-10,West,Surat,Consumer,Online,Furniture,Storage,P10095,C1533,4,6491.32,0.3872,15912.74,10772.19,5140.56,0.32304681657590084,2025,8,Aug,Q3
SO02586,2023-11-15,West,Mumbai,Consumer,Retail Store,Office Supplies,Binders,P10020,C1339,1,1287.76,0.3198,875.94,543.85,332.08,0.3791127246158412,2023,11,Nov,Q4
SO02587,2025-06-12,North,Delhi,Consumer,Retail Store,Technology,Printers,P10079,C1009,3,16979.27,0.506,25161.74,15156.22,10005.51,0.3976477779358661,2025,6,Jun,Q2
SO02588,2023-08-16,West,Ahmedabad,Consumer,Retail Store,Technology,Accessories,P10056,C1464,8,19010.54,0.0189,149210.61,106078.28,43132.34,0.2890701941369987,2023,8,Aug,Q3
SO02589,2024-07-28,South,Kochi,Consumer,Distributor,Furniture,Tables,P10053,C1466,2,9697.7,0.4676,10326.81,7779.41,2547.41,0.24667927462594935,2024,7,Jul,Q3
SO02590,2024-08-16,Central,Nagpur,Consumer,Distributor,Office Supplies,Paper,P10042,C1292,1,808.2,0.0521,766.12,480.39,285.73,0.3729572390748186,2024,8,Aug,Q3
SO02591,2023-09-04,East,Kolkata,Consumer,Online,Office Supplies,Paper,P10050,C1447,4,1116.69,0.2249,3462.23,1952.45,1509.78,0.4360715492616031,2023,9,Sep,Q3
SO02592,2025-09-07,East,Bhubaneswar,Home Office,Retail Store,Furniture,Chairs,P10002,C1412,9,13319.68,0.2185,93680.39,72645.36,21035.03,0.22454037605949334,2025,9,Sep,Q3
SO02593,2025-05-18,East,Bhubaneswar,Home Office,Online,Office Supplies,Pens,P10038,C1586,1,865.27,0.3842,532.82,270.14,262.68,0.49299951203032916,2025,5,May,Q2
SO02594,2024-12-28,Central,Nagpur,Consumer,Retail Store,Furniture,Chairs,P10075,C1019,9,5023.78,0.1886,36686.85,28258.23,8428.61,0.22974471779397798,2024,12,Dec,Q4
SO02595,2023-05-06,South,Hyderabad,Consumer,Online,Technology,Phones,P10023,C1320,7,16241.81,0.55,51161.69,35036.12,16125.57,0.3151883763026593,2023,5,May,Q2
SO02596,2024-09-28,South,Hyderabad,Consumer,Online,Office Supplies,Paper,P10091,C1374,9,1042.05,0.1609,7869.6,4707.56,3162.05,0.40180568262681715,2024,9,Sep,Q3
SO02597,2023-01-29,South,Chennai,Consumer,Online,Office Supplies,Envelopes,P10022,C1493,3,1055.41,0.1503,2690.26,1527.38,1162.88,0.43225561841606386,2023,1,Jan,Q1
SO02598,2025-09-25,North,Lucknow,Corporate,Online,Furniture,Bookcases,P10073,C1071,9,6757.62,0.55,27368.37,21236.7,6131.67,0.22404220638642347,2025,9,Sep,Q3
SO02599,2023-08-02,South,Bengaluru,Consumer,Online,Technology,Accessories,P10063,C1523,3,22537.63,0.3252,45625.59,28475.22,17150.37,0.3758936596765105,2023,8,Aug,Q3
SO02600,2025-10-06,East,Guwahati,Corporate,Online,Office Supplies,Pens,P10033,C1203,3,1192.78,0.2749,2594.48,1386.41,1208.07,0.4656308778637723,2025,10,Oct,Q4
SO02601,2023-07-30,East,Kolkata,Consumer,Online,Furniture,Bookcases,P10070,C1326,6,7150.11,0.1481,36549.14,27622.81,8926.33,0.24422818156596846,2023,7,Jul,Q3
SO02602,2025-04-23,Central,Bhopal,Consumer,Distributor,Office Supplies,Paper,P10007,C1408,5,737.52,0.1895,2988.94,1707.19,1281.75,0.42883095679404737,2025,4,Apr,Q2
SO02603,2025-05-14,East,Bhubaneswar,Consumer,Distributor,Technology,Laptops,P10095,C1388,2,23428.8,0.0687,43637.04,29281.62,14355.42,0.3289732759142233,2025,5,May,Q2
SO02604,2023-06-07,West,Ahmedabad,Consumer,Online,Technology,Accessories,P10015,C1006,7,28420.84,0.1915,160856.79,120702.77,40154.03,0.24962595610667102,2023,6,Jun,Q2
SO02605,2023-07-26,Central,Raipur,Consumer,Distributor,Technology,Phones,P10042,C1199,8,19951.36,0.0796,146901.26,93157.05,53744.21,0.36585261419813553,2023,7,Jul,Q3
SO02606,2023-01-05,South,Bengaluru,Consumer,Retail Store,Technology,Accessories,P10003,C1073,2,23208.26,0.0862,42415.22,27466.05,14949.17,0.3524482485296552,2023,1,Jan,Q1
SO02607,2023-01-30,East,Patna,Consumer,Distributor,Furniture,Storage,P10091,C1482,5,11233.05,0.3987,33770.27,25249.94,8520.33,0.2523026910948595,2023,1,Jan,Q1
SO02608,2023-09-13,East,Guwahati,Consumer,Retail Store,Office Supplies,Envelopes,P10050,C1151,10,499.23,0.311,3439.91,1986.44,1453.47,0.42253140343788065,2023,9,Sep,Q3
SO02609,2023-01-17,Central,Raipur,Corporate,Online,Technology,Laptops,P10051,C1067,1,20958.77,0.0681,19530.92,13516.43,6014.49,0.3079470910740508,2023,1,Jan,Q1
SO02610,2025-05-02,East,Patna,Corporate,Online,Technology,Accessories,P10095,C1419,2,38615.61,0.1528,65427.67,45697.08,19730.59,0.301563390534922,2025,5,May,Q2
SO02611,2023-03-21,Central,Nagpur,Consumer,Online,Technology,Phones,P10011,C1562,2,15547.27,0.3436,20411.6,13655.74,6755.86,0.33098140273177995,2023,3,Mar,Q1
SO02612,2024-10-10,North,Delhi,Consumer,Distributor,Technology,Phones,P10017,C1025,3,27735.89,0.36,53254.88,35613.73,17641.15,0.33125884425990637,2024,10,Oct,Q4
SO02613,2025-07-26,West,Mumbai,Home Office,Distributor,Furniture,Bookcases,P10010,C1220,2,8771.57,0.1995,14043.71,10444.53,3599.18,0.2562841300482565,2025,7,Jul,Q3
SO02614,2025-12-25,South,Kochi,Home Office,Online,Technology,Printers,P10018,C1051,7,15592.74,0.1689,90709.17,71420.93,19288.23,0.21263814893246186,2025,12,Dec,Q4
SO02615,2025-11-30,North,Delhi,Home Office,Online,Furniture,Bookcases,P10018,C1441,10,10567.66,0.5136,51404.12,36092.16,15311.97,0.29787437271565,2025,11,Nov,Q4
SO02616,2025-09-18,East,Bhubaneswar,Home Office,Retail Store,Technology,Accessories,P10010,C1083,5,25532.39,0.1315,110879.22,69831.44,41047.78,0.37020264031438893,2025,9,Sep,Q3
SO02617,2025-09-23,Central,Nagpur,Consumer,Retail Store,Furniture,Tables,P10017,C1153,4,8814.49,0.2618,26025.85,18327.89,7697.96,0.2957813097362815,2025,9,Sep,Q3
SO02618,2023-12-05,East,Guwahati,Consumer,Online,Furniture,Chairs,P10017,C1530,7,8377.42,0.2561,43622.14,31525.08,12097.06,0.27731468469910003,2023,12,Dec,Q4
SO02619,2023-07-29,North,Jaipur,Corporate,Online,Technology,Accessories,P10078,C1061,5,11769.72,0.3575,37812.16,25095.68,12716.48,0.33630662728603705,2023,7,Jul,Q3
SO02620,2023-08-24,East,Kolkata,Corporate,Retail Store,Technology,Printers,P10005,C1419,10,27913.3,0.1177,246289.79,160847.78,85442.0,0.34691653275598633,2023,8,Aug,Q3
SO02621,2023-03-03,West,Surat,Corporate,Retail Store,Office Supplies,Paper,P10036,C1394,5,849.01,0.4498,2335.5,1280.33,1055.17,0.45179618925283666,2023,3,Mar,Q1
SO02622,2023-09-30,Central,Indore,Consumer,Distributor,Office Supplies,Envelopes,P10027,C1403,6,842.68,0.1113,4493.21,2578.19,1915.01,0.42620086753123043,2023,9,Sep,Q3
SO02623,2023-10-08,West,Mumbai,Consumer,Retail Store,Furniture,Tables,P10049,C1461,4,7277.11,0.1919,23522.43,17543.54,5978.89,0.25417824604005623,2023,10,Oct,Q4
SO02624,2023-08-17,West,Pune,Consumer,Distributor,Furniture,Bookcases,P10024,C1433,6,9624.3,0.3818,35699.0,24402.91,11296.09,0.31642595030673126,2023,8,Aug,Q3
SO02625,2024-01-04,Central,Bhopal,Corporate,Retail Store,Furniture,Storage,P10063,C1425,6,8716.75,0.1028,46921.54,31454.41,15467.13,0.329638157656377,2024,1,Jan,Q1
SO02626,2025-12-07,East,Kolkata,Corporate,Online,Furniture,Chairs,P10086,C1449,3,8447.34,0.3938,15362.07,11764.78,3597.29,0.23416701004487026,2025,12,Dec,Q4
SO02627,2024-11-03,North,Chandigarh,Corporate,Online,Office Supplies,Binders,P10013,C1343,2,1137.54,0.3864,1395.91,834.48,561.43,0.40219641667442735,2024,11,Nov,Q4
SO02628,2025-12-16,North,Lucknow,Consumer,Retail Store,Technology,Accessories,P10028,C1017,1,23847.16,0.2304,18353.96,12146.49,6207.47,0.3382087571292517,2025,12,Dec,Q4
SO02629,2024-08-23,West,Ahmedabad,Corporate,Online,Furniture,Tables,P10031,C1343,7,8750.79,0.4352,34596.86,27191.25,7405.61,0.21405439684410665,2024,8,Aug,Q3
SO02630,2024-10-27,West,Mumbai,Consumer,Retail Store,Technology,Accessories,P10055,C1196,5,22960.94,0.3355,76283.21,52746.89,23536.32,0.30853866794541024,2024,10,Oct,Q4
SO02631,2024-03-18,West,Ahmedabad,Home Office,Online,Office Supplies,Envelopes,P10089,C1577,10,895.33,0.1597,7523.56,4574.15,2949.41,0.39202319114887096,2024,3,Mar,Q1
SO02632,2024-11-06,Central,Bhopal,Corporate,Online,Furniture,Storage,P10051,C1172,8,8591.32,0.2245,53303.25,36083.85,17219.4,0.3230459681163907,2024,11,Nov,Q4
SO02633,2025-01-28,South,Bengaluru,Home Office,Retail Store,Furniture,Bookcases,P10086,C1535,10,11123.32,0.3262,74953.38,47072.8,27880.58,0.37197228463879817,2025,1,Jan,Q1
SO02634,2025-02-15,West,Mumbai,Consumer,Online,Office Supplies,Binders,P10070,C1102,9,621.12,0.3327,3730.51,2257.03,1473.48,0.3949808471227794,2025,2,Feb,Q1
SO02635,2023-07-16,West,Mumbai,Home Office,Online,Office Supplies,Pens,P10058,C1197,2,651.17,0.2836,932.99,438.19,494.8,0.5303379457443274,2023,7,Jul,Q3
SO02636,2025-12-07,South,Chennai,Corporate,Online,Technology,Laptops,P10089,C1441,1,22087.18,0.1681,18374.45,11455.75,6918.7,0.3765391617164051,2025,12,Dec,Q4
SO02637,2023-04-22,North,Chandigarh,Consumer,Online,Technology,Laptops,P10091,C1071,4,23957.58,0.3838,59054.08,41662.69,17391.39,0.2944993809064505,2023,4,Apr,Q2
SO02638,2023-06-14,South,Chennai,Consumer,Retail Store,Furniture,Bookcases,P10039,C1590,9,3032.88,0.1245,23898.57,18054.71,5843.85,0.24452718300718412,2023,6,Jun,Q2
SO02639,2024-11-07,West,Surat,Consumer,Distributor,Office Supplies,Pens,P10057,C1128,6,1426.57,0.2499,6420.56,3893.95,2526.61,0.3935186338886328,2024,11,Nov,Q4
SO02640,2023-07-07,North,Jaipur,Home Office,Online,Technology,Phones,P10045,C1138,3,14703.27,0.1635,36895.76,24839.0,12056.76,0.3267790120057156,2023,7,Jul,Q3
SO02641,2025-02-21,West,Mumbai,Corporate,Online,Furniture,Tables,P10039,C1424,1,10326.79,0.354,6670.69,5332.13,1338.56,0.20066289993988629,2025,2,Feb,Q1
SO02642,2025-09-06,North,Delhi,Consumer,Retail Store,Technology,Laptops,P10021,C1319,5,21553.36,0.1928,86989.05,57984.51,29004.54,0.333427483114254,2025,9,Sep,Q3
SO02643,2025-08-24,East,Bhubaneswar,Consumer,Online,Furniture,Tables,P10074,C1031,1,10023.59,0.211,7908.81,5120.79,2788.02,0.35252079642828693,2025,8,Aug,Q3
SO02644,2023-04-01,South,Bengaluru,Consumer,Retail Store,Technology,Printers,P10004,C1469,4,26150.68,0.1386,90106.53,56521.38,33585.15,0.3727271486317363,2023,4,Apr,Q2
SO02645,2025-12-21,North,Chandigarh,Consumer,Online,Furniture,Tables,P10013,C1491,9,8080.46,0.55,32725.88,23426.53,9299.35,0.28415889809533007,2025,12,Dec,Q4
SO02646,2025-05-08,Central,Indore,Home Office,Online,Office Supplies,Pens,P10041,C1416,9,961.1,0.1612,7255.71,3981.74,3273.97,0.45122668904903857,2025,5,May,Q2
SO02647,2025-01-18,North,Jaipur,Corporate,Distributor,Technology,Phones,P10095,C1150,10,25915.56,0.1924,209287.51,123592.89,85694.63,0.4094588826633754,2025,1,Jan,Q1
SO02648,2024-07-09,East,Patna,Consumer,Online,Furniture,Bookcases,P10026,C1002,7,7960.64,0.1939,44920.11,33093.17,11826.94,0.26328831340795916,2024,7,Jul,Q3
SO02649,2025-02-08,East,Guwahati,Home Office,Online,Office Supplies,Paper,P10086,C1235,4,842.39,0.2242,2614.07,1462.36,1151.71,0.44058116270796116,2025,2,Feb,Q1
SO02650,2025-12-26,North,Lucknow,Corporate,Distributor,Technology,Accessories,P10091,C1514,5,16596.56,0.1275,72399.34,51941.76,20457.58,0.2825658355449097,2025,12,Dec,Q4
SO02651,2024-11-06,West,Surat,Consumer,Distributor,Technology,Laptops,P10008,C1428,6,21128.32,0.0998,114120.28,68995.35,45124.93,0.39541552123776774,2024,11,Nov,Q4
SO02652,2025-11-30,North,Jaipur,Consumer,Retail Store,Technology,Laptops,P10036,C1429,2,24424.21,0.265,35903.71,29205.44,6698.27,0.18656205723586783,2025,11,Nov,Q4
SO02653,2025-06-23,South,Hyderabad,Consumer,Online,Furniture,Storage,P10047,C1491,1,10792.03,0.2569,8020.03,5449.15,2570.88,0.3205574043987367,2025,6,Jun,Q2
SO02654,2023-03-27,North,Jaipur,Consumer,Online,Technology,Accessories,P10053,C1336,8,14817.47,0.4267,67953.97,45932.4,22021.56,0.324065834564191,2023,3,Mar,Q1
SO02655,2023-07-14,Central,Raipur,Consumer,Online,Office Supplies,Binders,P10045,C1130,5,831.82,0.2433,3147.05,1847.89,1299.16,0.41281835369631875,2023,7,Jul,Q3
SO02656,2025-09-20,Central,Indore,Corporate,Online,Technology,Accessories,P10063,C1559,9,16573.15,0.2949,105170.48,82290.75,22879.73,0.21754897381850877,2025,9,Sep,Q3
SO02657,2025-08-02,West,Surat,Consumer,Online,Office Supplies,Binders,P10061,C1379,6,1022.35,0.1422,5261.95,3165.72,2096.22,0.39837322665551744,2025,8,Aug,Q3
SO02658,2024-08-04,South,Chennai,Consumer,Retail Store,Office Supplies,Envelopes,P10035,C1051,7,846.63,0.3137,4067.51,1893.78,2173.73,0.5344129455121192,2024,8,Aug,Q3
SO02659,2025-12-10,East,Bhubaneswar,Consumer,Online,Furniture,Tables,P10029,C1265,3,4914.25,0.1649,12311.46,9164.31,3147.16,0.2556284957267457,2025,12,Dec,Q4
SO02660,2024-12-12,East,Patna,Home Office,Online,Furniture,Bookcases,P10037,C1484,10,7238.02,0.2735,52583.49,35189.34,17394.14,0.33079090033772957,2024,12,Dec,Q4
SO02661,2023-06-18,South,Hyderabad,Corporate,Online,Technology,Printers,P10023,C1207,1,37000.64,0.277,26752.24,18128.31,8623.92,0.322362538613589,2023,6,Jun,Q2
SO02662,2024-07-16,West,Ahmedabad,Home Office,Online,Technology,Printers,P10049,C1171,7,22881.02,0.1355,138471.64,84740.59,53731.05,0.3880292744420446,2024,7,Jul,Q3
SO02663,2023-03-30,West,Mumbai,Corporate,Retail Store,Office Supplies,Pens,P10024,C1228,10,1217.91,0.1614,10213.32,5863.95,4349.37,0.425852709990483,2023,3,Mar,Q1
SO02664,2025-11-07,Central,Bhopal,Consumer,Online,Technology,Laptops,P10078,C1224,1,27490.6,0.1901,22265.38,15352.9,6912.48,0.3104586582398324,2025,11,Nov,Q4
SO02665,2023-01-20,East,Bhubaneswar,Corporate,Online,Technology,Printers,P10070,C1415,8,7280.84,0.55,26211.02,16434.17,9776.85,0.37300532371498707,2023,1,Jan,Q1
SO02666,2024-10-05,South,Hyderabad,Consumer,Online,Office Supplies,Paper,P10005,C1128,4,757.11,0.359,1941.27,1230.39,710.89,0.3661984165005383,2024,10,Oct,Q4
SO02667,2024-11-28,North,Lucknow,Consumer,Retail Store,Technology,Accessories,P10074,C1539,9,15441.14,0.0269,135234.54,93917.7,41316.85,0.3055199507463108,2024,11,Nov,Q4
SO02668,2024-09-26,North,Chandigarh,Corporate,Distributor,Technology,Phones,P10049,C1307,3,24316.58,0.0791,67178.0,44754.34,22423.67,0.3337948435499717,2024,9,Sep,Q3
SO02669,2023-05-17,East,Kolkata,Consumer,Online,Furniture,Chairs,P10070,C1184,7,10514.26,0.5118,35934.05,26329.2,9604.85,0.26729105124526736,2023,5,May,Q2
SO02670,2025-10-18,North,Lucknow,Corporate,Online,Furniture,Chairs,P10086,C1284,7,8972.92,0.3467,41034.08,32925.55,8108.53,0.19760477144851302,2025,10,Oct,Q4
SO02671,2025-12-04,South,Hyderabad,Consumer,Distributor,Office Supplies,Binders,P10079,C1276,7,1006.19,0.1078,6284.43,3897.47,2386.95,0.37981964951475305,2025,12,Dec,Q4
SO02672,2023-03-06,East,Bhubaneswar,Consumer,Online,Technology,Laptops,P10039,C1592,5,22992.14,0.3054,79854.71,53204.14,26650.57,0.3337382353526799,2023,3,Mar,Q1
SO02673,2023-05-31,South,Hyderabad,Corporate,Distributor,Technology,Printers,P10082,C1312,3,26446.23,0.0134,78278.16,53271.49,25006.66,0.3194589653103752,2023,5,May,Q2
SO02674,2024-10-19,North,Delhi,Consumer,Retail Store,Office Supplies,Paper,P10005,C1293,3,1006.14,0.38,1871.33,1042.99,828.34,0.4426477425146821,2024,10,Oct,Q4
SO02675,2024-12-10,East,Guwahati,Home Office,Distributor,Technology,Printers,P10012,C1108,1,29232.85,0.5411,13415.67,8821.85,4593.82,0.3424219587989269,2024,12,Dec,Q4
SO02676,2023-09-28,North,Lucknow,Consumer,Online,Furniture,Bookcases,P10065,C1481,4,7987.63,0.4881,16356.88,11735.5,4621.38,0.28253432194892913,2023,9,Sep,Q3
SO02677,2025-05-21,Central,Nagpur,Consumer,Online,Office Supplies,Paper,P10016,C1279,8,1166.0,0.4919,4739.56,2838.73,1900.83,0.40105621618884446,2025,5,May,Q2
SO02678,2023-08-17,West,Mumbai,Consumer,Distributor,Technology,Phones,P10095,C1080,3,18824.72,0.55,25413.37,16375.51,9037.86,0.35563406191307967,2023,8,Aug,Q3
SO02679,2025-01-08,East,Bhubaneswar,Consumer,Online,Office Supplies,Envelopes,P10012,C1528,7,1135.44,0.0846,7275.95,3630.42,3645.53,0.5010383523801016,2025,1,Jan,Q1
SO02680,2023-04-12,East,Kolkata,Corporate,Retail Store,Technology,Phones,P10092,C1298,7,25927.27,0.1729,150114.29,91771.99,58342.3,0.38865253934185745,2023,4,Apr,Q2
SO02681,2023-08-11,South,Bengaluru,Home Office,Retail Store,Furniture,Storage,P10094,C1092,3,6614.45,0.4164,11581.47,8078.58,3502.89,0.30245642392546024,2023,8,Aug,Q3
SO02682,2023-07-09,Central,Raipur,Consumer,Online,Furniture,Chairs,P10091,C1181,9,10713.01,0.491,49078.49,37317.59,11760.89,0.23963430822749437,2023,7,Jul,Q3
SO02683,2024-04-27,North,Jaipur,Home Office,Distributor,Technology,Phones,P10032,C1245,4,15953.0,0.1333,55305.87,36761.15,18544.72,0.3353119659811879,2024,4,Apr,Q2
SO02684,2023-06-02,Central,Nagpur,Consumer,Online,Technology,Laptops,P10055,C1210,7,34365.59,0.1793,197435.25,119881.08,77554.17,0.3928081231694948,2023,6,Jun,Q2
SO02685,2025-10-01,North,Jaipur,Consumer,Retail Store,Office Supplies,Binders,P10039,C1390,6,1053.13,0.1521,5357.64,2803.88,2553.76,0.4766576328383393,2025,10,Oct,Q4
SO02686,2024-05-19,South,Hyderabad,Corporate,Online,Office Supplies,Envelopes,P10078,C1134,6,1074.03,0.2647,4738.56,2588.51,2150.05,0.4537348899243652,2024,5,May,Q2
SO02687,2025-11-13,Central,Bhopal,Corporate,Retail Store,Furniture,Bookcases,P10086,C1166,3,10939.28,0.3028,22879.69,15474.49,7405.21,0.3236586684522387,2025,11,Nov,Q4
SO02688,2024-10-10,West,Pune,Consumer,Retail Store,Office Supplies,Envelopes,P10048,C1486,2,1356.66,0.2056,2155.54,1309.57,845.97,0.39246314148658806,2024,10,Oct,Q4
SO02689,2023-11-18,East,Bhubaneswar,Consumer,Distributor,Office Supplies,Binders,P10090,C1597,2,849.51,0.2514,1271.94,823.69,448.25,0.3524144220639338,2023,11,Nov,Q4
SO02690,2024-10-16,Central,Raipur,Consumer,Online,Furniture,Storage,P10087,C1216,2,10377.67,0.2802,14939.66,10202.74,4736.93,0.31707080348548766,2024,10,Oct,Q4
SO02691,2023-03-15,Central,Indore,Consumer,Online,Furniture,Storage,P10001,C1466,7,7221.45,0.332,33768.09,27434.33,6333.76,0.18756642735789916,2023,3,Mar,Q1
SO02692,2024-07-14,South,Kochi,Corporate,Retail Store,Technology,Accessories,P10065,C1342,9,22001.97,0.2584,146851.64,98851.64,48000.0,0.32686049675713524,2024,7,Jul,Q3
SO02693,2023-05-16,South,Hyderabad,Corporate,Online,Office Supplies,Paper,P10061,C1199,5,834.35,0.3127,2867.37,1565.91,1301.46,0.4538863139392545,2023,5,May,Q2
SO02694,2025-07-06,South,Bengaluru,Consumer,Online,Technology,Printers,P10039,C1168,7,26421.76,0.2514,138453.55,91842.8,46610.75,0.3366526174301779,2025,7,Jul,Q3
SO02695,2024-03-16,West,Surat,Consumer,Retail Store,Furniture,Tables,P10080,C1253,7,10084.01,0.1818,57757.65,39586.58,18171.07,0.31460888730756875,2024,3,Mar,Q1
SO02696,2024-07-29,South,Bengaluru,Home Office,Online,Office Supplies,Pens,P10010,C1227,10,403.65,0.5399,1857.18,1047.45,809.73,0.43599974154363064,2024,7,Jul,Q3
SO02697,2023-07-11,Central,Bhopal,Consumer,Online,Office Supplies,Binders,P10029,C1003,7,942.95,0.2585,4894.24,3077.38,1816.86,0.371224132858217,2023,7,Jul,Q3
SO02698,2023-06-24,East,Kolkata,Consumer,Online,Technology,Laptops,P10055,C1575,7,22050.69,0.0784,142255.3,96169.75,46085.55,0.3239636765730346,2023,6,Jun,Q2
SO02699,2023-12-08,North,Jaipur,Consumer,Online,Furniture,Bookcases,P10044,C1466,1,6522.11,0.3101,4499.89,3077.63,1422.26,0.3160655038234268,2023,12,Dec,Q4
SO02700,2025-01-15,East,Patna,Corporate,Distributor,Furniture,Chairs,P10099,C1067,9,4887.27,0.0919,39942.74,26853.28,13089.46,0.32770561058154746,2025,1,Jan,Q1
SO02701,2023-07-25,South,Bengaluru,Home Office,Retail Store,Furniture,Storage,P10050,C1271,9,10574.73,0.1243,83345.7,59126.01,24219.69,0.2905931559756532,2023,7,Jul,Q3
SO02702,2025-12-27,South,Bengaluru,Home Office,Online,Furniture,Tables,P10047,C1199,1,10888.2,0.2437,8234.81,5335.68,2899.14,0.3520591246185401,2025,12,Dec,Q4
SO02703,2023-04-15,Central,Raipur,Corporate,Retail Store,Furniture,Chairs,P10082,C1537,1,9586.3,0.2591,7102.13,4697.51,2404.62,0.33857730004942177,2023,4,Apr,Q2
SO02704,2024-07-23,West,Pune,Corporate,Retail Store,Office Supplies,Paper,P10017,C1365,5,1044.22,0.3761,3257.67,1788.51,1469.15,0.4509818367115147,2024,7,Jul,Q3
SO02705,2025-12-28,West,Pune,Corporate,Retail Store,Office Supplies,Binders,P10004,C1555,3,803.57,0.0476,2295.97,1278.0,1017.96,0.4433681624759906,2025,12,Dec,Q4
SO02706,2025-05-30,West,Surat,Home Office,Online,Technology,Phones,P10018,C1386,9,9115.26,0.1711,68003.49,40752.93,27250.56,0.4007229628949926,2025,5,May,Q2
SO02707,2023-03-12,West,Surat,Consumer,Retail Store,Office Supplies,Envelopes,P10061,C1030,4,722.7,0.5166,1397.37,898.26,499.11,0.35717812748234185,2023,3,Mar,Q1
SO02708,2023-11-06,East,Patna,Consumer,Online,Furniture,Tables,P10013,C1530,6,10907.61,0.3309,43789.81,33316.1,10473.71,0.23918144426751337,2023,11,Nov,Q4
SO02709,2025-07-22,West,Pune,Corporate,Online,Furniture,Tables,P10076,C1010,9,9810.46,0.1897,71543.71,50844.87,20698.83,0.2893172579392374,2025,7,Jul,Q3
SO02710,2024-02-27,South,Kochi,Home Office,Online,Technology,Accessories,P10086,C1217,5,17442.4,0.0874,79590.51,45274.33,34316.18,0.43115919222027854,2024,2,Feb,Q1
SO02711,2025-08-16,South,Bengaluru,Home Office,Online,Technology,Phones,P10037,C1028,6,10933.32,0.3668,41538.57,30600.93,10937.65,0.2633131087565123,2025,8,Aug,Q3
SO02712,2023-05-15,South,Hyderabad,Corporate,Retail Store,Furniture,Storage,P10056,C1199,7,5413.88,0.1855,30867.97,23124.56,7743.41,0.25085582239454035,2023,5,May,Q2
SO02713,2025-07-16,West,Pune,Home Office,Retail Store,Furniture,Chairs,P10060,C1263,10,10916.06,0.1431,93538.04,71907.11,21630.93,0.23125276090882385,2025,7,Jul,Q3
SO02714,2024-06-05,Central,Raipur,Consumer,Online,Furniture,Tables,P10048,C1514,10,5367.36,0.3821,33164.93,26464.15,6700.78,0.20204414723625225,2024,6,Jun,Q2
SO02715,2025-10-20,West,Surat,Home Office,Online,Furniture,Chairs,P10046,C1216,1,6062.09,0.3561,3903.35,2784.18,1119.17,0.28672038121101107,2025,10,Oct,Q4
SO02716,2024-06-19,North,Jaipur,Consumer,Online,Furniture,Storage,P10068,C1170,7,9680.35,0.5015,33778.06,23339.0,10439.05,0.3090482401890458,2024,6,Jun,Q2
SO02717,2025-03-31,West,Mumbai,Consumer,Online,Furniture,Tables,P10012,C1378,4,9532.76,0.1099,33939.91,23403.73,10536.18,0.3104362975623683,2025,3,Mar,Q1
SO02718,2024-02-22,South,Bengaluru,Consumer,Retail Store,Technology,Phones,P10008,C1091,9,22906.14,0.1585,173476.77,111723.12,61753.65,0.35597648030915036,2024,2,Feb,Q1
SO02719,2025-03-05,North,Delhi,Consumer,Distributor,Furniture,Tables,P10087,C1058,3,6668.21,0.2991,14020.6,9925.02,4095.58,0.29211160720653895,2025,3,Mar,Q1
SO02720,2025-08-02,South,Chennai,Consumer,Online,Technology,Phones,P10029,C1425,10,17376.52,0.3481,113271.2,73299.3,39971.9,0.3528867002380129,2025,8,Aug,Q3
SO02721,2024-08-21,Central,Raipur,Consumer,Retail Store,Furniture,Bookcases,P10055,C1388,9,4953.41,0.1999,35670.44,25072.51,10597.93,0.29710679206648416,2024,8,Aug,Q3
SO02722,2025-06-28,West,Surat,Consumer,Distributor,Technology,Accessories,P10035,C1259,6,25698.53,0.55,69386.04,46308.7,23077.34,0.33259341504429424,2025,6,Jun,Q2
SO02723,2024-01-26,West,Ahmedabad,Home Office,Online,Technology,Laptops,P10062,C1597,9,21211.44,0.2421,144679.82,96562.51,48117.31,0.33257789510658775,2024,1,Jan,Q1
SO02724,2025-08-29,North,Chandigarh,Consumer,Online,Office Supplies,Pens,P10029,C1427,8,924.77,0.0982,6671.74,3921.79,2749.95,0.4121788319089173,2025,8,Aug,Q3
SO02725,2023-05-01,South,Hyderabad,Home Office,Distributor,Technology,Phones,P10080,C1024,10,23506.45,0.2533,175533.58,107872.74,67660.84,0.38545809867263003,2023,5,May,Q2
SO02726,2023-06-23,South,Kochi,Consumer,Online,Office Supplies,Binders,P10069,C1300,9,892.11,0.2879,5717.32,3053.67,2663.66,0.4658931107581874,2023,6,Jun,Q2
SO02727,2024-07-16,West,Pune,Consumer,Retail Store,Technology,Laptops,P10057,C1330,5,11812.25,0.3504,38368.22,25637.09,12731.12,0.3318141941429652,2024,7,Jul,Q3
SO02728,2024-04-26,East,Guwahati,Consumer,Retail Store,Technology,Printers,P10088,C1379,10,20012.77,0.2344,153217.16,101988.01,51229.15,0.3343564780863971,2024,4,Apr,Q2
SO02729,2024-09-09,West,Surat,Home Office,Distributor,Furniture,Chairs,P10028,C1157,10,8060.16,0.1607,67646.04,48052.85,19593.19,0.2896428231423451,2024,9,Sep,Q3
SO02730,2024-09-05,East,Kolkata,Home Office,Online,Furniture,Storage,P10010,C1462,8,12830.11,0.5097,50324.72,35380.23,14944.49,0.29696121508475354,2024,9,Sep,Q3
SO02731,2025-01-31,Central,Nagpur,Consumer,Distributor,Furniture,Chairs,P10062,C1224,5,7665.26,0.1477,32667.12,27504.01,5163.11,0.15805219437771068,2025,1,Jan,Q1
SO02732,2024-08-18,West,Mumbai,Corporate,Online,Technology,Accessories,P10064,C1400,5,16806.9,0.2146,66001.79,37231.68,28770.12,0.4358990869793077,2024,8,Aug,Q3
SO02733,2023-09-21,North,Delhi,Consumer,Retail Store,Furniture,Bookcases,P10008,C1443,9,8772.93,0.2787,56951.87,38479.33,18472.54,0.3243535286901027,2023,9,Sep,Q3
SO02734,2024-07-19,Central,Bhopal,Corporate,Retail Store,Technology,Accessories,P10037,C1253,2,21322.22,0.1346,36903.6,22983.05,13920.55,0.37721387615300406,2024,7,Jul,Q3
SO02735,2024-07-17,North,Chandigarh,Home Office,Retail Store,Furniture,Storage,P10087,C1078,10,9996.06,0.2457,75401.24,54331.77,21069.47,0.27943134622189236,2024,7,Jul,Q3
SO02736,2024-05-17,Central,Nagpur,Home Office,Distributor,Furniture,Tables,P10087,C1148,4,6748.09,0.2088,21356.13,15224.18,6131.95,0.2871283327082201,2024,5,May,Q2
SO02737,2024-06-06,East,Kolkata,Consumer,Online,Furniture,Bookcases,P10028,C1472,7,10936.64,0.2367,58434.93,36778.56,21656.37,0.37060658753249126,2024,6,Jun,Q2
SO02738,2023-02-04,West,Pune,Consumer,Retail Store,Office Supplies,Pens,P10060,C1297,1,1172.22,0.1526,993.34,574.52,418.82,0.42162804276481364,2023,2,Feb,Q1
SO02739,2025-04-13,West,Ahmedabad,Consumer,Online,Office Supplies,Pens,P10004,C1286,9,924.93,0.2026,6637.86,3850.71,2787.16,0.419888337506365,2025,4,Apr,Q2
SO02740,2025-12-07,South,Bengaluru,Consumer,Retail Store,Technology,Phones,P10005,C1070,9,13250.8,0.212,93973.36,60279.01,33694.35,0.35855214711914096,2025,12,Dec,Q4
SO02741,2024-06-15,South,Hyderabad,Consumer,Retail Store,Office Supplies,Envelopes,P10063,C1108,1,1089.12,0.1459,930.22,564.26,365.96,0.39341231106619934,2024,6,Jun,Q2
SO02742,2023-01-30,Central,Nagpur,Consumer,Online,Office Supplies,Paper,P10051,C1555,1,732.4,0.1837,597.89,348.68,249.21,0.41681580223786985,2023,1,Jan,Q1
SO02743,2023-12-24,East,Patna,Corporate,Online,Technology,Phones,P10026,C1131,7,23743.31,0.2724,120936.0,79938.63,40997.37,0.33900054574320304,2023,12,Dec,Q4
SO02744,2024-07-06,West,Mumbai,Home Office,Distributor,Technology,Printers,P10041,C1270,6,37381.83,0.0815,206018.67,138881.79,67136.88,0.32587764982659095,2024,7,Jul,Q3
SO02745,2025-06-22,South,Hyderabad,Consumer,Online,Office Supplies,Pens,P10040,C1059,9,949.56,0.0911,7767.82,4435.25,3332.58,0.42902384452780834,2025,6,Jun,Q2
SO02746,2023-08-19,South,Kochi,Consumer,Online,Furniture,Tables,P10068,C1225,5,8863.28,0.2291,34161.54,24412.05,9749.49,0.2853937498133866,2023,8,Aug,Q3
SO02747,2023-01-28,Central,Indore,Consumer,Online,Technology,Accessories,P10094,C1170,3,20959.18,0.0711,58409.15,35254.08,23155.08,0.39642898415744793,2023,1,Jan,Q1
SO02748,2025-01-29,West,Surat,Corporate,Online,Furniture,Tables,P10080,C1380,2,9724.48,0.2736,14128.29,10552.25,3576.04,0.2531120185103788,2025,1,Jan,Q1
SO02749,2024-02-29,West,Pune,Consumer,Online,Office Supplies,Envelopes,P10073,C1386,4,1217.61,0.2317,3741.86,2253.78,1488.08,0.3976845739819234,2024,2,Feb,Q1
SO02750,2023-07-05,West,Mumbai,Corporate,Distributor,Technology,Phones,P10067,C1441,5,9516.0,0.2246,36891.99,25287.69,11604.3,0.3145479547186259,2023,7,Jul,Q3
SO02751,2025-04-17,South,Chennai,Corporate,Retail Store,Technology,Laptops,P10034,C1136,6,28242.27,0.2333,129919.03,94773.39,35145.64,0.2705195689961663,2025,4,Apr,Q2
SO02752,2025-09-02,West,Ahmedabad,Consumer,Retail Store,Technology,Phones,P10048,C1509,8,31924.6,0.247,192303.41,116337.2,75966.21,0.3950330885968169,2025,9,Sep,Q3
SO02753,2023-02-13,Central,Raipur,Consumer,Distributor,Office Supplies,Paper,P10057,C1385,3,1191.23,0.2518,2673.96,1501.5,1172.45,0.4384695358195336,2023,2,Feb,Q1
SO02754,2025-05-17,South,Hyderabad,Consumer,Retail Store,Technology,Printers,P10094,C1253,5,37963.86,0.3654,120468.64,87708.69,32759.95,0.2719375764514317,2025,5,May,Q2
SO02755,2025-08-15,West,Surat,Consumer,Retail Store,Office Supplies,Envelopes,P10051,C1137,5,1225.82,0.1068,5474.58,3303.57,2171.0,0.3965601014141724,2025,8,Aug,Q3
SO02756,2024-03-18,North,Chandigarh,Home Office,Retail Store,Office Supplies,Paper,P10052,C1253,1,377.66,0.2107,298.07,177.78,120.29,0.4035629214614017,2024,3,Mar,Q1
SO02757,2025-03-04,South,Chennai,Home Office,Distributor,Technology,Printers,P10064,C1301,3,29308.54,0.1069,78522.33,50052.86,28469.46,0.36256514548154645,2025,3,Mar,Q1
SO02758,2024-03-02,East,Kolkata,Home Office,Online,Furniture,Tables,P10008,C1175,7,9785.71,0.3041,47666.46,30732.48,16933.97,0.3552596521747158,2024,3,Mar,Q1
SO02759,2023-03-29,West,Mumbai,Corporate,Retail Store,Technology,Accessories,P10092,C1266,5,14564.48,0.4275,41692.32,30241.03,11451.29,0.27466185618838196,2023,3,Mar,Q1
SO02760,2023-10-22,East,Kolkata,Home Office,Online,Furniture,Bookcases,P10028,C1495,4,14311.3,0.2706,41756.12,31749.04,10007.09,0.23965564808224518,2023,10,Oct,Q4
SO02761,2025-07-30,West,Surat,Home Office,Online,Technology,Laptops,P10092,C1216,6,25372.93,0.4864,78196.3,50730.83,27465.47,0.3512374626420943,2025,7,Jul,Q3
SO02762,2023-01-21,East,Patna,Home Office,Retail Store,Technology,Laptops,P10021,C1076,10,22756.24,0.2768,164583.97,114104.4,50479.57,0.30671012492893446,2023,1,Jan,Q1
SO02763,2023-12-31,South,Bengaluru,Consumer,Retail Store,Furniture,Chairs,P10066,C1165,10,4291.01,0.3522,27797.56,19990.57,7806.99,0.2808516287041021,2023,12,Dec,Q4
SO02764,2023-03-10,North,Delhi,Consumer,Online,Technology,Accessories,P10099,C1225,10,8270.31,0.2081,65495.06,41032.22,24462.83,0.37350649041317013,2023,3,Mar,Q1
SO02765,2023-11-03,Central,Bhopal,Consumer,Online,Technology,Laptops,P10013,C1320,5,32063.4,0.1278,139825.15,96449.27,43375.88,0.310215150850902,2023,11,Nov,Q4
SO02766,2023-02-23,East,Bhubaneswar,Corporate,Online,Office Supplies,Pens,P10009,C1567,5,1159.07,0.4757,3038.27,1650.5,1387.77,0.45676322380828566,2023,2,Feb,Q1
SO02767,2023-09-27,East,Bhubaneswar,Consumer,Retail Store,Technology,Printers,P10090,C1017,3,20032.59,0.1894,48716.87,29622.25,19094.62,0.3919508786176123,2023,9,Sep,Q3
SO02768,2023-03-22,West,Mumbai,Consumer,Retail Store,Office Supplies,Binders,P10084,C1232,7,867.51,0.1323,5269.42,2936.44,2332.99,0.44274132636988506,2023,3,Mar,Q1
SO02769,2024-11-25,East,Bhubaneswar,Home Office,Distributor,Technology,Printers,P10016,C1132,2,28595.8,0.2915,40521.36,25471.3,15050.06,0.37141053508569305,2024,11,Nov,Q4
SO02770,2025-12-22,East,Bhubaneswar,Home Office,Online,Furniture,Bookcases,P10050,C1085,8,8787.38,0.4883,35971.14,26954.9,9016.24,0.25065205050493256,2025,12,Dec,Q4
SO02771,2024-07-08,West,Ahmedabad,Home Office,Retail Store,Technology,Laptops,P10052,C1245,6,10891.58,0.2063,51869.75,33837.14,18032.61,0.3476517623470327,2024,7,Jul,Q3
SO02772,2024-03-08,East,Patna,Consumer,Online,Technology,Printers,P10080,C1550,6,34471.45,0.1231,181361.51,121954.02,59407.49,0.32756393569947667,2024,3,Mar,Q1
SO02773,2023-01-26,West,Pune,Consumer,Online,Furniture,Bookcases,P10084,C1105,9,9166.78,0.3356,54809.95,41031.57,13778.38,0.2513846482253678,2023,1,Jan,Q1
SO02774,2023-03-18,West,Pune,Corporate,Retail Store,Technology,Printers,P10046,C1225,9,21733.0,0.1968,157102.14,104084.35,53017.79,0.33747337878401906,2023,3,Mar,Q1
SO02775,2025-04-14,East,Kolkata,Consumer,Online,Technology,Accessories,P10048,C1334,3,23922.8,0.2779,51821.94,35499.78,16322.16,0.31496620929282076,2025,4,Apr,Q2
SO02776,2023-11-27,Central,Nagpur,Corporate,Online,Office Supplies,Envelopes,P10095,C1360,5,967.57,0.0685,4506.53,2705.08,1801.45,0.3997421519439569,2023,11,Nov,Q4
SO02777,2023-09-29,North,Jaipur,Corporate,Online,Technology,Laptops,P10066,C1554,4,30271.62,0.1633,101309.77,71774.14,29535.64,0.2915379237362793,2023,9,Sep,Q3
SO02778,2023-04-30,West,Ahmedabad,Consumer,Online,Technology,Printers,P10002,C1275,2,19203.74,0.1453,32825.24,21173.99,11651.25,0.35494789984780006,2023,4,Apr,Q2
SO02779,2025-08-26,West,Ahmedabad,Corporate,Online,Technology,Accessories,P10040,C1138,9,27335.48,0.2731,178838.76,104960.21,73878.55,0.41310144400464416,2025,8,Aug,Q3
SO02780,2024-10-14,West,Surat,Corporate,Online,Technology,Phones,P10046,C1072,3,21887.67,0.2318,50444.53,35346.02,15098.5,0.299308963727088,2024,10,Oct,Q4
SO02781,2023-06-20,Central,Nagpur,Consumer,Retail Store,Office Supplies,Paper,P10035,C1437,3,1163.09,0.2613,2577.45,1434.44,1143.01,0.4434654406487032,2023,6,Jun,Q2
SO02782,2024-11-06,North,Chandigarh,Corporate,Online,Technology,Printers,P10094,C1507,7,16378.84,0.2857,81891.61,58175.97,23715.64,0.2895979209591801,2024,11,Nov,Q4
SO02783,2023-08-01,South,Bengaluru,Home Office,Online,Office Supplies,Pens,P10086,C1538,5,684.19,0.1376,2950.08,1327.54,1622.55,0.55000203384315,2023,8,Aug,Q3
SO02784,2024-05-12,South,Kochi,Home Office,Retail Store,Furniture,Storage,P10097,C1590,9,8863.48,0.346,52167.36,36228.08,15939.28,0.3055412426467431,2024,5,May,Q2
SO02785,2023-06-12,North,Jaipur,Corporate,Online,Office Supplies,Paper,P10046,C1291,4,893.72,0.2839,2559.85,1486.48,1073.37,0.41930972517920967,2023,6,Jun,Q2
SO02786,2024-08-20,South,Hyderabad,Corporate,Retail Store,Furniture,Tables,P10010,C1285,9,10672.3,0.302,67040.68,45973.86,21066.81,0.31423920521092574,2024,8,Aug,Q3
SO02787,2023-12-01,Central,Bhopal,Consumer,Retail Store,Technology,Phones,P10030,C1405,5,30004.83,0.3284,100749.48,68664.34,32085.14,0.3184645717278144,2023,12,Dec,Q4
SO02788,2023-02-12,West,Mumbai,Corporate,Online,Technology,Accessories,P10056,C1025,1,19081.99,0.0911,17343.23,11036.1,6307.13,0.36366524574718784,2023,2,Feb,Q1
SO02789,2024-05-27,West,Pune,Consumer,Retail Store,Furniture,Chairs,P10035,C1184,8,12572.66,0.1576,84724.7,64009.27,20715.44,0.24450296076586875,2024,5,May,Q2
SO02790,2025-05-21,Central,Nagpur,Corporate,Online,Office Supplies,Pens,P10074,C1599,10,690.13,0.2534,5152.5,3285.68,1866.81,0.36231149927219797,2025,5,May,Q2
SO02791,2024-07-02,Central,Raipur,Consumer,Distributor,Technology,Phones,P10094,C1180,10,12171.24,0.158,102479.21,66279.18,36200.04,0.3532427699237728,2024,7,Jul,Q3
SO02792,2024-08-20,West,Pune,Consumer,Online,Furniture,Tables,P10023,C1305,10,6351.68,0.2865,45321.93,31653.02,13668.91,0.3015959382135756,2024,8,Aug,Q3
SO02793,2024-12-28,West,Surat,Consumer,Online,Furniture,Storage,P10080,C1072,1,7476.29,0.2896,5311.01,3891.94,1419.06,0.2671921160005347,2024,12,Dec,Q4
SO02794,2025-09-08,West,Pune,Home Office,Retail Store,Technology,Laptops,P10010,C1131,2,27497.77,0.1284,47935.26,35490.46,12444.81,0.2596170334738979,2025,9,Sep,Q3
SO02795,2024-06-28,South,Hyderabad,Consumer,Online,Technology,Phones,P10082,C1158,9,19311.26,0.4112,102327.04,64643.08,37683.96,0.36826981411755877,2024,6,Jun,Q2
SO02796,2024-06-30,South,Hyderabad,Consumer,Online,Technology,Laptops,P10051,C1473,4,18337.45,0.106,65572.26,42197.01,23375.25,0.3564807740346299,2024,6,Jun,Q2
SO02797,2023-06-25,Central,Bhopal,Consumer,Online,Office Supplies,Pens,P10010,C1099,7,1219.26,0.5039,4234.41,2504.78,1729.64,0.4084724908546882,2023,6,Jun,Q2
SO02798,2023-07-28,South,Chennai,Corporate,Online,Technology,Phones,P10006,C1248,10,21616.23,0.2671,158419.61,93458.94,64960.67,0.41005447494789315,2023,7,Jul,Q3
SO02799,2024-06-09,Central,Raipur,Consumer,Online,Furniture,Bookcases,P10030,C1188,5,5777.5,0.2038,23000.58,18186.71,4813.87,0.20929341781815936,2024,6,Jun,Q2
SO02800,2025-06-05,West,Ahmedabad,Home Office,Online,Office Supplies,Pens,P10026,C1469,8,773.8,0.3518,4012.72,2001.98,2010.74,0.5010915289379773,2025,6,Jun,Q2
SO02801,2025-08-14,West,Ahmedabad,Consumer,Online,Technology,Phones,P10066,C1026,6,30481.16,0.3376,121147.22,82349.81,38797.41,0.32025010561530015,2025,8,Aug,Q3
SO02802,2024-12-17,South,Hyderabad,Consumer,Online,Furniture,Storage,P10037,C1266,6,8401.68,0.3575,32390.93,22543.93,9847.0,0.3040048556802784,2024,12,Dec,Q4
SO02803,2025-08-30,West,Ahmedabad,Consumer,Online,Technology,Phones,P10022,C1121,5,30683.18,0.0911,139439.39,78661.71,60777.68,0.4358716715556486,2025,8,Aug,Q3
SO02804,2023-06-02,South,Kochi,Home Office,Distributor,Technology,Printers,P10005,C1518,1,17719.29,0.23,13644.1,8089.9,5554.2,0.40707705161938124,2023,6,Jun,Q2
SO02805,2025-10-07,South,Bengaluru,Corporate,Retail Store,Technology,Phones,P10040,C1419,6,24113.62,0.264,106478.58,73575.16,32903.41,0.3090143576294876,2025,10,Oct,Q4
SO02806,2025-07-07,West,Surat,Corporate,Online,Furniture,Tables,P10021,C1097,2,8849.43,0.2032,14102.28,9553.45,4548.83,0.32255989811576563,2025,7,Jul,Q3
SO02807,2024-02-04,Central,Bhopal,Consumer,Online,Office Supplies,Envelopes,P10093,C1199,2,393.27,0.1707,652.3,357.96,294.34,0.45123409474168324,2024,2,Feb,Q1
SO02808,2024-02-05,Central,Bhopal,Home Office,Distributor,Furniture,Chairs,P10028,C1419,7,9767.54,0.5083,33617.29,25616.26,8001.03,0.23800342026379875,2024,2,Feb,Q1
SO02809,2024-07-23,South,Chennai,Consumer,Distributor,Furniture,Storage,P10083,C1481,4,9625.22,0.4227,22225.12,15630.42,6594.7,0.2967228073459221,2024,7,Jul,Q3
SO02810,2024-02-08,South,Hyderabad,Consumer,Retail Store,Furniture,Storage,P10043,C1585,2,7675.65,0.1192,13521.89,9766.34,3755.55,0.27773854098798323,2024,2,Feb,Q1
SO02811,2023-07-13,North,Lucknow,Consumer,Retail Store,Office Supplies,Pens,P10009,C1256,7,1237.67,0.1888,7028.2,4124.88,2903.32,0.41309581400643125,2023,7,Jul,Q3
SO02812,2023-04-29,East,Guwahati,Home Office,Distributor,Technology,Phones,P10073,C1121,9,44012.77,0.0486,376851.16,260651.69,116199.47,0.3083431400343839,2023,4,Apr,Q2
SO02813,2024-07-28,Central,Bhopal,Corporate,Online,Technology,Printers,P10091,C1249,1,27385.03,0.1847,22327.4,14471.09,7856.31,0.35186855612386575,2024,7,Jul,Q3
SO02814,2025-11-25,East,Kolkata,Consumer,Retail Store,Technology,Phones,P10061,C1036,9,28803.59,0.1441,221882.63,150042.01,71840.62,0.3237775755587537,2025,11,Nov,Q4
SO02815,2023-09-27,South,Hyderabad,Corporate,Distributor,Technology,Accessories,P10097,C1035,9,17455.85,0.0555,148377.29,104926.16,43451.13,0.29284218629414244,2023,9,Sep,Q3
SO02816,2025-01-10,Central,Bhopal,Consumer,Retail Store,Office Supplies,Binders,P10013,C1218,4,1123.22,0.1185,3960.46,2328.07,1632.39,0.41217181842513245,2025,1,Jan,Q1
SO02817,2023-05-01,South,Chennai,Consumer,Online,Office Supplies,Pens,P10088,C1009,3,884.7,0.2632,1955.57,1172.94,782.63,0.40020556666342805,2023,5,May,Q2
SO02818,2025-07-11,South,Chennai,Consumer,Online,Office Supplies,Binders,P10027,C1537,3,753.98,0.0843,2071.19,1134.57,936.62,0.4522134618262931,2025,7,Jul,Q3
SO02819,2023-04-27,North,Chandigarh,Home Office,Retail Store,Technology,Laptops,P10075,C1252,10,12797.05,0.2655,93988.75,63270.29,30718.46,0.326831243100903,2023,4,Apr,Q2
SO02820,2023-04-22,North,Lucknow,Consumer,Retail Store,Technology,Printers,P10054,C1398,6,31426.63,0.1944,151903.17,102834.55,49068.62,0.323025648510166,2023,4,Apr,Q2
SO02821,2024-10-22,North,Lucknow,Home Office,Online,Furniture,Bookcases,P10027,C1110,10,5983.31,0.2266,46272.68,36218.77,10053.92,0.21727550684334687,2024,10,Oct,Q4
SO02822,2023-01-16,West,Mumbai,Corporate,Online,Furniture,Chairs,P10005,C1330,5,7296.23,0.4704,19319.81,16175.17,3144.64,0.16276764626567236,2023,1,Jan,Q1
SO02823,2025-11-10,South,Kochi,Consumer,Online,Office Supplies,Binders,P10060,C1466,10,1063.21,0.2778,7678.64,3948.32,3730.32,0.485804777929425,2025,11,Nov,Q4
SO02824,2024-03-13,East,Bhubaneswar,Corporate,Online,Office Supplies,Paper,P10097,C1290,9,1367.56,0.2503,9227.15,5048.16,4178.99,0.4529014917932406,2024,3,Mar,Q1
SO02825,2025-06-12,Central,Nagpur,Consumer,Online,Technology,Printers,P10006,C1261,3,39657.68,0.0971,107416.62,76813.69,30602.92,0.2848993014302628,2025,6,Jun,Q2
SO02826,2024-10-06,East,Bhubaneswar,Consumer,Online,Office Supplies,Envelopes,P10070,C1236,1,766.56,0.1253,670.51,406.1,264.41,0.3943416205574861,2024,10,Oct,Q4
SO02827,2024-05-21,South,Bengaluru,Consumer,Retail Store,Office Supplies,Envelopes,P10014,C1051,7,1187.91,0.0502,7897.65,4487.22,3410.43,0.4318284552999943,2024,5,May,Q2
SO02828,2023-05-14,Central,Raipur,Consumer,Online,Technology,Laptops,P10023,C1119,1,25205.38,0.1525,21360.75,14094.72,7266.03,0.34015800007022223,2023,5,May,Q2
SO02829,2023-11-27,North,Jaipur,Home Office,Distributor,Furniture,Chairs,P10055,C1441,5,6802.52,0.2015,27160.47,19123.46,8037.01,0.2959083550468751,2023,11,Nov,Q4
SO02830,2024-04-26,North,Jaipur,Corporate,Online,Office Supplies,Paper,P10049,C1589,2,1071.22,0.2633,1578.39,974.1,604.29,0.3828521468078231,2024,4,Apr,Q2
SO02831,2024-12-31,Central,Nagpur,Consumer,Online,Furniture,Bookcases,P10075,C1045,3,14567.19,0.55,19665.71,13820.8,5844.91,0.2972132712218374,2024,12,Dec,Q4
SO02832,2025-04-15,South,Kochi,Corporate,Distributor,Office Supplies,Envelopes,P10002,C1107,5,1314.32,0.1536,5562.28,3191.16,2371.12,0.4262856238808546,2025,4,Apr,Q2
SO02833,2024-03-31,East,Kolkata,Home Office,Online,Office Supplies,Pens,P10051,C1548,1,727.92,0.55,327.56,191.43,136.13,0.4155879838808157,2024,3,Mar,Q1
SO02834,2025-03-25,West,Ahmedabad,Corporate,Online,Technology,Accessories,P10037,C1433,3,14877.0,0.106,39900.65,27611.98,12288.67,0.307981699546248,2025,3,Mar,Q1
SO02835,2025-04-03,West,Surat,Corporate,Online,Office Supplies,Envelopes,P10021,C1451,9,1036.29,0.1987,7473.66,4433.33,3040.33,0.4068060361322297,2025,4,Apr,Q2
SO02836,2023-11-03,North,Chandigarh,Corporate,Retail Store,Technology,Accessories,P10071,C1227,9,31467.92,0.1969,227442.01,153867.49,73574.52,0.3234869406931464,2023,11,Nov,Q4
SO02837,2023-10-04,West,Ahmedabad,Corporate,Retail Store,Technology,Phones,P10035,C1007,10,16157.61,0.2699,117961.84,76997.56,40964.28,0.34726721794098836,2023,10,Oct,Q4
SO02838,2024-03-11,South,Bengaluru,Consumer,Online,Technology,Laptops,P10076,C1209,10,9382.16,0.2025,74819.93,44242.38,30577.55,0.4086818846261952,2024,3,Mar,Q1
SO02839,2025-10-28,South,Kochi,Home Office,Online,Technology,Laptops,P10004,C1130,1,31493.7,0.4347,17802.92,11334.99,6467.94,0.36330781691992103,2025,10,Oct,Q4
SO02840,2024-10-27,West,Surat,Consumer,Distributor,Technology,Phones,P10004,C1139,8,23495.55,0.1453,160648.12,103702.08,56946.05,0.3544769151360128,2024,10,Oct,Q4
SO02841,2024-11-10,North,Chandigarh,Corporate,Online,Technology,Laptops,P10076,C1449,7,17233.85,0.55,54286.61,39126.44,15160.17,0.2792616816559369,2024,11,Nov,Q4
SO02842,2024-09-29,North,Delhi,Consumer,Online,Office Supplies,Paper,P10088,C1133,1,711.53,0.3521,461.01,236.5,224.51,0.48699594368885707,2024,9,Sep,Q3
SO02843,2024-11-01,North,Jaipur,Home Office,Online,Furniture,Tables,P10091,C1300,10,9945.84,0.14,85531.39,56306.11,29225.28,0.3416906939078156,2024,11,Nov,Q4
SO02844,2025-01-07,West,Pune,Consumer,Retail Store,Furniture,Chairs,P10068,C1388,6,11011.04,0.0913,60034.48,45311.7,14722.78,0.24523873613963176,2025,1,Jan,Q1
SO02845,2023-12-23,South,Hyderabad,Consumer,Distributor,Furniture,Bookcases,P10055,C1140,2,12053.93,0.1617,20208.53,15190.49,5018.04,0.24831296487176455,2023,12,Dec,Q4
SO02846,2023-05-06,West,Surat,Consumer,Online,Furniture,Bookcases,P10083,C1557,4,11596.28,0.1171,40951.66,26898.98,14052.68,0.3431528782960202,2023,5,May,Q2
SO02847,2023-05-10,West,Ahmedabad,Corporate,Retail Store,Furniture,Bookcases,P10066,C1587,8,10895.79,0.5232,41559.28,34565.7,6993.59,0.16827986432873718,2023,5,May,Q2
SO02848,2025-11-20,East,Guwahati,Corporate,Retail Store,Technology,Laptops,P10089,C1347,4,22278.49,0.3016,62232.77,39266.47,22966.3,0.36903869135183925,2025,11,Nov,Q4
SO02849,2025-04-01,West,Pune,Corporate,Distributor,Furniture,Tables,P10027,C1191,4,7652.57,0.2773,22122.31,15582.95,6539.37,0.29560068546187085,2025,4,Apr,Q2
SO02850,2025-08-28,East,Kolkata,Consumer,Online,Technology,Laptops,P10056,C1090,4,21877.21,0.1663,72960.39,51585.66,21374.72,0.2929633462759725,2025,8,Aug,Q3
SO02851,2024-06-12,East,Bhubaneswar,Corporate,Distributor,Office Supplies,Binders,P10013,C1424,3,484.65,0.4809,754.74,448.35,306.39,0.405954368391764,2024,6,Jun,Q2
SO02852,2024-05-02,South,Chennai,Corporate,Distributor,Furniture,Tables,P10056,C1395,10,10549.2,0.4328,59833.29,43052.08,16781.22,0.28046627554660625,2024,5,May,Q2
SO02853,2023-02-23,East,Patna,Home Office,Retail Store,Office Supplies,Envelopes,P10084,C1442,8,919.82,0.324,4974.7,3004.8,1969.9,0.3959836774076829,2023,2,Feb,Q1
SO02854,2025-11-25,North,Lucknow,Corporate,Retail Store,Office Supplies,Pens,P10089,C1393,3,869.41,0.332,1742.24,993.61,748.64,0.42969969694186794,2025,11,Nov,Q4
SO02855,2024-01-16,Central,Nagpur,Corporate,Retail Store,Technology,Phones,P10035,C1242,2,39021.07,0.3675,49364.37,31886.27,17478.1,0.3540630620830368,2024,1,Jan,Q1
SO02856,2023-04-16,South,Kochi,Home Office,Online,Furniture,Bookcases,P10089,C1562,9,4525.39,0.1902,32980.06,25450.8,7529.27,0.22829764409161174,2023,4,Apr,Q2
SO02857,2023-03-02,Central,Raipur,Corporate,Online,Office Supplies,Binders,P10028,C1542,1,869.66,0.0932,788.6,466.95,321.65,0.4078747146842505,2023,3,Mar,Q1
SO02858,2023-11-25,East,Bhubaneswar,Corporate,Online,Office Supplies,Pens,P10054,C1416,3,734.69,0.4922,1119.28,552.85,566.43,0.5060663998284611,2023,11,Nov,Q4
SO02859,2025-07-09,Central,Bhopal,Consumer,Online,Office Supplies,Binders,P10044,C1360,7,1021.32,0.2862,5102.95,3127.25,1975.7,0.3871682066255793,2025,7,Jul,Q3
SO02860,2025-10-22,East,Kolkata,Home Office,Online,Technology,Accessories,P10027,C1524,10,22763.62,0.2295,175402.63,128591.49,46811.14,0.26687821043504306,2025,10,Oct,Q4
SO02861,2025-08-21,South,Bengaluru,Consumer,Retail Store,Furniture,Bookcases,P10083,C1513,4,8790.31,0.0863,32127.96,23723.75,8404.21,0.26158554729276307,2025,8,Aug,Q3
SO02862,2025-06-16,West,Ahmedabad,Consumer,Retail Store,Furniture,Tables,P10036,C1149,1,10209.6,0.55,4594.32,3699.91,894.41,0.1946773407163628,2025,6,Jun,Q2
SO02863,2024-01-01,South,Hyderabad,Corporate,Online,Technology,Laptops,P10073,C1185,4,17046.88,0.435,38522.86,24539.04,13983.82,0.3630005664169275,2024,1,Jan,Q1
SO02864,2025-07-03,North,Chandigarh,Corporate,Retail Store,Technology,Printers,P10082,C1362,3,25080.29,0.2738,54636.71,34950.43,19686.28,0.3603123248087229,2025,7,Jul,Q3
SO02865,2025-05-31,West,Surat,Consumer,Distributor,Furniture,Storage,P10057,C1276,1,7697.44,0.2488,5782.58,4318.88,1463.7,0.25312230872724634,2025,5,May,Q2
SO02866,2025-08-23,Central,Raipur,Consumer,Retail Store,Office Supplies,Binders,P10100,C1476,8,1080.7,0.0267,8414.36,5616.73,2797.63,0.33248280320784945,2025,8,Aug,Q3
SO02867,2023-04-01,West,Surat,Home Office,Online,Technology,Laptops,P10079,C1034,9,30197.05,0.2009,217183.66,140837.59,76346.07,0.3515276885931474,2023,4,Apr,Q2
SO02868,2024-07-09,West,Mumbai,Consumer,Online,Technology,Laptops,P10007,C1340,6,18294.8,0.1501,93294.95,58621.32,34673.63,0.3716560221105215,2024,7,Jul,Q3
SO02869,2023-10-15,East,Kolkata,Consumer,Online,Furniture,Tables,P10080,C1278,1,6131.1,0.2299,4721.32,3412.93,1308.39,0.27712377047097003,2023,10,Oct,Q4
SO02870,2023-07-18,Central,Bhopal,Consumer,Online,Office Supplies,Paper,P10019,C1228,6,1240.19,0.2647,5471.42,3191.48,2279.94,0.416699869503712,2023,7,Jul,Q3
SO02871,2023-07-05,East,Guwahati,Corporate,Online,Furniture,Bookcases,P10082,C1098,5,8511.81,0.179,34940.71,21666.56,13274.15,0.3799049876204576,2023,7,Jul,Q3
SO02872,2023-11-12,Central,Indore,Consumer,Retail Store,Office Supplies,Binders,P10070,C1071,2,773.28,0.3501,1005.04,620.46,384.59,0.38266138661147814,2023,11,Nov,Q4
SO02873,2023-02-28,Central,Nagpur,Consumer,Retail Store,Office Supplies,Envelopes,P10064,C1329,4,803.8,0.0551,3038.02,1629.62,1408.4,0.46359141809468013,2023,2,Feb,Q1
SO02874,2023-08-14,Central,Bhopal,Consumer,Distributor,Technology,Accessories,P10024,C1074,7,16291.8,0.1188,100492.9,68826.74,31666.16,0.3151084305458396,2023,8,Aug,Q3
SO02875,2024-08-03,East,Patna,Consumer,Retail Store,Furniture,Tables,P10047,C1478,3,10915.0,0.0964,29588.33,19151.97,10436.36,0.3527187914965123,2024,8,Aug,Q3
SO02876,2024-06-24,West,Ahmedabad,Home Office,Online,Furniture,Tables,P10005,C1221,9,12577.5,0.2232,87936.75,66197.05,21739.7,0.2472197346388171,2024,6,Jun,Q2
SO02877,2023-09-23,East,Guwahati,Corporate,Retail Store,Technology,Laptops,P10011,C1296,2,29327.92,0.2196,45777.3,35575.91,10201.38,0.22284800545248407,2023,9,Sep,Q3
SO02878,2024-11-22,Central,Bhopal,Home Office,Online,Technology,Accessories,P10016,C1203,3,27169.71,0.1797,66860.72,42376.09,24484.64,0.3662036544027644,2024,11,Nov,Q4
SO02879,2023-01-11,East,Patna,Corporate,Online,Furniture,Chairs,P10089,C1327,6,9512.41,0.5034,28344.01,18674.41,9669.61,0.3411517989162437,2023,1,Jan,Q1
SO02880,2025-02-14,Central,Bhopal,Home Office,Retail Store,Office Supplies,Envelopes,P10060,C1410,5,670.93,0.3114,2309.97,1472.61,837.35,0.36249388520197234,2025,2,Feb,Q1
SO02881,2023-06-13,East,Patna,Consumer,Online,Office Supplies,Binders,P10043,C1507,6,832.62,0.3009,3492.76,2050.79,1441.97,0.4128454288299224,2023,6,Jun,Q2
SO02882,2023-04-22,East,Kolkata,Home Office,Online,Office Supplies,Pens,P10047,C1528,4,972.66,0.3383,2574.29,1204.97,1369.33,0.5319253075605312,2023,4,Apr,Q2
SO02883,2024-07-11,Central,Bhopal,Consumer,Online,Technology,Printers,P10007,C1374,9,19087.16,0.0642,160753.64,114073.67,46679.97,0.2903820404937642,2024,7,Jul,Q3
SO02884,2024-01-03,West,Ahmedabad,Corporate,Retail Store,Office Supplies,Binders,P10040,C1382,9,702.13,0.3624,4029.0,2115.16,1913.85,0.47501861504095305,2024,1,Jan,Q1
SO02885,2024-12-26,East,Kolkata,Consumer,Online,Technology,Accessories,P10068,C1033,2,15368.76,0.2505,23038.3,14216.34,8821.96,0.38292582351996457,2024,12,Dec,Q4
SO02886,2023-01-06,East,Guwahati,Home Office,Distributor,Office Supplies,Paper,P10088,C1555,1,742.9,0.213,584.68,399.35,185.32,0.3169597044537183,2023,1,Jan,Q1
SO02887,2023-01-12,East,Kolkata,Consumer,Online,Technology,Phones,P10054,C1244,6,34465.21,0.124,181154.47,126643.63,54510.84,0.30090805929326503,2023,1,Jan,Q1
SO02888,2023-11-03,South,Chennai,Home Office,Online,Office Supplies,Pens,P10082,C1485,3,551.26,0.0688,1539.96,860.24,679.72,0.4413880880022858,2023,11,Nov,Q4
SO02889,2025-04-28,West,Ahmedabad,Corporate,Online,Office Supplies,Pens,P10049,C1332,6,1132.18,0.4394,3808.53,1980.57,1827.96,0.47996471079392833,2025,4,Apr,Q2
SO02890,2025-07-07,South,Chennai,Consumer,Distributor,Furniture,Bookcases,P10071,C1206,3,10700.22,0.4279,18364.97,14135.66,4229.31,0.2302922357074365,2025,7,Jul,Q3
SO02891,2023-07-29,West,Ahmedabad,Corporate,Retail Store,Office Supplies,Paper,P10013,C1075,10,934.69,0.239,7112.71,4599.01,2513.7,0.35340960056012405,2023,7,Jul,Q3
SO02892,2024-08-16,North,Jaipur,Corporate,Online,Furniture,Chairs,P10060,C1393,7,10273.95,0.2022,57376.86,43208.84,14168.01,0.24692898844586475,2024,8,Aug,Q3
SO02893,2025-02-17,East,Kolkata,Corporate,Online,Technology,Accessories,P10099,C1202,5,27240.59,0.55,61291.32,44061.4,17229.93,0.2811153357441152,2025,2,Feb,Q1
SO02894,2025-09-15,North,Jaipur,Consumer,Online,Furniture,Bookcases,P10028,C1096,9,6480.01,0.1497,49590.27,35979.2,13611.06,0.27447037493443777,2025,9,Sep,Q3
SO02895,2023-11-01,South,Chennai,Consumer,Online,Office Supplies,Pens,P10030,C1245,4,876.11,0.2178,2741.28,1703.56,1037.73,0.3785567326212572,2023,11,Nov,Q4
SO02896,2024-11-12,North,Delhi,Consumer,Retail Store,Furniture,Chairs,P10041,C1433,8,10307.28,0.174,68112.5,50012.5,18100.0,0.2657368324463204,2024,11,Nov,Q4
SO02897,2024-02-06,North,Jaipur,Home Office,Distributor,Technology,Phones,P10091,C1071,2,15956.76,0.0948,28889.25,20876.24,8013.01,0.27736995595247366,2024,2,Feb,Q1
SO02898,2024-03-20,Central,Indore,Corporate,Retail Store,Technology,Phones,P10034,C1149,2,19046.47,0.3138,26140.23,16999.01,9141.22,0.34969929491821605,2024,3,Mar,Q1
SO02899,2025-11-18,East,Kolkata,Consumer,Distributor,Furniture,Bookcases,P10017,C1282,1,6193.52,0.407,3672.53,2843.02,829.51,0.2258688152309171,2025,11,Nov,Q4
SO02900,2023-06-12,West,Surat,Corporate,Retail Store,Technology,Accessories,P10078,C1173,8,26793.55,0.1718,177533.4,123468.23,54065.18,0.30453525928078884,2023,6,Jun,Q2
SO02901,2023-01-01,South,Chennai,Consumer,Retail Store,Technology,Printers,P10034,C1547,9,9316.42,0.1827,68526.67,48156.76,20369.91,0.2972552146485449,2023,1,Jan,Q1
SO02902,2023-06-26,East,Patna,Consumer,Online,Technology,Printers,P10038,C1211,6,18410.36,0.55,49707.97,31221.01,18486.97,0.37191158681394554,2023,6,Jun,Q2
SO02903,2024-04-12,Central,Bhopal,Corporate,Online,Technology,Laptops,P10087,C1446,4,27287.18,0.1153,96559.93,62159.73,34400.2,0.35625750764318076,2024,4,Apr,Q2
SO02904,2024-09-02,West,Mumbai,Consumer,Online,Technology,Accessories,P10083,C1528,2,23011.27,0.3962,27786.64,19727.51,8059.13,0.29003614686770335,2024,9,Sep,Q3
SO02905,2023-06-23,North,Chandigarh,Consumer,Retail Store,Technology,Phones,P10059,C1042,6,26158.56,0.3189,106895.94,68668.12,38227.82,0.3576171368154861,2023,6,Jun,Q2
SO02906,2024-08-19,South,Bengaluru,Consumer,Retail Store,Furniture,Storage,P10077,C1178,8,6961.49,0.3823,34401.72,24915.39,9486.32,0.27575132871263414,2024,8,Aug,Q3
SO02907,2023-10-17,East,Guwahati,Consumer,Retail Store,Technology,Printers,P10012,C1126,1,11901.7,0.2253,9220.12,5598.89,3621.23,0.39275302273723117,2023,10,Oct,Q4
SO02908,2023-09-25,West,Mumbai,Corporate,Distributor,Office Supplies,Binders,P10081,C1376,2,788.08,0.2142,1238.61,761.12,477.49,0.3855047189995237,2023,9,Sep,Q3
SO02909,2025-06-28,West,Ahmedabad,Consumer,Retail Store,Technology,Accessories,P10075,C1009,4,2772.31,0.0933,10054.15,5382.93,4671.22,0.4646061576562912,2025,6,Jun,Q2
SO02910,2025-04-27,East,Bhubaneswar,Consumer,Retail Store,Technology,Accessories,P10055,C1326,7,12986.86,0.2556,67668.1,48530.41,19137.69,0.282817014220881,2025,4,Apr,Q2
SO02911,2023-11-06,South,Hyderabad,Consumer,Online,Technology,Accessories,P10089,C1103,5,29006.33,0.3615,92599.0,58953.38,33645.63,0.3633476603419043,2023,11,Nov,Q4
SO02912,2023-05-22,North,Chandigarh,Home Office,Online,Furniture,Chairs,P10085,C1388,2,11361.02,0.55,10224.92,7028.26,3196.66,0.312634230879068,2023,5,May,Q2
SO02913,2024-05-29,West,Surat,Home Office,Online,Furniture,Bookcases,P10061,C1413,9,7044.11,0.3253,42772.64,31560.98,11211.66,0.26212223514845,2024,5,May,Q2
SO02914,2023-11-13,South,Chennai,Home Office,Online,Office Supplies,Pens,P10070,C1447,3,821.16,0.2878,1754.45,954.31,800.14,0.45606315369489014,2023,11,Nov,Q4
SO02915,2025-12-27,East,Bhubaneswar,Corporate,Online,Technology,Laptops,P10061,C1009,9,17491.3,0.2121,124038.75,83537.74,40501.01,0.326519011196098,2025,12,Dec,Q4
SO02916,2025-12-06,East,Guwahati,Corporate,Online,Furniture,Storage,P10016,C1433,2,4193.33,0.2733,6094.79,4444.23,1650.56,0.2708149091273038,2025,12,Dec,Q4
SO02917,2025-05-20,West,Pune,Consumer,Distributor,Technology,Accessories,P10006,C1095,5,19870.88,0.0759,91816.24,63856.6,27959.65,0.3045174796964023,2025,5,May,Q2
SO02918,2025-08-11,West,Mumbai,Home Office,Online,Office Supplies,Envelopes,P10062,C1488,9,993.93,0.534,4168.1,2168.69,1999.41,0.4796933854753964,2025,8,Aug,Q3
SO02919,2024-11-28,West,Surat,Corporate,Online,Furniture,Tables,P10050,C1317,1,5397.01,0.4383,3031.34,2324.79,706.55,0.23308173942876745,2024,11,Nov,Q4
SO02920,2025-08-16,Central,Nagpur,Consumer,Retail Store,Furniture,Tables,P10053,C1592,8,6972.17,0.3091,38534.37,24618.78,13915.59,0.3611215130804007,2025,8,Aug,Q3
SO02921,2024-02-13,West,Mumbai,Consumer,Online,Technology,Accessories,P10066,C1296,7,24464.8,0.1846,139643.71,90864.58,48779.13,0.3493113295256908,2024,2,Feb,Q1
SO02922,2023-04-13,East,Guwahati,Corporate,Online,Technology,Accessories,P10058,C1236,8,30259.01,0.3746,151380.16,111429.98,39950.18,0.2639063137467948,2023,4,Apr,Q2
SO02923,2025-12-10,South,Hyderabad,Consumer,Retail Store,Furniture,Storage,P10065,C1106,6,11904.11,0.2011,57057.89,38325.1,18732.79,0.32831200032107744,2025,12,Dec,Q4
SO02924,2024-05-01,East,Patna,Consumer,Retail Store,Technology,Accessories,P10039,C1117,6,32862.08,0.14,169570.33,109412.87,60157.46,0.35476406751110295,2024,5,May,Q2
SO02925,2025-02-28,South,Chennai,Home Office,Retail Store,Office Supplies,Binders,P10092,C1151,9,764.21,0.1528,5826.89,3741.64,2085.24,0.35786500174192404,2025,2,Feb,Q1
SO02926,2024-05-17,West,Surat,Home Office,Retail Store,Office Supplies,Pens,P10002,C1232,10,895.62,0.1473,7637.23,4884.05,2753.18,0.3604945772223699,2024,5,May,Q2
SO02927,2025-09-15,Central,Bhopal,Consumer,Online,Office Supplies,Envelopes,P10002,C1041,5,654.22,0.1664,2726.77,1515.45,1211.32,0.44423255353403474,2025,9,Sep,Q3
SO02928,2023-10-17,South,Bengaluru,Consumer,Retail Store,Furniture,Bookcases,P10027,C1430,7,6808.48,0.2837,34139.63,26149.17,7990.46,0.23405233155719615,2023,10,Oct,Q4
SO02929,2023-06-08,West,Mumbai,Consumer,Retail Store,Technology,Laptops,P10100,C1522,3,25702.51,0.1622,64603.77,40917.43,23686.34,0.36664021310211464,2023,6,Jun,Q2
SO02930,2025-05-18,South,Chennai,Home Office,Distributor,Technology,Laptops,P10011,C1260,8,15365.3,0.4866,63104.44,43730.8,19373.64,0.30700914230440834,2025,5,May,Q2
SO02931,2025-08-17,North,Chandigarh,Consumer,Distributor,Technology,Laptops,P10004,C1278,7,15373.44,0.3635,68495.84,43174.51,25321.33,0.3696769030060804,2025,8,Aug,Q3
SO02932,2025-10-01,Central,Bhopal,Consumer,Online,Furniture,Bookcases,P10005,C1228,7,9487.75,0.4638,35609.92,25640.9,9969.01,0.2799503621462784,2025,10,Oct,Q4
SO02933,2023-07-12,West,Ahmedabad,Consumer,Retail Store,Office Supplies,Binders,P10052,C1389,3,1254.14,0.0803,3460.27,2067.74,1392.54,0.4024368040644227,2023,7,Jul,Q3
SO02934,2025-01-07,South,Bengaluru,Corporate,Online,Furniture,Storage,P10086,C1276,5,6850.2,0.4968,17235.76,11899.1,5336.66,0.3096271936949691,2025,1,Jan,Q1
SO02935,2023-03-28,East,Kolkata,Home Office,Retail Store,Office Supplies,Paper,P10024,C1225,7,1014.9,0.4081,4204.68,2506.11,1698.56,0.40396891083269115,2023,3,Mar,Q1
SO02936,2023-05-27,North,Lucknow,Corporate,Distributor,Technology,Accessories,P10100,C1012,8,23644.19,0.1403,162611.6,109272.27,53339.33,0.3280167589520059,2023,5,May,Q2
SO02937,2025-06-13,East,Patna,Home Office,Retail Store,Office Supplies,Paper,P10079,C1447,1,546.77,0.0919,496.51,319.7,176.81,0.3561056172081126,2025,6,Jun,Q2
SO02938,2023-02-08,West,Mumbai,Consumer,Online,Furniture,Chairs,P10074,C1296,6,9234.9,0.2654,40702.77,29720.05,10982.72,0.26982733607565285,2023,2,Feb,Q1
SO02939,2024-06-16,West,Mumbai,Corporate,Retail Store,Furniture,Chairs,P10011,C1345,4,7852.02,0.4248,18065.85,12991.12,5074.72,0.2809012584517197,2024,6,Jun,Q2
SO02940,2023-12-02,East,Patna,Consumer,Retail Store,Technology,Laptops,P10055,C1037,6,18654.71,0.3677,70777.09,47987.82,22789.27,0.3219865354735551,2023,12,Dec,Q4
SO02941,2023-10-19,North,Jaipur,Home Office,Retail Store,Office Supplies,Envelopes,P10033,C1223,10,1281.84,0.2972,9008.58,4936.02,4072.56,0.4520756878442551,2023,10,Oct,Q4
SO02942,2023-02-07,North,Chandigarh,Corporate,Retail Store,Technology,Laptops,P10057,C1288,5,28154.99,0.0921,127807.61,87855.41,39952.21,0.3125964877991224,2023,2,Feb,Q1
SO02943,2025-11-20,Central,Raipur,Home Office,Online,Technology,Accessories,P10047,C1537,9,17995.81,0.1815,132563.15,86470.28,46092.87,0.34770499946629213,2025,11,Nov,Q4
SO02944,2024-12-11,South,Chennai,Home Office,Retail Store,Office Supplies,Paper,P10049,C1248,4,985.63,0.2817,2831.99,1668.31,1163.68,0.4109054057394271,2024,12,Dec,Q4
SO02945,2025-01-18,South,Bengaluru,Consumer,Retail Store,Technology,Phones,P10040,C1058,7,20561.35,0.0813,132233.78,86321.14,45912.64,0.3472081037084473,2025,1,Jan,Q1
SO02946,2024-01-08,West,Pune,Home Office,Retail Store,Technology,Phones,P10052,C1302,4,18737.64,0.4357,42296.87,26121.37,16175.5,0.3824278250376446,2024,1,Jan,Q1
SO02947,2023-01-16,East,Kolkata,Corporate,Distributor,Technology,Printers,P10055,C1376,10,14044.62,0.1249,122897.97,72791.63,50106.34,0.4077068156618046,2023,1,Jan,Q1
SO02948,2025-04-23,Central,Raipur,Consumer,Retail Store,Furniture,Storage,P10028,C1244,9,10036.48,0.3778,56198.42,39656.97,16541.45,0.2943401255764842,2025,4,Apr,Q2
SO02949,2025-08-19,West,Ahmedabad,Home Office,Online,Office Supplies,Binders,P10076,C1259,6,342.62,0.3556,1324.78,717.44,607.35,0.4584534790682227,2025,8,Aug,Q3
SO02950,2024-03-06,West,Pune,Corporate,Online,Office Supplies,Binders,P10079,C1504,1,1083.45,0.3366,718.78,440.9,277.88,0.3865995158462951,2024,3,Mar,Q1
SO02951,2023-08-26,West,Mumbai,Corporate,Retail Store,Technology,Printers,P10020,C1489,3,27922.52,0.3853,51490.33,35144.94,16345.39,0.31744581943832945,2023,8,Aug,Q3
SO02952,2025-02-12,East,Kolkata,Corporate,Retail Store,Office Supplies,Binders,P10021,C1036,2,683.58,0.244,1033.51,551.15,482.36,0.46672020590028157,2025,2,Feb,Q1
SO02953,2025-12-15,East,Guwahati,Home Office,Retail Store,Technology,Accessories,P10002,C1215,6,35240.32,0.368,133640.06,83990.15,49649.9,0.3715195877643276,2025,12,Dec,Q4
SO02954,2024-07-29,North,Lucknow,Consumer,Retail Store,Office Supplies,Envelopes,P10025,C1341,6,1188.58,0.4002,4277.22,2716.92,1560.3,0.36479301976517453,2024,7,Jul,Q3
SO02955,2024-05-10,North,Delhi,Home Office,Distributor,Office Supplies,Envelopes,P10029,C1570,9,1330.95,0.1892,9711.73,5988.38,3723.34,0.38338586431047816,2024,5,May,Q2
SO02956,2024-10-02,Central,Indore,Home Office,Online,Furniture,Tables,P10090,C1222,1,13284.98,0.3085,9186.75,6151.05,3035.7,0.3304433014939995,2024,10,Oct,Q4
SO02957,2025-03-08,East,Guwahati,Corporate,Retail Store,Office Supplies,Envelopes,P10096,C1577,8,644.99,0.2581,3828.17,2188.44,1639.73,0.4283325975596695,2025,3,Mar,Q1
SO02958,2023-12-02,South,Chennai,Consumer,Online,Technology,Phones,P10028,C1273,9,11810.08,0.2452,80224.09,52494.0,27730.09,0.3456578940315808,2023,12,Dec,Q4
SO02959,2023-02-05,Central,Bhopal,Consumer,Online,Technology,Laptops,P10074,C1282,2,10012.06,0.1648,16723.75,10870.31,5853.44,0.35000762388818296,2023,2,Feb,Q1
SO02960,2024-07-27,West,Surat,Consumer,Online,Furniture,Storage,P10057,C1421,5,11076.72,0.1802,45403.15,34049.85,11353.31,0.25005555781922617,2024,7,Jul,Q3
SO02961,2023-09-10,West,Surat,Home Office,Retail Store,Furniture,Chairs,P10055,C1234,1,9062.59,0.3473,5915.29,4082.46,1832.84,0.30984786882807097,2023,9,Sep,Q3
SO02962,2024-05-07,South,Bengaluru,Consumer,Online,Office Supplies,Paper,P10070,C1124,8,1066.59,0.3269,5743.46,3634.62,2108.83,0.3671706601943776,2024,5,May,Q2
SO02963,2024-09-06,West,Mumbai,Corporate,Online,Technology,Printers,P10092,C1292,10,24698.96,0.1029,221563.86,131887.76,89676.1,0.40474154945666685,2024,9,Sep,Q3
SO02964,2025-02-03,West,Mumbai,Consumer,Retail Store,Technology,Accessories,P10045,C1370,7,33734.99,0.3765,147235.4,95106.86,52128.54,0.3540489583347483,2025,2,Feb,Q1
SO02965,2024-12-17,West,Pune,Consumer,Online,Office Supplies,Paper,P10027,C1498,7,944.39,0.2086,5231.69,2795.45,2436.24,0.4656697931261218,2024,12,Dec,Q4
SO02966,2025-09-29,Central,Bhopal,Corporate,Online,Technology,Laptops,P10052,C1091,7,24723.85,0.1167,152870.3,106642.39,46227.91,0.3023995504685999,2025,9,Sep,Q3
SO02967,2024-10-02,East,Bhubaneswar,Consumer,Online,Furniture,Bookcases,P10034,C1130,7,5859.04,0.2261,31738.37,23073.45,8664.93,0.27301118488441595,2024,10,Oct,Q4
SO02968,2023-02-18,North,Delhi,Home Office,Retail Store,Furniture,Chairs,P10084,C1086,4,7252.05,0.2635,21365.05,13709.13,7655.92,0.35833850143107554,2023,2,Feb,Q1
SO02969,2023-10-23,North,Lucknow,Corporate,Retail Store,Office Supplies,Pens,P10085,C1425,7,817.75,0.2394,4354.06,2464.94,1889.12,0.4338755092947731,2023,10,Oct,Q4
SO02970,2025-07-21,South,Hyderabad,Corporate,Online,Furniture,Storage,P10066,C1560,8,7146.67,0.2154,44859.57,32980.24,11879.33,0.2648114995306464,2025,7,Jul,Q3
SO02971,2023-10-29,West,Mumbai,Consumer,Retail Store,Technology,Laptops,P10021,C1133,9,23745.5,0.2523,159787.4,125758.72,34028.68,0.2129622235545481,2023,10,Oct,Q4
SO02972,2023-03-27,West,Mumbai,Corporate,Retail Store,Furniture,Chairs,P10075,C1353,4,9642.32,0.299,27036.74,20033.93,7002.81,0.2590108866675494,2023,3,Mar,Q1
SO02973,2025-01-25,West,Pune,Consumer,Distributor,Office Supplies,Paper,P10042,C1368,1,780.73,0.3692,492.51,304.28,188.23,0.38218513329678583,2025,1,Jan,Q1
SO02974,2025-08-03,West,Mumbai,Corporate,Online,Technology,Printers,P10093,C1386,8,17403.94,0.1699,115577.02,78978.19,36598.83,0.3166618242969061,2025,8,Aug,Q3
SO02975,2025-05-27,West,Ahmedabad,Consumer,Online,Technology,Laptops,P10002,C1116,2,21353.68,0.3023,29798.14,20355.12,9443.02,0.31689964541410975,2025,5,May,Q2
SO02976,2025-06-17,South,Bengaluru,Corporate,Retail Store,Technology,Printers,P10013,C1555,6,20194.62,0.2905,85965.18,60214.26,25750.92,0.29955058548123786,2025,6,Jun,Q2
SO02977,2023-07-28,North,Jaipur,Consumer,Online,Technology,Printers,P10030,C1195,3,14668.8,0.2236,34164.94,22208.98,11955.96,0.3499482217735491,2023,7,Jul,Q3
SO02978,2023-01-01,West,Surat,Consumer,Retail Store,Office Supplies,Binders,P10071,C1090,7,731.2,0.3602,3274.5,1993.74,1280.77,0.39113452435486334,2023,1,Jan,Q1
SO02979,2024-08-07,East,Kolkata,Home Office,Retail Store,Technology,Laptops,P10086,C1040,1,15755.87,0.55,7090.14,4718.86,2371.29,0.334448967157207,2024,8,Aug,Q3
SO02980,2025-11-18,East,Patna,Corporate,Online,Office Supplies,Pens,P10064,C1015,6,1194.95,0.1558,6052.98,3732.61,2320.37,0.38334341101407904,2025,11,Nov,Q4
SO02981,2024-12-25,East,Kolkata,Home Office,Retail Store,Office Supplies,Pens,P10086,C1120,5,852.63,0.1172,3763.73,2230.05,1533.67,0.40748672194870517,2024,12,Dec,Q4
SO02982,2024-10-03,West,Mumbai,Consumer,Retail Store,Technology,Accessories,P10005,C1558,2,26896.13,0.3054,37363.74,23804.22,13559.52,0.3629058547136877,2024,10,Oct,Q4
SO02983,2024-07-21,West,Mumbai,Consumer,Online,Furniture,Storage,P10005,C1588,3,7593.78,0.2905,16163.23,12617.64,3545.59,0.21936147663554872,2024,7,Jul,Q3
SO02984,2025-05-03,Central,Raipur,Consumer,Online,Technology,Phones,P10034,C1036,9,22344.33,0.2332,154212.24,112052.76,42159.48,0.27338608141610554,2025,5,May,Q2
SO02985,2024-06-08,North,Jaipur,Consumer,Online,Furniture,Bookcases,P10003,C1128,3,4993.84,0.2261,11593.77,8917.3,2676.47,0.2308541570170876,2024,6,Jun,Q2
SO02986,2024-12-13,North,Delhi,Consumer,Retail Store,Furniture,Storage,P10019,C1082,7,11784.56,0.55,37121.36,24080.72,13040.64,0.35129747401496064,2024,12,Dec,Q4
SO02987,2024-10-06,West,Mumbai,Consumer,Distributor,Furniture,Bookcases,P10097,C1340,3,8952.32,0.1892,21776.58,15467.77,6308.81,0.28970618894243266,2024,10,Oct,Q4
SO02988,2025-06-18,North,Lucknow,Home Office,Retail Store,Furniture,Chairs,P10008,C1338,2,10223.64,0.3951,12367.78,8483.15,3884.63,0.31409274744537824,2025,6,Jun,Q2
SO02989,2024-01-10,North,Jaipur,Corporate,Online,Furniture,Chairs,P10069,C1261,6,6258.12,0.2628,27680.51,18424.28,9256.23,0.33439521164891833,2024,1,Jan,Q1
SO02990,2023-02-07,South,Kochi,Consumer,Online,Technology,Accessories,P10041,C1494,6,26415.31,0.1987,127003.91,83515.43,43488.49,0.3424185129418456,2023,2,Feb,Q1
SO02991,2025-04-20,Central,Bhopal,Consumer,Distributor,Technology,Phones,P10025,C1315,8,23038.72,0.083,169017.07,113967.85,55049.22,0.3257021317432612,2025,4,Apr,Q2
SO02992,2023-05-20,West,Mumbai,Consumer,Online,Furniture,Storage,P10014,C1299,10,5640.94,0.1663,47030.56,31577.07,15453.48,0.3285837974287357,2023,5,May,Q2
SO02993,2023-01-14,South,Kochi,Corporate,Distributor,Technology,Accessories,P10098,C1132,6,26378.43,0.3354,105192.07,67397.7,37794.37,0.35928915554185786,2023,1,Jan,Q1
SO02994,2023-04-12,East,Patna,Corporate,Online,Furniture,Tables,P10048,C1132,10,12173.65,0.2097,96202.78,70368.95,25833.83,0.26853517122893955,2023,4,Apr,Q2
SO02995,2025-03-26,West,Surat,Corporate,Online,Office Supplies,Binders,P10085,C1003,1,1012.83,0.4511,555.99,345.2,210.79,0.3791255238403568,2025,3,Mar,Q1
SO02996,2024-11-15,South,Chennai,Home Office,Distributor,Technology,Printers,P10010,C1453,5,19123.15,0.4117,56246.54,39083.41,17163.14,0.305141258466743,2024,11,Nov,Q4
SO02997,2023-06-26,Central,Nagpur,Consumer,Distributor,Technology,Laptops,P10025,C1038,3,16065.62,0.1732,39849.33,23249.74,16599.59,0.41655882294633306,2023,6,Jun,Q2
SO02998,2023-08-10,North,Chandigarh,Consumer,Online,Technology,Phones,P10056,C1380,7,31143.38,0.2427,165099.24,98355.89,66743.35,0.4042620062939115,2023,8,Aug,Q3
SO02999,2025-03-10,North,Delhi,Consumer,Retail Store,Office Supplies,Envelopes,P10060,C1357,6,218.45,0.2191,1023.53,500.74,522.79,0.5107715455335945,2025,3,Mar,Q1
SO03000,2025-11-22,Central,Bhopal,Corporate,Online,Furniture,Tables,P10098,C1588,5,3961.25,0.2384,15083.48,10899.41,4184.07,0.2773942087634949,2025,11,Nov,Q4
SO03001,2024-03-10,East,Guwahati,Consumer,Distributor,Technology,Laptops,P10021,C1438,2,19120.05,0.1559,32277.85,21983.12,10294.74,0.3189413173430077,2024,3,Mar,Q1
SO03002,2025-06-13,West,Surat,Corporate,Distributor,Office Supplies,Binders,P10080,C1098,9,1196.39,0.2508,8066.61,5235.18,2831.43,0.35100618475419043,2025,6,Jun,Q2
SO03003,2023-10-06,West,Ahmedabad,Consumer,Online,Technology,Phones,P10079,C1210,7,16245.52,0.3086,78625.38,52081.38,26544.0,0.33760091207190346,2023,10,Oct,Q4
SO03004,2025-06-12,North,Chandigarh,Corporate,Retail Store,Furniture,Storage,P10067,C1589,7,8837.34,0.1657,51612.48,34080.51,17531.97,0.33968470416457414,2025,6,Jun,Q2
SO03005,2023-07-04,Central,Nagpur,Corporate,Retail Store,Technology,Printers,P10056,C1232,7,19983.13,0.2641,102936.21,69605.18,33331.03,0.3238027706673871,2023,7,Jul,Q3
SO03006,2024-01-29,East,Guwahati,Consumer,Retail Store,Technology,Laptops,P10076,C1558,4,21639.51,0.0813,79524.46,53164.27,26360.19,0.3314727317859184,2024,1,Jan,Q1
SO03007,2025-06-23,East,Patna,Home Office,Distributor,Technology,Laptops,P10009,C1447,8,26072.92,0.1427,178817.2,136593.51,42223.68,0.23612762083289526,2025,6,Jun,Q2
SO03008,2025-07-22,South,Chennai,Corporate,Online,Technology,Accessories,P10038,C1586,8,38232.99,0.2043,243390.81,154043.3,89347.52,0.3670948792191456,2025,7,Jul,Q3
SO03009,2025-11-08,South,Bengaluru,Consumer,Retail Store,Office Supplies,Binders,P10044,C1053,9,1325.37,0.0487,11346.87,6432.52,4914.35,0.43310181574301987,2025,11,Nov,Q4
SO03010,2024-11-08,West,Pune,Corporate,Online,Technology,Accessories,P10082,C1163,4,7357.79,0.3489,19163.07,12442.78,6720.29,0.35068963375910017,2024,11,Nov,Q4
SO03011,2024-05-26,North,Lucknow,Corporate,Online,Technology,Accessories,P10076,C1466,8,19867.25,0.3042,110593.55,75634.98,34958.57,0.3160995374504209,2024,5,May,Q2
SO03012,2024-04-24,West,Mumbai,Corporate,Retail Store,Furniture,Storage,P10066,C1367,6,7988.71,0.3423,31527.31,22666.24,8861.07,0.2810601348481681,2024,4,Apr,Q2
SO03013,2023-04-30,West,Ahmedabad,Consumer,Online,Office Supplies,Binders,P10029,C1333,9,1012.69,0.4201,5284.95,2915.36,2369.58,0.4483637498935657,2023,4,Apr,Q2
SO03014,2023-07-25,Central,Indore,Corporate,Online,Technology,Phones,P10029,C1409,8,19409.88,0.2891,110393.74,66659.5,43734.24,0.396165942018089,2023,7,Jul,Q3
SO03015,2025-02-14,West,Pune,Consumer,Online,Technology,Printers,P10002,C1407,7,17264.59,0.1903,97856.06,77233.37,20622.69,0.2107451495594652,2025,2,Feb,Q1
SO03016,2024-02-13,Central,Indore,Corporate,Distributor,Office Supplies,Paper,P10006,C1591,5,781.15,0.2294,3009.75,1997.43,1012.32,0.33634687266384256,2024,2,Feb,Q1
SO03017,2025-05-18,North,Jaipur,Consumer,Online,Technology,Phones,P10053,C1183,10,15332.96,0.213,120665.49,87095.93,33569.56,0.2782034863489138,2025,5,May,Q2
SO03018,2025-07-10,North,Chandigarh,Corporate,Online,Furniture,Bookcases,P10036,C1395,9,7253.73,0.392,39694.35,27663.93,12030.42,0.303076382407068,2025,7,Jul,Q3
SO03019,2024-03-27,South,Kochi,Consumer,Online,Technology,Laptops,P10030,C1090,4,23454.7,0.2245,72754.15,43976.15,28778.01,0.39555145651485174,2024,3,Mar,Q1
SO03020,2023-12-07,North,Lucknow,Consumer,Retail Store,Furniture,Storage,P10069,C1520,2,10196.19,0.1072,18206.95,13921.07,4285.88,0.23539802108535476,2023,12,Dec,Q4
SO03021,2024-07-15,South,Chennai,Consumer,Distributor,Furniture,Chairs,P10051,C1162,10,7806.48,0.3894,47664.32,37675.19,9989.12,0.20957227544628773,2024,7,Jul,Q3
SO03022,2023-04-02,South,Kochi,Corporate,Online,Office Supplies,Envelopes,P10053,C1043,1,1038.21,0.1613,870.72,415.66,455.06,0.522624954061007,2023,4,Apr,Q2
SO03023,2024-05-25,Central,Nagpur,Corporate,Retail Store,Technology,Printers,P10018,C1324,5,11707.59,0.0756,54114.42,36628.06,17486.36,0.3231367905264438,2024,5,May,Q2
SO03024,2023-12-05,Central,Indore,Corporate,Retail Store,Technology,Laptops,P10100,C1431,9,18616.47,0.3636,106624.63,71230.73,35393.9,0.33194863138094827,2023,12,Dec,Q4
SO03025,2023-08-10,North,Chandigarh,Consumer,Online,Furniture,Storage,P10071,C1518,3,10756.16,0.1779,26528.24,18087.91,8440.33,0.3181639641378395,2023,8,Aug,Q3
SO03026,2025-04-22,South,Hyderabad,Consumer,Retail Store,Office Supplies,Envelopes,P10005,C1288,7,1191.12,0.111,7412.04,4511.69,2900.35,0.3913025293981144,2025,4,Apr,Q2
SO03027,2025-01-11,South,Kochi,Consumer,Online,Technology,Laptops,P10095,C1162,1,1376.09,0.2909,975.8,630.93,344.87,0.3534228325476532,2025,1,Jan,Q1
SO03028,2025-04-14,North,Jaipur,Consumer,Online,Furniture,Chairs,P10027,C1410,10,5883.73,0.4071,34882.42,26661.06,8221.35,0.23568748957211114,2025,4,Apr,Q2
SO03029,2024-12-17,East,Guwahati,Home Office,Distributor,Office Supplies,Binders,P10070,C1369,8,1124.69,0.5215,4305.27,2897.35,1407.92,0.32702246316723455,2024,12,Dec,Q4
SO03030,2024-02-14,South,Chennai,Consumer,Online,Office Supplies,Paper,P10090,C1007,7,1159.42,0.2608,5999.43,3875.78,2123.65,0.35397529431962704,2024,2,Feb,Q1
SO03031,2024-04-24,South,Kochi,Home Office,Online,Office Supplies,Paper,P10058,C1252,5,1291.22,0.2418,4894.92,3084.77,1810.15,0.3698017536548095,2024,4,Apr,Q2
SO03032,2025-01-07,North,Delhi,Consumer,Retail Store,Furniture,Storage,P10017,C1270,1,14355.12,0.13,12488.45,8692.32,3796.12,0.30397046871309086,2025,1,Jan,Q1
SO03033,2023-09-28,South,Hyderabad,Corporate,Online,Furniture,Storage,P10038,C1542,9,5836.45,0.1913,42480.54,28568.29,13912.26,0.32749724932875146,2023,9,Sep,Q3
SO03034,2023-11-03,South,Kochi,Corporate,Retail Store,Technology,Accessories,P10050,C1394,1,21359.19,0.1157,18887.89,12349.45,6538.44,0.34617101221999913,2023,11,Nov,Q4
SO03035,2024-12-25,South,Bengaluru,Consumer,Distributor,Furniture,Bookcases,P10068,C1152,9,6004.64,0.3695,34073.74,24304.22,9769.53,0.2867172784672302,2024,12,Dec,Q4
SO03036,2023-08-04,West,Ahmedabad,Consumer,Online,Office Supplies,Paper,P10021,C1327,3,1122.46,0.375,2104.63,1351.17,753.47,0.35800592028052436,2023,8,Aug,Q3
SO03037,2023-02-04,North,Chandigarh,Corporate,Online,Technology,Printers,P10023,C1472,4,17303.25,0.1054,61915.52,43012.76,18902.76,0.305299220615445,2023,2,Feb,Q1
SO03038,2025-02-12,North,Delhi,Consumer,Distributor,Office Supplies,Paper,P10075,C1041,3,909.43,0.1807,2235.33,1287.0,948.34,0.4242505580831466,2025,2,Feb,Q1
SO03039,2024-03-08,West,Mumbai,Consumer,Distributor,Office Supplies,Pens,P10004,C1278,4,883.01,0.2718,2571.97,1433.67,1138.3,0.4425790347476837,2024,3,Mar,Q1
SO03040,2025-06-14,South,Hyderabad,Consumer,Distributor,Furniture,Bookcases,P10060,C1593,9,9049.64,0.438,45776.04,35474.21,10301.82,0.2250483003772279,2025,6,Jun,Q2
SO03041,2023-04-15,North,Lucknow,Corporate,Retail Store,Technology,Laptops,P10073,C1111,6,13717.25,0.2644,60541.0,36746.33,23794.67,0.3930339769742819,2023,4,Apr,Q2
SO03042,2024-02-26,South,Kochi,Consumer,Retail Store,Furniture,Storage,P10081,C1206,10,7286.48,0.2727,52993.24,40365.04,12628.2,0.23829831880443622,2024,2,Feb,Q1
SO03043,2024-09-30,South,Chennai,Corporate,Online,Office Supplies,Paper,P10014,C1553,4,1056.5,0.1449,3613.6,2101.51,1512.09,0.41844421075935356,2024,9,Sep,Q3
SO03044,2023-05-06,North,Lucknow,Consumer,Retail Store,Office Supplies,Binders,P10094,C1050,1,701.56,0.258,520.53,294.41,226.11,0.43438418534954765,2023,5,May,Q2
SO03045,2024-01-26,South,Bengaluru,Consumer,Online,Technology,Laptops,P10061,C1094,1,19580.76,0.2124,15421.89,10614.57,4807.32,0.3117205478705917,2024,1,Jan,Q1
SO03046,2024-10-08,South,Kochi,Consumer,Online,Technology,Phones,P10027,C1395,10,22324.72,0.1439,191118.9,136121.75,54997.15,0.2877640568253585,2024,10,Oct,Q4
SO03047,2025-12-18,South,Chennai,Corporate,Retail Store,Furniture,Bookcases,P10046,C1182,8,8625.07,0.1506,58610.73,47042.8,11567.93,0.1973688094313106,2025,12,Dec,Q4
SO03048,2023-07-02,Central,Bhopal,Home Office,Retail Store,Furniture,Storage,P10084,C1583,7,9303.02,0.0726,60390.83,39560.98,20829.85,0.34491743200085173,2023,7,Jul,Q3
SO03049,2025-05-30,West,Pune,Consumer,Retail Store,Technology,Accessories,P10044,C1041,1,37154.56,0.2582,27562.19,17252.37,10309.82,0.3740566333807292,2025,5,May,Q2
SO03050,2023-07-16,South,Hyderabad,Home Office,Online,Office Supplies,Pens,P10088,C1482,8,790.19,0.1421,5423.55,3245.51,2178.04,0.401589364899374,2023,7,Jul,Q3
SO03051,2025-10-16,West,Surat,Corporate,Retail Store,Furniture,Tables,P10038,C1251,7,8269.97,0.248,43534.02,27784.92,15749.1,0.3617653504087149,2025,10,Oct,Q4
SO03052,2025-08-12,Central,Nagpur,Home Office,Distributor,Furniture,Chairs,P10088,C1105,10,3195.53,0.3433,20986.25,17172.53,3813.72,0.18172470069688484,2025,8,Aug,Q3
SO03053,2025-02-22,East,Kolkata,Corporate,Retail Store,Furniture,Chairs,P10049,C1361,7,9700.68,0.3062,47115.35,29084.52,18030.83,0.38269544851094184,2025,2,Feb,Q1
SO03054,2025-11-05,East,Guwahati,Consumer,Retail Store,Technology,Accessories,P10097,C1569,7,19312.88,0.2011,107997.92,68489.2,39508.72,0.36582852706792873,2025,11,Nov,Q4
SO03055,2024-07-27,West,Surat,Home Office,Online,Furniture,Tables,P10014,C1131,7,6624.24,0.2734,33693.84,26904.33,6789.52,0.20150626939523666,2024,7,Jul,Q3
SO03056,2025-10-25,East,Bhubaneswar,Home Office,Retail Store,Technology,Accessories,P10090,C1309,1,26340.66,0.3261,17751.11,11693.1,6058.01,0.3412749963241735,2025,10,Oct,Q4
SO03057,2023-01-16,West,Surat,Corporate,Online,Technology,Printers,P10016,C1229,1,29873.16,0.55,13442.92,8990.61,4452.31,0.33120110809258707,2023,1,Jan,Q1
SO03058,2025-01-11,South,Kochi,Corporate,Retail Store,Furniture,Bookcases,P10068,C1336,3,9933.85,0.3475,19445.58,15278.16,4167.42,0.21431194132548373,2025,1,Jan,Q1
SO03059,2024-02-23,West,Ahmedabad,Consumer,Distributor,Technology,Printers,P10055,C1378,3,18182.53,0.3222,36969.7,25615.81,11353.88,0.3071131223677769,2024,2,Feb,Q1
SO03060,2023-07-27,East,Kolkata,Consumer,Retail Store,Office Supplies,Binders,P10030,C1256,3,1307.01,0.2893,2786.85,1719.7,1067.15,0.38292337226617873,2023,7,Jul,Q3
SO03061,2025-08-01,Central,Raipur,Consumer,Online,Office Supplies,Pens,P10013,C1473,7,1099.5,0.0742,7125.45,4689.14,2436.31,0.3419166508781902,2025,8,Aug,Q3
SO03062,2025-03-06,South,Hyderabad,Consumer,Retail Store,Technology,Phones,P10096,C1182,5,28802.29,0.1554,121630.97,82832.04,38798.93,0.3189889055394362,2025,3,Mar,Q1
SO03063,2024-08-24,East,Patna,Consumer,Distributor,Furniture,Bookcases,P10031,C1157,8,4141.69,0.4316,18833.64,16143.39,2690.25,0.14284280680739359,2024,8,Aug,Q3
SO03064,2023-07-15,Central,Indore,Consumer,Online,Office Supplies,Pens,P10083,C1494,10,809.61,0.2914,5736.73,3598.14,2138.59,0.3727890278956828,2023,7,Jul,Q3
SO03065,2024-05-06,South,Chennai,Corporate,Online,Furniture,Tables,P10018,C1030,2,9757.46,0.5022,9713.6,6472.34,3241.25,0.33368164223356944,2024,5,May,Q2
SO03066,2025-07-27,West,Pune,Consumer,Retail Store,Office Supplies,Envelopes,P10041,C1165,2,1010.84,0.4072,1198.48,663.84,534.63,0.44609004739336494,2025,7,Jul,Q3
SO03067,2025-05-13,South,Kochi,Consumer,Retail Store,Technology,Laptops,P10064,C1478,3,19050.14,0.1512,48508.92,30892.86,17616.06,0.3631509421360031,2025,5,May,Q2
SO03068,2024-12-04,Central,Nagpur,Consumer,Online,Office Supplies,Binders,P10083,C1257,3,958.05,0.3134,1973.42,1178.81,794.61,0.40265630225699545,2024,12,Dec,Q4
SO03069,2024-05-29,Central,Bhopal,Consumer,Distributor,Furniture,Chairs,P10074,C1290,8,6547.79,0.1823,42831.06,30580.14,12250.92,0.28602887717464853,2024,5,May,Q2
SO03070,2025-05-12,West,Pune,Consumer,Retail Store,Office Supplies,Envelopes,P10032,C1413,6,858.77,0.2976,3619.15,1965.38,1653.77,0.45694983628752606,2025,5,May,Q2
SO03071,2024-08-28,West,Surat,Home Office,Distributor,Technology,Printers,P10038,C1026,2,18116.28,0.031,35108.07,24334.15,10773.92,0.3068787318699091,2024,8,Aug,Q3
SO03072,2025-03-16,West,Pune,Home Office,Retail Store,Technology,Accessories,P10008,C1581,9,21808.2,0.55,88323.2,71331.01,16992.19,0.19238648509111989,2025,3,Mar,Q1
SO03073,2023-05-03,South,Kochi,Consumer,Online,Furniture,Tables,P10083,C1237,8,10065.88,0.1865,65512.47,51323.78,14188.69,0.21657998851211074,2023,5,May,Q2
SO03074,2025-09-17,North,Chandigarh,Consumer,Online,Technology,Laptops,P10094,C1158,9,19053.66,0.0742,158764.09,102534.06,56230.03,0.3541734783980433,2025,9,Sep,Q3
SO03075,2023-06-15,East,Bhubaneswar,Consumer,Retail Store,Furniture,Storage,P10060,C1042,4,11264.53,0.1828,36820.28,25270.71,11549.57,0.31367414913737757,2023,6,Jun,Q2
SO03076,2025-01-23,West,Ahmedabad,Home Office,Retail Store,Furniture,Tables,P10076,C1149,10,7999.83,0.4074,47408.12,32554.21,14853.91,0.31331995447193434,2025,1,Jan,Q1
SO03077,2025-09-08,East,Patna,Consumer,Online,Office Supplies,Paper,P10071,C1020,6,803.75,0.2291,3717.83,2007.44,1710.4,0.46005331066778204,2025,9,Sep,Q3
SO03078,2024-10-15,North,Jaipur,Home Office,Online,Office Supplies,Pens,P10098,C1155,2,865.62,0.2853,1237.36,728.81,508.55,0.4109959914657012,2024,10,Oct,Q4
SO03079,2025-02-11,West,Mumbai,Corporate,Retail Store,Technology,Printers,P10041,C1434,2,29558.38,0.1207,51979.32,33784.15,18195.17,0.3500463261158476,2025,2,Feb,Q1
SO03080,2025-01-09,West,Surat,Home Office,Retail Store,Furniture,Storage,P10025,C1218,10,5282.42,0.1791,43363.55,29002.14,14361.41,0.3311862151507429,2025,1,Jan,Q1
SO03081,2023-02-06,East,Guwahati,Corporate,Online,Office Supplies,Pens,P10058,C1278,2,1185.21,0.3114,1632.3,1026.58,605.72,0.3710837468602586,2023,2,Feb,Q1
SO03082,2024-07-28,West,Mumbai,Consumer,Online,Technology,Printers,P10095,C1135,2,28362.93,0.2015,45294.78,31204.39,14090.4,0.31108220417452076,2024,7,Jul,Q3
SO03083,2025-02-12,Central,Raipur,Consumer,Online,Technology,Phones,P10038,C1286,2,14049.26,0.3158,19225.9,11785.68,7440.23,0.38698994585429025,2025,2,Feb,Q1
SO03084,2025-02-21,South,Kochi,Consumer,Online,Furniture,Bookcases,P10062,C1381,7,13135.4,0.2168,72017.59,50601.56,21416.03,0.29737221142779147,2025,2,Feb,Q1
SO03085,2023-11-17,West,Mumbai,Consumer,Online,Furniture,Chairs,P10077,C1257,6,8574.0,0.3179,35091.66,27333.47,7758.19,0.2210835851025571,2023,11,Nov,Q4
SO03086,2023-06-08,North,Delhi,Consumer,Retail Store,Furniture,Chairs,P10100,C1287,2,3558.41,0.5061,3515.29,2480.41,1034.88,0.29439391913611684,2023,6,Jun,Q2
SO03087,2024-10-26,Central,Indore,Consumer,Retail Store,Furniture,Storage,P10005,C1216,3,8031.24,0.2291,18572.74,12712.24,5860.51,0.3155436408413621,2024,10,Oct,Q4
SO03088,2024-04-23,East,Guwahati,Consumer,Online,Technology,Printers,P10092,C1057,7,20941.02,0.2241,113743.12,74871.59,38871.53,0.34174840640910853,2024,4,Apr,Q2
SO03089,2025-02-22,West,Ahmedabad,Corporate,Online,Technology,Phones,P10039,C1411,1,32971.55,0.244,24928.1,15264.52,9663.58,0.3876581047091435,2025,2,Feb,Q1
SO03090,2025-12-01,Central,Raipur,Consumer,Online,Technology,Laptops,P10014,C1130,3,22611.52,0.3949,41050.06,27743.47,13306.59,0.32415519002895493,2025,12,Dec,Q4
SO03091,2023-09-25,West,Pune,Corporate,Online,Furniture,Tables,P10049,C1027,2,7643.31,0.3187,10414.57,8608.07,1806.5,0.17345891381017173,2023,9,Sep,Q3
SO03092,2023-09-19,South,Bengaluru,Corporate,Online,Furniture,Bookcases,P10088,C1174,2,6771.21,0.1995,10840.52,7069.88,3770.64,0.34782833295819754,2023,9,Sep,Q3
SO03093,2023-07-24,East,Bhubaneswar,Consumer,Retail Store,Furniture,Bookcases,P10023,C1031,7,14714.05,0.321,69941.02,47562.53,22378.49,0.3199623053824494,2023,7,Jul,Q3
SO03094,2025-08-05,West,Surat,Corporate,Retail Store,Technology,Accessories,P10019,C1387,6,20311.5,0.3838,75094.9,49557.89,25537.01,0.3400631733979272,2025,8,Aug,Q3
SO03095,2025-09-18,East,Kolkata,Corporate,Online,Technology,Laptops,P10075,C1396,1,22632.45,0.2019,18062.62,11776.75,6285.87,0.3480043315975202,2025,9,Sep,Q3
SO03096,2025-04-07,North,Delhi,Corporate,Distributor,Office Supplies,Paper,P10091,C1552,8,1270.67,0.5357,4719.9,2714.47,2005.43,0.4248882391576093,2025,4,Apr,Q2
SO03097,2024-08-10,Central,Nagpur,Consumer,Distributor,Technology,Laptops,P10049,C1472,7,22316.02,0.3521,101208.57,76955.31,24253.26,0.23963642604573898,2024,8,Aug,Q3
SO03098,2023-11-11,East,Kolkata,Consumer,Retail Store,Technology,Accessories,P10079,C1043,5,11000.79,0.1802,45091.89,33105.55,11986.35,0.265820527815534,2023,11,Nov,Q4
SO03099,2025-11-25,Central,Bhopal,Consumer,Distributor,Technology,Phones,P10046,C1165,1,25785.07,0.1021,23152.3,14818.48,8333.81,0.3599560302864078,2025,11,Nov,Q4
SO03100,2025-01-18,East,Bhubaneswar,Consumer,Online,Office Supplies,Binders,P10047,C1566,2,1184.19,0.4,1421.02,809.71,611.32,0.43019802676950364,2025,1,Jan,Q1
SO03101,2023-10-24,North,Jaipur,Corporate,Retail Store,Technology,Accessories,P10052,C1337,6,25279.86,0.2515,113525.97,74912.02,38613.96,0.3401332752320901,2023,10,Oct,Q4
SO03102,2023-05-13,North,Delhi,Home Office,Distributor,Technology,Printers,P10092,C1247,9,24302.59,0.1719,181118.84,124942.99,56175.85,0.3101601688703395,2023,5,May,Q2
SO03103,2025-04-26,West,Pune,Home Office,Online,Furniture,Bookcases,P10033,C1177,5,9423.02,0.207,37361.92,28969.97,8391.95,0.22461238608722467,2025,4,Apr,Q2
SO03104,2024-10-25,South,Bengaluru,Corporate,Online,Office Supplies,Pens,P10060,C1477,2,902.83,0.4733,951.03,515.7,435.33,0.45774581243493895,2024,10,Oct,Q4
SO03105,2025-12-29,South,Chennai,Consumer,Online,Furniture,Tables,P10099,C1431,8,9149.79,0.4212,42365.7,32970.98,9394.73,0.22175321073415524,2025,12,Dec,Q4
SO03106,2024-10-07,East,Kolkata,Consumer,Online,Technology,Phones,P10076,C1305,6,13963.35,0.2848,59915.47,32926.69,26988.78,0.45044760560169184,2024,10,Oct,Q4
SO03107,2023-09-22,West,Mumbai,Corporate,Online,Furniture,Bookcases,P10063,C1408,6,14835.68,0.2799,64094.9,43356.26,20738.64,0.3235614690092347,2023,9,Sep,Q3
SO03108,2025-09-01,South,Hyderabad,Home Office,Distributor,Furniture,Tables,P10075,C1387,8,8929.34,0.4052,42488.85,33886.78,8602.07,0.2024547616610005,2025,9,Sep,Q3
SO03109,2025-12-02,North,Lucknow,Corporate,Online,Furniture,Storage,P10026,C1497,6,6559.74,0.3896,24025.94,18864.77,5161.17,0.21481656909157354,2025,12,Dec,Q4
SO03110,2025-04-27,West,Ahmedabad,Consumer,Online,Technology,Phones,P10059,C1220,10,10224.06,0.161,85775.65,53376.73,32398.91,0.37771686953115485,2025,4,Apr,Q2
SO03111,2024-11-24,Central,Raipur,Consumer,Retail Store,Office Supplies,Binders,P10020,C1519,2,1092.69,0.3894,1334.43,722.51,611.92,0.4585628320706219,2024,11,Nov,Q4
SO03112,2024-11-26,West,Ahmedabad,Corporate,Retail Store,Technology,Laptops,P10002,C1182,9,23170.53,0.2368,159144.44,114033.67,45110.77,0.2834580334694696,2024,11,Nov,Q4
SO03113,2025-09-03,North,Lucknow,Consumer,Retail Store,Furniture,Storage,P10012,C1129,7,5482.68,0.2515,28727.53,19447.84,9279.69,0.32302429063689087,2025,9,Sep,Q3
SO03114,2023-03-28,West,Surat,Consumer,Retail Store,Furniture,Tables,P10062,C1028,7,3827.96,0.4372,15079.7,11441.12,3638.58,0.2412899460864606,2023,3,Mar,Q1
SO03115,2023-09-23,North,Delhi,Home Office,Online,Office Supplies,Pens,P10048,C1160,4,1140.7,0.2229,3545.93,2063.11,1482.83,0.4181780238188571,2023,9,Sep,Q3
SO03116,2023-01-28,Central,Bhopal,Consumer,Online,Furniture,Tables,P10099,C1509,9,8727.9,0.2664,57624.46,39758.23,17866.23,0.31004594229603194,2023,1,Jan,Q1
SO03117,2023-07-14,West,Pune,Home Office,Online,Technology,Printers,P10017,C1557,10,24592.25,0.1215,216035.58,138815.44,77220.14,0.35744176954555357,2023,7,Jul,Q3
SO03118,2024-11-28,Central,Raipur,Consumer,Distributor,Office Supplies,Pens,P10064,C1454,8,1124.92,0.1291,7837.26,4982.26,2855.0,0.36428547732243155,2024,11,Nov,Q4
SO03119,2023-08-20,Central,Nagpur,Corporate,Online,Furniture,Storage,P10065,C1425,1,11588.5,0.3172,7913.09,5681.93,2231.16,0.28195812255389485,2023,8,Aug,Q3
SO03120,2024-09-21,South,Bengaluru,Consumer,Distributor,Office Supplies,Envelopes,P10038,C1207,10,150.0,0.0887,1366.89,780.44,586.44,0.4290323288633321,2024,9,Sep,Q3
SO03121,2023-05-19,West,Ahmedabad,Consumer,Online,Office Supplies,Binders,P10094,C1150,10,854.39,0.1933,6892.38,3954.39,2937.99,0.4262663985444795,2023,5,May,Q2
SO03122,2025-10-07,South,Bengaluru,Consumer,Retail Store,Office Supplies,Envelopes,P10070,C1103,7,575.68,0.0508,3825.24,2201.36,1623.88,0.42451715447919613,2025,10,Oct,Q4
SO03123,2025-06-03,South,Kochi,Consumer,Retail Store,Furniture,Bookcases,P10075,C1327,7,4449.72,0.1475,26552.82,18319.22,8233.6,0.31008382537146717,2025,6,Jun,Q2
SO03124,2025-12-13,South,Kochi,Home Office,Retail Store,Technology,Laptops,P10070,C1180,7,17062.37,0.1138,105847.3,71865.32,33981.97,0.32104711220786925,2025,12,Dec,Q4
SO03125,2025-11-19,East,Bhubaneswar,Consumer,Retail Store,Technology,Printers,P10025,C1009,2,12945.47,0.2439,19576.37,13918.35,5658.02,0.2890229393907042,2025,11,Nov,Q4
SO03126,2025-12-25,North,Chandigarh,Consumer,Online,Furniture,Tables,P10001,C1433,8,11885.38,0.2374,72511.35,49390.99,23120.36,0.318851600473581,2025,12,Dec,Q4
SO03127,2024-09-01,West,Ahmedabad,Consumer,Retail Store,Technology,Printers,P10093,C1005,9,9591.44,0.0364,83177.89,48189.16,34988.73,0.42064940574953275,2024,9,Sep,Q3
SO03128,2024-05-13,East,Kolkata,Consumer,Retail Store,Technology,Printers,P10021,C1083,5,1066.62,0.2171,4175.37,2687.16,1488.22,0.3564282925824538,2024,5,May,Q2
SO03129,2024-09-04,West,Mumbai,Home Office,Online,Technology,Printers,P10005,C1164,9,16582.29,0.1624,125009.24,87865.03,37144.21,0.29713171602355154,2024,9,Sep,Q3
SO03130,2023-06-27,North,Lucknow,Corporate,Distributor,Furniture,Chairs,P10016,C1349,4,6821.97,0.2768,19735.23,14472.22,5263.02,0.2666814625418604,2023,6,Jun,Q2
SO03131,2024-01-29,West,Mumbai,Consumer,Online,Office Supplies,Binders,P10082,C1177,7,1144.79,0.1617,6717.56,4559.42,2158.13,0.32126694811806666,2024,1,Jan,Q1
SO03132,2025-08-27,West,Mumbai,Corporate,Online,Office Supplies,Pens,P10076,C1345,5,817.35,0.2258,3164.14,1788.69,1375.45,0.43469947600295816,2025,8,Aug,Q3
SO03133,2025-06-04,North,Lucknow,Corporate,Distributor,Technology,Laptops,P10050,C1265,2,18852.17,0.1504,32033.48,22461.59,9571.89,0.29880893365316535,2025,6,Jun,Q2
SO03134,2025-07-19,North,Lucknow,Consumer,Online,Furniture,Tables,P10073,C1571,3,6303.43,0.55,8509.64,6009.57,2500.07,0.2937926868821713,2025,7,Jul,Q3
SO03135,2024-09-15,West,Surat,Consumer,Online,Office Supplies,Binders,P10065,C1173,2,1048.63,0.1614,1758.66,978.82,779.84,0.443428519440938,2024,9,Sep,Q3
SO03136,2024-05-31,South,Kochi,Consumer,Retail Store,Office Supplies,Envelopes,P10072,C1222,5,1199.5,0.55,2698.88,1686.18,1012.69,0.37522601968223857,2024,5,May,Q2
SO03137,2024-12-25,South,Hyderabad,Home Office,Online,Furniture,Chairs,P10047,C1125,6,5085.24,0.2784,22015.75,16921.26,5094.5,0.23140251865142,2024,12,Dec,Q4
SO03138,2023-02-20,East,Guwahati,Consumer,Online,Technology,Phones,P10050,C1314,9,21944.34,0.1658,164751.09,105363.34,59387.75,0.3604695422652439,2023,2,Feb,Q1
SO03139,2025-12-23,North,Delhi,Corporate,Online,Office Supplies,Paper,P10018,C1548,4,1028.15,0.5297,1934.35,1093.69,840.66,0.43459560058934527,2025,12,Dec,Q4
SO03140,2025-06-05,East,Bhubaneswar,Consumer,Retail Store,Office Supplies,Binders,P10011,C1150,6,1104.31,0.3002,4636.76,2439.45,2197.3,0.4738869382931185,2025,6,Jun,Q2
SO03141,2023-05-11,Central,Nagpur,Home Office,Online,Technology,Phones,P10089,C1416,2,20943.15,0.1122,37185.72,24635.3,12550.42,0.3375064406444194,2023,5,May,Q2
SO03142,2023-08-22,North,Lucknow,Corporate,Distributor,Technology,Laptops,P10024,C1294,2,19552.64,0.3421,25727.39,16624.91,9102.49,0.35380541904950324,2023,8,Aug,Q3
SO03143,2023-12-30,East,Kolkata,Corporate,Retail Store,Technology,Laptops,P10039,C1544,2,18559.47,0.2501,27835.94,17406.19,10429.75,0.37468646648900666,2023,12,Dec,Q4
SO03144,2023-03-30,South,Kochi,Corporate,Online,Office Supplies,Binders,P10070,C1559,9,1108.32,0.2536,7444.97,5026.0,2418.97,0.3249133307454563,2023,3,Mar,Q1
SO03145,2024-07-16,South,Bengaluru,Consumer,Online,Technology,Laptops,P10017,C1473,9,31080.28,0.1246,244873.16,161525.37,83347.8,0.3403713171341441,2024,7,Jul,Q3
SO03146,2025-09-15,Central,Indore,Corporate,Online,Furniture,Chairs,P10078,C1223,7,7646.81,0.2826,38402.45,25787.83,12614.62,0.3284847711539238,2025,9,Sep,Q3
SO03147,2023-07-04,North,Chandigarh,Consumer,Online,Technology,Printers,P10092,C1532,3,16873.13,0.1907,40968.77,30708.45,10260.33,0.2504427152682397,2023,7,Jul,Q3
SO03148,2024-07-01,Central,Indore,Consumer,Online,Furniture,Bookcases,P10029,C1465,9,3406.17,0.2226,23833.04,18114.49,5718.55,0.23994211397287127,2024,7,Jul,Q3
SO03149,2025-02-15,South,Bengaluru,Home Office,Online,Technology,Phones,P10031,C1277,7,27395.61,0.1969,154013.02,100526.57,53486.45,0.3472852490003767,2025,2,Feb,Q1
SO03150,2023-02-12,South,Bengaluru,Consumer,Distributor,Technology,Laptops,P10077,C1032,2,27472.02,0.3109,37862.77,26290.45,11572.33,0.3056387580729038,2023,2,Feb,Q1
SO03151,2024-12-07,North,Chandigarh,Consumer,Retail Store,Furniture,Storage,P10066,C1268,6,9295.26,0.3391,36857.34,26899.17,9958.17,0.27018146182008795,2024,12,Dec,Q4
SO03152,2025-10-03,North,Delhi,Consumer,Distributor,Office Supplies,Pens,P10086,C1498,7,703.8,0.1349,4262.05,2598.7,1663.35,0.39026994052157993,2025,10,Oct,Q4
SO03153,2023-11-26,Central,Nagpur,Consumer,Distributor,Office Supplies,Pens,P10076,C1112,5,918.5,0.3464,3001.73,1771.85,1229.88,0.4097237259846822,2023,11,Nov,Q4
SO03154,2023-01-26,North,Lucknow,Consumer,Online,Technology,Printers,P10076,C1456,10,8834.24,0.1387,76091.02,47117.46,28973.56,0.38077502443783773,2023,1,Jan,Q1
SO03155,2024-02-24,Central,Nagpur,Consumer,Online,Furniture,Bookcases,P10044,C1052,10,8394.53,0.2276,64835.41,46978.55,17856.86,0.2754183246469792,2024,2,Feb,Q1
SO03156,2025-05-12,Central,Nagpur,Consumer,Online,Technology,Phones,P10070,C1315,10,24523.97,0.3584,157337.45,101336.89,56000.56,0.35592644980581545,2025,5,May,Q2
SO03157,2023-09-04,Central,Raipur,Consumer,Distributor,Technology,Laptops,P10067,C1099,3,15217.14,0.1327,39593.58,27467.11,12126.47,0.3062736433532911,2023,9,Sep,Q3
SO03158,2024-08-14,Central,Nagpur,Consumer,Distributor,Office Supplies,Paper,P10025,C1439,2,1081.54,0.0895,1969.5,1196.35,773.15,0.39256156384869256,2024,8,Aug,Q3
SO03159,2023-06-24,North,Lucknow,Consumer,Online,Furniture,Chairs,P10067,C1302,9,8266.62,0.2577,55225.11,38024.89,17200.22,0.31145650954792126,2023,6,Jun,Q2
SO03160,2023-09-04,South,Chennai,Home Office,Online,Technology,Phones,P10034,C1047,10,8487.28,0.3335,56570.89,37152.03,19418.86,0.3432659447288173,2023,9,Sep,Q3
SO03161,2023-10-31,West,Mumbai,Consumer,Online,Office Supplies,Envelopes,P10040,C1582,9,1179.46,0.0823,9741.85,5781.99,3959.86,0.4064792621524659,2023,10,Oct,Q4
SO03162,2025-07-10,West,Pune,Corporate,Distributor,Furniture,Tables,P10027,C1156,3,8281.46,0.2764,17976.99,13505.76,4471.23,0.24871961323892372,2025,7,Jul,Q3
SO03163,2025-06-10,East,Patna,Home Office,Retail Store,Office Supplies,Paper,P10069,C1476,2,790.58,0.2739,1148.02,712.25,435.77,0.37958397937318167,2025,6,Jun,Q2
SO03164,2025-08-21,South,Hyderabad,Consumer,Retail Store,Office Supplies,Paper,P10052,C1464,7,1161.1,0.2105,6417.01,4075.41,2341.6,0.364905150529608,2025,8,Aug,Q3
SO03165,2025-04-27,West,Surat,Consumer,Distributor,Office Supplies,Binders,P10050,C1361,6,745.41,0.55,2012.6,1172.85,839.75,0.41724634800755245,2025,4,Apr,Q2
SO03166,2025-09-16,North,Lucknow,Consumer,Online,Furniture,Tables,P10008,C1088,4,6607.74,0.2564,19655.17,14860.84,4794.33,0.24392208258692244,2025,9,Sep,Q3
SO03167,2023-09-27,South,Kochi,Home Office,Online,Office Supplies,Binders,P10027,C1102,8,691.24,0.1156,4890.73,2829.77,2060.97,0.42140334878433283,2023,9,Sep,Q3
SO03168,2023-03-16,North,Jaipur,Corporate,Retail Store,Furniture,Chairs,P10077,C1097,9,10839.53,0.0925,88529.61,69057.42,19472.19,0.21995115532531995,2023,3,Mar,Q1
SO03169,2025-02-03,West,Pune,Consumer,Distributor,Office Supplies,Envelopes,P10045,C1259,2,831.15,0.3095,1147.8,685.78,462.02,0.4025265725736191,2025,2,Feb,Q1
SO03170,2024-08-19,West,Mumbai,Consumer,Retail Store,Office Supplies,Binders,P10042,C1305,8,934.88,0.0742,6924.35,4365.3,2559.05,0.3695725952616491,2024,8,Aug,Q3
SO03171,2024-08-18,North,Jaipur,Consumer,Online,Office Supplies,Envelopes,P10082,C1127,4,892.11,0.2736,2592.12,1602.07,990.05,0.38194605188031416,2024,8,Aug,Q3
SO03172,2025-07-13,East,Guwahati,Home Office,Online,Furniture,Bookcases,P10045,C1496,3,5072.29,0.4232,8777.26,6206.73,2570.52,0.2928613257440249,2025,7,Jul,Q3
SO03173,2023-03-18,Central,Nagpur,Corporate,Online,Technology,Printers,P10079,C1357,3,20933.54,0.1319,54514.66,33780.44,20734.21,0.3803419116986146,2023,3,Mar,Q1
SO03174,2023-11-04,East,Bhubaneswar,Corporate,Online,Technology,Printers,P10010,C1196,3,23384.84,0.4035,41845.56,24427.07,17418.49,0.41625658731774656,2023,11,Nov,Q4
SO03175,2024-04-08,South,Chennai,Home Office,Online,Technology,Printers,P10073,C1213,9,15366.92,0.2192,107987.84,70822.91,37164.93,0.34415847191683807,2024,4,Apr,Q2
SO03176,2025-03-06,North,Chandigarh,Consumer,Online,Technology,Accessories,P10025,C1055,9,29501.46,0.2564,197424.12,130263.07,67161.05,0.3401866499392273,2025,3,Mar,Q1
SO03177,2024-08-06,East,Guwahati,Consumer,Distributor,Office Supplies,Binders,P10039,C1337,2,857.96,0.0715,1593.18,869.35,723.82,0.4543240562899359,2024,8,Aug,Q3
SO03178,2024-01-15,West,Pune,Consumer,Online,Furniture,Bookcases,P10075,C1456,6,11828.78,0.1444,60726.73,41287.23,19439.5,0.3201143878486459,2024,1,Jan,Q1
SO03179,2025-07-29,West,Pune,Consumer,Online,Technology,Printers,P10014,C1552,2,22171.06,0.1428,38009.55,27777.65,10231.9,0.26919287389616553,2025,7,Jul,Q3
SO03180,2024-05-02,North,Lucknow,Consumer,Retail Store,Technology,Accessories,P10092,C1540,7,15041.14,0.3772,65576.36,37224.99,28351.37,0.4323413193412992,2024,5,May,Q2
SO03181,2023-12-03,North,Chandigarh,Home Office,Retail Store,Technology,Phones,P10001,C1473,2,24564.25,0.2367,37501.08,22174.41,15326.67,0.4086994294564316,2023,12,Dec,Q4
SO03182,2024-04-16,East,Kolkata,Corporate,Online,Furniture,Bookcases,P10042,C1309,1,4717.42,0.1127,4185.76,3311.65,874.11,0.20882945988303198,2024,4,Apr,Q2
SO03183,2025-05-01,West,Ahmedabad,Consumer,Online,Technology,Printers,P10039,C1143,5,30218.29,0.1292,131568.12,76705.65,54862.47,0.4169890851978428,2025,5,May,Q2
SO03184,2025-12-29,West,Pune,Consumer,Online,Office Supplies,Pens,P10011,C1505,8,936.07,0.3766,4668.54,3151.49,1517.05,0.32495169796124695,2025,12,Dec,Q4
SO03185,2024-07-12,East,Patna,Consumer,Online,Technology,Accessories,P10035,C1509,2,22736.73,0.0742,42099.31,27682.15,14417.17,0.34245620652690034,2024,7,Jul,Q3
SO03186,2025-07-11,West,Surat,Consumer,Retail Store,Technology,Accessories,P10058,C1050,1,27550.65,0.1674,22937.52,15719.7,7217.81,0.3146726411573701,2025,7,Jul,Q3
SO03187,2024-10-31,South,Kochi,Home Office,Online,Technology,Laptops,P10046,C1348,1,29098.67,0.0995,26204.0,15936.95,10267.05,0.39181231872996486,2024,10,Oct,Q4
SO03188,2024-04-13,East,Kolkata,Home Office,Retail Store,Office Supplies,Pens,P10073,C1199,2,683.15,0.3099,942.88,560.96,381.92,0.40505684710673684,2024,4,Apr,Q2
SO03189,2025-08-08,South,Kochi,Home Office,Retail Store,Office Supplies,Pens,P10015,C1196,4,982.71,0.1995,3146.52,1846.69,1299.84,0.4131040006101979,2025,8,Aug,Q3
SO03190,2023-07-29,South,Kochi,Home Office,Online,Furniture,Bookcases,P10053,C1284,1,10931.82,0.3987,6573.71,4784.25,1789.46,0.2722146246183662,2023,7,Jul,Q3
SO03191,2024-12-11,Central,Indore,Corporate,Retail Store,Office Supplies,Binders,P10009,C1315,5,1237.31,0.4157,3614.74,2113.09,1501.65,0.41542406922766234,2024,12,Dec,Q4
SO03192,2024-08-04,East,Kolkata,Corporate,Distributor,Office Supplies,Envelopes,P10071,C1220,5,511.53,0.1476,2180.14,1204.63,975.5,0.4474483290063941,2024,8,Aug,Q3
SO03193,2023-11-28,North,Lucknow,Consumer,Online,Furniture,Chairs,P10056,C1529,7,2304.67,0.3549,10407.96,6493.82,3914.15,0.37607273663619,2023,11,Nov,Q4
SO03194,2025-12-07,Central,Raipur,Corporate,Online,Office Supplies,Pens,P10022,C1052,5,756.92,0.212,2982.29,1879.04,1103.25,0.3699338427852422,2025,12,Dec,Q4
SO03195,2024-10-17,North,Delhi,Consumer,Online,Office Supplies,Envelopes,P10006,C1388,6,990.32,0.1143,5263.0,2393.77,2869.24,0.5451719551586547,2024,10,Oct,Q4
SO03196,2023-06-27,West,Surat,Corporate,Retail Store,Office Supplies,Paper,P10031,C1349,7,932.03,0.2104,5151.59,2664.06,2487.53,0.48286645482268586,2023,6,Jun,Q2
SO03197,2023-08-25,North,Jaipur,Home Office,Distributor,Technology,Printers,P10079,C1546,4,23776.19,0.1531,80543.46,52014.36,28529.09,0.35420740554229974,2023,8,Aug,Q3
SO03198,2024-08-06,North,Jaipur,Corporate,Retail Store,Office Supplies,Envelopes,P10068,C1263,8,1084.1,0.2261,6711.47,4481.66,2229.81,0.33223868988463034,2024,8,Aug,Q3
SO03199,2025-11-13,West,Mumbai,Consumer,Online,Furniture,Tables,P10085,C1360,8,4920.09,0.4966,19813.27,13822.69,5990.58,0.30235190859459343,2025,11,Nov,Q4
SO03200,2024-01-04,South,Kochi,Consumer,Retail Store,Furniture,Bookcases,P10010,C1050,3,6873.59,0.1097,18358.49,12671.09,5687.4,0.3097967207542668,2024,1,Jan,Q1
SO03201,2023-08-13,North,Jaipur,Consumer,Online,Office Supplies,Envelopes,P10066,C1159,9,513.13,0.2528,3450.68,2024.36,1426.32,0.41334461613363166,2023,8,Aug,Q3
SO03202,2023-05-18,East,Kolkata,Consumer,Online,Technology,Accessories,P10013,C1180,5,24599.7,0.1329,106657.77,75213.23,31444.53,0.2948170583352718,2023,5,May,Q2
SO03203,2023-01-08,Central,Indore,Home Office,Retail Store,Furniture,Chairs,P10093,C1279,3,6460.25,0.1656,16172.03,13192.51,2979.52,0.18423908439447614,2023,1,Jan,Q1
SO03204,2025-06-16,Central,Bhopal,Corporate,Online,Office Supplies,Pens,P10011,C1480,8,912.84,0.3789,4535.52,2254.98,2280.54,0.5028177584929622,2025,6,Jun,Q2
SO03205,2024-04-10,North,Jaipur,Corporate,Online,Furniture,Storage,P10077,C1017,2,8267.45,0.1499,14056.23,10276.92,3779.31,0.2688708138668761,2024,4,Apr,Q2
SO03206,2024-07-11,South,Kochi,Consumer,Online,Office Supplies,Paper,P10068,C1210,3,934.05,0.1102,2493.5,1310.51,1182.99,0.4744295167435332,2024,7,Jul,Q3
SO03207,2025-11-30,North,Delhi,Corporate,Online,Furniture,Bookcases,P10061,C1576,6,9828.88,0.1402,50705.21,35007.61,15697.6,0.3095855435762913,2025,11,Nov,Q4
SO03208,2023-03-24,West,Pune,Consumer,Retail Store,Office Supplies,Binders,P10088,C1369,5,697.44,0.1725,2885.51,1840.1,1045.41,0.36229643979747084,2023,3,Mar,Q1
SO03209,2025-01-25,South,Kochi,Corporate,Online,Technology,Printers,P10025,C1082,3,18160.27,0.4697,28891.08,19347.82,9543.26,0.33031856199214427,2025,1,Jan,Q1
SO03210,2025-12-20,South,Kochi,Consumer,Online,Office Supplies,Binders,P10005,C1317,10,1026.69,0.2735,7458.73,4396.25,3062.48,0.41059000660970435,2025,12,Dec,Q4
SO03211,2023-09-21,West,Pune,Consumer,Retail Store,Furniture,Tables,P10047,C1557,3,6963.23,0.0959,18885.63,14151.05,4734.58,0.25069748798425046,2023,9,Sep,Q3
SO03212,2024-12-10,East,Bhubaneswar,Consumer,Retail Store,Technology,Printers,P10050,C1522,8,12266.89,0.2191,76634.91,58575.39,18059.52,0.23565656957123066,2024,12,Dec,Q4
SO03213,2023-09-27,West,Pune,Home Office,Online,Furniture,Bookcases,P10075,C1116,8,7670.25,0.3445,40224.6,29476.02,10748.58,0.26721409286854314,2023,9,Sep,Q3
SO03214,2024-06-16,South,Bengaluru,Consumer,Online,Office Supplies,Envelopes,P10051,C1515,1,1041.92,0.1854,848.79,504.7,344.09,0.4053888476537188,2024,6,Jun,Q2
SO03215,2023-07-08,West,Ahmedabad,Corporate,Retail Store,Technology,Printers,P10018,C1211,4,19358.3,0.3952,46833.55,30131.91,16701.65,0.35661721137944913,2023,7,Jul,Q3
SO03216,2023-05-03,West,Surat,Consumer,Distributor,Technology,Printers,P10077,C1203,7,28494.95,0.1265,174234.69,116754.86,57479.83,0.32989888523347444,2023,5,May,Q2
SO03217,2025-03-31,North,Chandigarh,Corporate,Online,Technology,Laptops,P10004,C1278,5,13914.02,0.5029,34583.01,21253.61,13329.39,0.38543174813297043,2025,3,Mar,Q1
SO03218,2025-02-09,East,Kolkata,Corporate,Retail Store,Furniture,Bookcases,P10019,C1445,10,10056.99,0.1149,89016.98,59509.08,29507.9,0.3314861951056978,2025,2,Feb,Q1
SO03219,2023-12-03,West,Surat,Consumer,Online,Technology,Phones,P10013,C1339,5,17891.69,0.2192,69845.2,45825.54,24019.66,0.3438985069840161,2023,12,Dec,Q4
SO03220,2025-03-27,Central,Raipur,Consumer,Retail Store,Technology,Phones,P10029,C1323,9,13985.96,0.1759,103731.69,78534.04,25197.65,0.24291178520276688,2025,3,Mar,Q1
SO03221,2025-01-20,East,Bhubaneswar,Corporate,Online,Technology,Phones,P10039,C1246,2,15621.55,0.2651,22959.68,16000.38,6959.3,0.30310962522125745,2025,1,Jan,Q1
SO03222,2025-02-01,Central,Nagpur,Corporate,Online,Office Supplies,Paper,P10004,C1187,9,1525.92,0.3305,9194.16,5809.15,3385.01,0.3681695772098811,2025,2,Feb,Q1
SO03223,2023-12-16,East,Patna,Home Office,Online,Furniture,Tables,P10013,C1140,3,8517.58,0.55,11498.73,8738.45,2760.27,0.24004998812912384,2023,12,Dec,Q4
SO03224,2025-07-11,Central,Nagpur,Consumer,Retail Store,Furniture,Chairs,P10093,C1165,5,8107.84,0.1751,33440.98,23182.56,10258.42,0.306761942981336,2025,7,Jul,Q3
SO03225,2023-06-03,West,Mumbai,Consumer,Online,Furniture,Bookcases,P10049,C1506,2,9046.74,0.2726,13160.69,9433.32,3727.37,0.2832199527532371,2023,6,Jun,Q2
SO03226,2023-07-28,South,Hyderabad,Home Office,Distributor,Furniture,Tables,P10030,C1286,3,5450.9,0.1384,14089.2,10183.52,3905.68,0.27721091332368053,2023,7,Jul,Q3
SO03227,2025-05-17,West,Pune,Corporate,Distributor,Office Supplies,Envelopes,P10073,C1598,7,517.34,0.1408,3111.48,1843.88,1267.6,0.4073945517888593,2025,5,May,Q2
SO03228,2023-02-26,South,Bengaluru,Corporate,Online,Technology,Laptops,P10028,C1373,2,24496.4,0.3674,30991.49,21117.27,9874.22,0.3186106895796233,2023,2,Feb,Q1
SO03229,2023-04-08,North,Lucknow,Consumer,Online,Furniture,Tables,P10076,C1570,3,9223.46,0.441,15467.84,10938.56,4529.29,0.2928198119453007,2023,4,Apr,Q2
SO03230,2024-02-12,East,Bhubaneswar,Consumer,Retail Store,Furniture,Tables,P10001,C1533,6,9991.77,0.0924,54408.39,36171.5,18236.89,0.33518525359783663,2024,2,Feb,Q1
SO03231,2023-09-12,South,Hyderabad,Corporate,Online,Technology,Laptops,P10032,C1578,1,12186.65,0.1386,10497.69,7258.64,3239.05,0.3085488331242397,2023,9,Sep,Q3
SO03232,2023-01-16,West,Pune,Consumer,Online,Technology,Accessories,P10072,C1016,9,21077.77,0.384,116859.28,72272.88,44586.4,0.38153923248543037,2023,1,Jan,Q1
SO03233,2024-06-28,West,Mumbai,Corporate,Distributor,Furniture,Storage,P10050,C1272,5,6362.54,0.2995,22284.72,15916.65,6368.07,0.2857594800383401,2024,6,Jun,Q2
SO03234,2025-09-06,Central,Bhopal,Home Office,Online,Furniture,Tables,P10046,C1044,10,9652.07,0.4375,54288.07,36495.65,17792.41,0.32774069883125334,2025,9,Sep,Q3
SO03235,2023-07-17,West,Pune,Consumer,Online,Office Supplies,Binders,P10087,C1104,4,757.34,0.1085,2700.82,1559.56,1141.26,0.4225605556830888,2023,7,Jul,Q3
SO03236,2023-04-18,West,Pune,Corporate,Online,Technology,Printers,P10003,C1156,7,21449.2,0.252,112314.49,64987.42,47327.07,0.4213799127788409,2023,4,Apr,Q2
SO03237,2023-04-26,South,Hyderabad,Corporate,Online,Technology,Laptops,P10014,C1036,10,27734.2,0.2962,195205.36,142353.62,52851.74,0.27074943024105486,2023,4,Apr,Q2
SO03238,2023-06-14,East,Patna,Corporate,Retail Store,Furniture,Bookcases,P10063,C1274,4,10222.35,0.304,28457.95,19446.17,9011.78,0.3166700342083671,2023,6,Jun,Q2
SO03239,2024-12-08,East,Patna,Consumer,Retail Store,Technology,Laptops,P10044,C1080,10,30867.25,0.0529,292355.73,232444.76,59910.97,0.20492490432802532,2024,12,Dec,Q4
SO03240,2024-05-08,Central,Indore,Consumer,Retail Store,Technology,Printers,P10056,C1241,7,24209.93,0.3205,115148.04,76644.66,38503.38,0.33438154917791046,2024,5,May,Q2
SO03241,2025-05-04,West,Pune,Consumer,Retail Store,Furniture,Storage,P10046,C1148,2,8935.89,0.2761,12937.01,8778.05,4158.96,0.32147768301949214,2025,5,May,Q2
SO03242,2023-06-03,North,Delhi,Corporate,Retail Store,Furniture,Chairs,P10082,C1595,5,9734.23,0.4371,27397.59,20418.9,6978.69,0.2547191194553973,2023,6,Jun,Q2
SO03243,2023-01-23,South,Chennai,Corporate,Retail Store,Furniture,Bookcases,P10011,C1015,1,12375.57,0.0731,11471.16,8249.09,3222.07,0.2808844092489339,2023,1,Jan,Q1
SO03244,2025-03-29,North,Jaipur,Home Office,Online,Office Supplies,Pens,P10035,C1334,6,1460.14,0.4103,5166.17,2941.1,2225.07,0.43070011246242385,2025,3,Mar,Q1
SO03245,2023-08-26,West,Mumbai,Consumer,Online,Office Supplies,Paper,P10020,C1233,2,978.96,0.1466,1670.8,1136.94,533.85,0.31951759636102467,2023,8,Aug,Q3
SO03246,2023-05-04,South,Chennai,Corporate,Online,Technology,Laptops,P10099,C1094,2,15986.99,0.4146,18716.25,12322.99,6393.25,0.34158819207907565,2023,5,May,Q2
SO03247,2025-12-27,South,Kochi,Home Office,Online,Technology,Laptops,P10025,C1307,4,37424.22,0.4935,75817.83,53147.66,22670.17,0.2990084258544461,2025,12,Dec,Q4
SO03248,2024-05-01,West,Surat,Consumer,Retail Store,Office Supplies,Pens,P10050,C1077,8,947.38,0.0352,7312.25,4874.84,2437.42,0.333333789189374,2024,5,May,Q2
SO03249,2024-10-22,South,Chennai,Consumer,Distributor,Office Supplies,Binders,P10078,C1068,8,820.67,0.2014,5243.18,2985.22,2257.96,0.4306470500726658,2024,10,Oct,Q4
SO03250,2023-03-16,South,Bengaluru,Corporate,Retail Store,Technology,Phones,P10019,C1189,10,7308.93,0.2661,53642.91,34551.57,19091.34,0.3558967997821147,2023,3,Mar,Q1
SO03251,2023-05-13,Central,Bhopal,Corporate,Online,Technology,Accessories,P10025,C1553,3,29585.91,0.4704,47009.72,31618.82,15390.9,0.3273982487026087,2023,5,May,Q2
SO03252,2024-07-24,West,Ahmedabad,Corporate,Online,Furniture,Storage,P10010,C1375,1,6870.43,0.5367,3183.23,2057.87,1125.37,0.35353084759819425,2024,7,Jul,Q3
SO03253,2023-10-11,West,Pune,Home Office,Retail Store,Furniture,Chairs,P10042,C1032,9,5975.83,0.55,24202.13,19256.37,4945.76,0.20435226155714395,2023,10,Oct,Q4
SO03254,2025-02-20,South,Kochi,Corporate,Retail Store,Furniture,Bookcases,P10011,C1090,9,6623.62,0.2667,43714.52,33920.72,9793.8,0.22403997573346338,2025,2,Feb,Q1
SO03255,2024-03-14,Central,Indore,Corporate,Retail Store,Furniture,Chairs,P10090,C1449,5,9663.42,0.3313,32311.63,22069.44,10242.19,0.31698153265557943,2024,3,Mar,Q1
SO03256,2024-08-23,Central,Raipur,Consumer,Retail Store,Office Supplies,Envelopes,P10048,C1043,8,992.11,0.3615,5067.79,2917.93,2149.85,0.42421844630499683,2024,8,Aug,Q3
SO03257,2023-10-23,West,Surat,Consumer,Distributor,Office Supplies,Pens,P10023,C1386,9,742.43,0.5448,3041.38,1812.0,1229.38,0.4042178221728295,2023,10,Oct,Q4
SO03258,2024-04-25,Central,Indore,Home Office,Online,Furniture,Storage,P10031,C1354,7,8654.08,0.2741,43973.06,30847.14,13125.92,0.29849912651064087,2024,4,Apr,Q2
SO03259,2025-08-14,Central,Bhopal,Consumer,Online,Technology,Accessories,P10005,C1455,2,28286.77,0.1058,50586.97,32939.72,17647.25,0.34884971367132683,2025,8,Aug,Q3
SO03260,2024-01-09,South,Chennai,Corporate,Distributor,Furniture,Storage,P10089,C1323,5,9627.43,0.1584,40510.0,30048.2,10461.8,0.25825228338681805,2024,1,Jan,Q1
SO03261,2024-02-20,West,Mumbai,Consumer,Retail Store,Technology,Laptops,P10094,C1190,2,22209.74,0.1649,37093.95,23271.24,13822.72,0.3726408214816702,2024,2,Feb,Q1
SO03262,2023-12-05,North,Jaipur,Corporate,Online,Office Supplies,Pens,P10058,C1585,4,434.75,0.128,1516.4,924.18,592.22,0.3905433922447903,2023,12,Dec,Q4
SO03263,2025-11-27,East,Patna,Consumer,Online,Technology,Printers,P10032,C1265,2,31769.15,0.4408,35531.04,24141.2,11389.84,0.3205602763105161,2025,11,Nov,Q4
SO03264,2023-11-01,South,Bengaluru,Consumer,Online,Technology,Phones,P10075,C1218,8,7419.15,0.2905,42110.15,27479.03,14631.12,0.34744877422664133,2023,11,Nov,Q4
SO03265,2024-10-16,Central,Raipur,Corporate,Online,Office Supplies,Pens,P10051,C1588,8,916.25,0.2386,5580.94,3216.52,2364.42,0.42365981357979127,2024,10,Oct,Q4
SO03266,2025-09-10,Central,Raipur,Consumer,Retail Store,Office Supplies,Paper,P10083,C1199,2,939.97,0.2708,1370.77,803.99,566.78,0.4134756377802257,2025,9,Sep,Q3
SO03267,2025-12-13,East,Kolkata,Consumer,Online,Technology,Phones,P10076,C1523,5,29753.87,0.333,99236.39,64660.89,34575.5,0.3484155358734835,2025,12,Dec,Q4
SO03268,2025-10-08,North,Chandigarh,Home Office,Online,Technology,Printers,P10029,C1584,10,28816.59,0.4496,158619.91,106429.9,52190.01,0.329025593319275,2025,10,Oct,Q4
SO03269,2025-11-14,North,Chandigarh,Home Office,Online,Technology,Printers,P10019,C1051,4,31162.37,0.1947,100376.19,64586.59,35789.6,0.3565546769607414,2025,11,Nov,Q4
SO03270,2023-02-12,North,Delhi,Home Office,Online,Technology,Phones,P10039,C1214,9,31726.09,0.4154,166922.59,112910.3,54012.29,0.3235768747657223,2023,2,Feb,Q1
SO03271,2024-11-18,West,Pune,Corporate,Retail Store,Office Supplies,Paper,P10085,C1042,5,1035.73,0.0651,4841.46,2638.76,2202.7,0.4549660639559141,2024,11,Nov,Q4
SO03272,2023-10-21,South,Kochi,Corporate,Online,Technology,Accessories,P10096,C1219,8,21725.29,0.3047,120848.61,83571.36,37277.25,0.3084623811560596,2023,10,Oct,Q4
SO03273,2025-06-19,South,Bengaluru,Home Office,Online,Office Supplies,Envelopes,P10060,C1414,6,698.47,0.2713,3053.69,1788.93,1264.76,0.41417432679807054,2025,6,Jun,Q2
SO03274,2023-05-26,West,Pune,Consumer,Online,Technology,Laptops,P10007,C1592,6,35302.26,0.0908,192578.75,125665.77,66912.97,0.3474577023685116,2023,5,May,Q2
SO03275,2025-02-01,South,Chennai,Consumer,Online,Technology,Accessories,P10087,C1021,2,24481.32,0.17,40637.14,29704.68,10932.46,0.2690263143518466,2025,2,Feb,Q1
SO03276,2024-05-04,East,Patna,Consumer,Retail Store,Technology,Laptops,P10079,C1572,10,22379.6,0.3206,152037.16,97459.48,54577.68,0.35897592404383244,2024,5,May,Q2
SO03277,2025-06-23,East,Kolkata,Corporate,Online,Office Supplies,Envelopes,P10046,C1329,10,657.35,0.2577,4879.73,3150.51,1729.23,0.3543700163738568,2025,6,Jun,Q2
SO03278,2025-09-13,South,Chennai,Consumer,Retail Store,Office Supplies,Binders,P10002,C1509,10,794.46,0.0818,7294.64,3513.53,3781.11,0.5183408639768378,2025,9,Sep,Q3
SO03279,2024-12-18,South,Bengaluru,Corporate,Retail Store,Office Supplies,Envelopes,P10022,C1522,5,828.56,0.3585,2657.46,1630.32,1027.14,0.3865119324467725,2024,12,Dec,Q4
SO03280,2023-10-12,East,Bhubaneswar,Home Office,Online,Office Supplies,Binders,P10081,C1087,8,946.57,0.1912,6124.95,3520.64,2604.32,0.425198573049576,2023,10,Oct,Q4
SO03281,2023-08-12,South,Bengaluru,Corporate,Online,Technology,Phones,P10079,C1002,3,20933.67,0.1089,55959.91,34261.88,21698.03,0.3877424034456095,2023,8,Aug,Q3
SO03282,2024-02-16,West,Surat,Corporate,Online,Furniture,Tables,P10073,C1267,4,6152.66,0.3598,15755.33,11241.45,4513.88,0.28649860079097045,2024,2,Feb,Q1
SO03283,2024-05-20,North,Delhi,Corporate,Online,Technology,Laptops,P10004,C1183,4,19722.32,0.1362,68141.84,45860.59,22281.25,0.3269833922887906,2024,5,May,Q2
SO03284,2024-07-23,North,Lucknow,Consumer,Retail Store,Technology,Laptops,P10049,C1384,1,17106.74,0.1132,15169.92,10812.09,4357.83,0.28726783002151624,2024,7,Jul,Q3
SO03285,2024-12-28,Central,Nagpur,Corporate,Distributor,Furniture,Chairs,P10010,C1029,2,8018.47,0.23,12347.88,8711.22,3636.66,0.2945169535175269,2024,12,Dec,Q4
SO03286,2024-02-20,North,Jaipur,Consumer,Retail Store,Technology,Laptops,P10090,C1118,6,21928.58,0.1565,110984.21,75950.65,35033.56,0.31566256136796395,2024,2,Feb,Q1
SO03287,2024-09-11,East,Guwahati,Home Office,Distributor,Technology,Laptops,P10010,C1284,10,30261.36,0.219,236352.6,138562.25,97790.35,0.41374772268212834,2024,9,Sep,Q3
SO03288,2024-03-26,East,Kolkata,Consumer,Retail Store,Office Supplies,Paper,P10038,C1505,4,785.52,0.0323,3040.74,1715.86,1324.88,0.4357097285529181,2024,3,Mar,Q1
SO03289,2023-06-01,Central,Bhopal,Home Office,Retail Store,Furniture,Bookcases,P10011,C1228,1,9060.44,0.2771,6549.88,4647.49,1902.39,0.2904465425320769,2023,6,Jun,Q2
SO03290,2025-07-05,Central,Bhopal,Home Office,Distributor,Furniture,Storage,P10024,C1370,7,6005.23,0.2438,31787.43,25161.91,6625.52,0.208432075194503,2025,7,Jul,Q3
SO03291,2023-03-06,Central,Nagpur,Corporate,Distributor,Office Supplies,Envelopes,P10035,C1291,5,1025.23,0.2775,3703.43,2437.57,1265.86,0.3418074595712623,2023,3,Mar,Q1
SO03292,2024-07-30,South,Kochi,Consumer,Online,Office Supplies,Pens,P10076,C1310,3,1006.22,0.3597,1932.7,1007.83,924.87,0.4785377968644901,2024,7,Jul,Q3
SO03293,2024-11-14,West,Surat,Home Office,Retail Store,Office Supplies,Pens,P10072,C1537,3,1164.47,0.3702,2200.2,1167.87,1032.33,0.4691982547041178,2024,11,Nov,Q4
SO03294,2023-01-27,South,Chennai,Consumer,Online,Furniture,Bookcases,P10033,C1253,2,10136.72,0.3187,13812.81,9144.14,4668.68,0.3379963960989835,2023,1,Jan,Q1
SO03295,2023-08-01,North,Chandigarh,Consumer,Retail Store,Office Supplies,Pens,P10022,C1439,4,1277.59,0.2309,3930.14,2159.05,1771.09,0.45064297963940214,2023,8,Aug,Q3
SO03296,2023-02-19,North,Delhi,Consumer,Online,Furniture,Storage,P10090,C1070,3,7683.83,0.2524,17232.73,11147.21,6085.52,0.3531373148653754,2023,2,Feb,Q1
SO03297,2024-04-28,Central,Nagpur,Consumer,Retail Store,Office Supplies,Envelopes,P10021,C1469,1,1022.51,0.0775,943.23,534.41,408.82,0.43342556958536094,2024,4,Apr,Q2
SO03298,2025-10-03,East,Guwahati,Corporate,Online,Office Supplies,Binders,P10083,C1001,8,1081.95,0.3396,5716.27,3312.51,2403.76,0.42051197721591177,2025,10,Oct,Q4
SO03299,2023-12-16,East,Kolkata,Consumer,Retail Store,Technology,Phones,P10044,C1091,9,17686.87,0.3757,99377.93,63718.94,35658.99,0.3588220241657277,2023,12,Dec,Q4
SO03300,2025-10-22,Central,Bhopal,Consumer,Online,Furniture,Chairs,P10021,C1087,3,9000.05,0.243,20438.99,14137.88,6301.12,0.30828920607133714,2025,10,Oct,Q4
SO03301,2023-09-02,West,Pune,Consumer,Distributor,Office Supplies,Pens,P10045,C1465,3,928.39,0.2661,2044.03,1310.75,733.28,0.3587422885182703,2023,9,Sep,Q3
SO03302,2024-09-11,East,Kolkata,Consumer,Online,Office Supplies,Binders,P10023,C1277,10,888.22,0.0869,8110.31,4862.16,3248.15,0.4004964051928964,2024,9,Sep,Q3
SO03303,2023-02-23,North,Chandigarh,Consumer,Retail Store,Technology,Laptops,P10081,C1546,2,14803.12,0.2163,23202.71,16420.54,6782.17,0.2923007700393618,2023,2,Feb,Q1
SO03304,2024-04-10,East,Kolkata,Corporate,Distributor,Office Supplies,Binders,P10067,C1395,3,601.26,0.3191,1228.19,781.82,446.38,0.36344539525643427,2024,4,Apr,Q2
SO03305,2024-03-21,East,Kolkata,Corporate,Online,Technology,Accessories,P10067,C1224,7,17680.42,0.3412,81531.05,51084.68,30446.38,0.3734329436453964,2024,3,Mar,Q1
SO03306,2023-10-15,North,Delhi,Consumer,Online,Office Supplies,Binders,P10062,C1211,9,1167.99,0.5457,4775.05,2611.68,2163.37,0.45305703605197845,2023,10,Oct,Q4
SO03307,2025-03-26,South,Bengaluru,Consumer,Online,Furniture,Storage,P10076,C1408,1,6869.67,0.2752,4978.96,3735.67,1243.29,0.2497087745231936,2025,3,Mar,Q1
SO03308,2025-09-28,South,Bengaluru,Consumer,Online,Office Supplies,Paper,P10097,C1242,1,1049.51,0.1657,875.62,435.81,439.82,0.5022955163198648,2025,9,Sep,Q3
SO03309,2024-09-03,North,Chandigarh,Corporate,Retail Store,Furniture,Tables,P10043,C1095,3,3318.51,0.4257,5717.64,3651.23,2066.41,0.3614096025632953,2024,9,Sep,Q3
SO03310,2023-08-04,South,Kochi,Consumer,Distributor,Office Supplies,Envelopes,P10050,C1072,7,1208.85,0.1516,7179.39,4547.78,2631.6,0.3665492472201677,2023,8,Aug,Q3
SO03311,2024-03-14,West,Pune,Corporate,Distributor,Furniture,Bookcases,P10033,C1180,2,11027.3,0.3229,14932.62,11850.34,3082.29,0.2064132081309241,2024,3,Mar,Q1
SO03312,2025-08-26,South,Bengaluru,Consumer,Retail Store,Technology,Phones,P10081,C1366,3,24395.92,0.227,56570.74,41490.06,15080.68,0.26658092151525686,2025,8,Aug,Q3
SO03313,2025-12-18,South,Chennai,Corporate,Online,Furniture,Bookcases,P10071,C1309,9,7763.74,0.4301,39820.09,26575.7,13244.39,0.3326057274104604,2025,12,Dec,Q4
SO03314,2025-08-15,South,Chennai,Corporate,Online,Office Supplies,Binders,P10097,C1030,10,1138.31,0.3819,7036.34,3821.65,3214.7,0.45687104375286014,2025,8,Aug,Q3
SO03315,2023-08-09,Central,Indore,Home Office,Online,Technology,Phones,P10093,C1392,7,25311.75,0.2239,137511.0,84984.46,52526.54,0.3819806415486761,2023,8,Aug,Q3
SO03316,2023-01-24,Central,Nagpur,Consumer,Online,Furniture,Chairs,P10051,C1342,5,8954.03,0.1912,36212.11,24344.18,11867.93,0.3277337332732061,2023,1,Jan,Q1
SO03317,2024-03-25,South,Bengaluru,Consumer,Distributor,Technology,Printers,P10054,C1369,10,19227.69,0.1441,164569.0,118265.61,46303.39,0.2813615565507477,2024,3,Mar,Q1
SO03318,2023-06-16,North,Delhi,Consumer,Retail Store,Office Supplies,Envelopes,P10095,C1347,4,1199.32,0.2265,3710.64,2156.02,1554.62,0.418962766530841,2023,6,Jun,Q2
SO03319,2024-01-09,North,Lucknow,Consumer,Online,Furniture,Chairs,P10022,C1147,1,13449.8,0.3373,8913.83,6423.36,2490.46,0.2793928087028808,2024,1,Jan,Q1
SO03320,2023-08-30,West,Surat,Home Office,Retail Store,Furniture,Tables,P10038,C1344,1,12278.02,0.3018,8572.26,5990.46,2581.81,0.30118195201732095,2023,8,Aug,Q3
SO03321,2024-01-01,North,Delhi,Corporate,Retail Store,Office Supplies,Binders,P10066,C1028,1,1138.4,0.4373,640.55,393.87,246.68,0.3851065490594021,2024,1,Jan,Q1
SO03322,2025-07-11,Central,Indore,Consumer,Online,Office Supplies,Binders,P10053,C1259,4,1017.32,0.0781,3751.59,2267.28,1484.31,0.3956482451440589,2025,7,Jul,Q3
SO03323,2024-03-18,Central,Raipur,Home Office,Distributor,Technology,Phones,P10063,C1331,3,23112.67,0.0918,62971.21,39712.34,23258.87,0.3693572030774063,2024,3,Mar,Q1
SO03324,2024-01-01,North,Delhi,Corporate,Distributor,Furniture,Chairs,P10091,C1140,2,9187.93,0.3441,12053.11,9204.81,2848.29,0.236311624136841,2024,1,Jan,Q1
SO03325,2023-02-27,Central,Nagpur,Corporate,Online,Office Supplies,Paper,P10078,C1214,10,568.98,0.2174,4452.57,2584.57,1868.0,0.4195329888132023,2023,2,Feb,Q1
SO03326,2023-02-04,West,Ahmedabad,Corporate,Retail Store,Office Supplies,Envelopes,P10059,C1437,1,1158.46,0.2225,900.7,610.66,290.04,0.3220162096147441,2023,2,Feb,Q1
SO03327,2025-08-16,West,Mumbai,Consumer,Online,Office Supplies,Binders,P10042,C1141,3,908.68,0.2609,2014.77,1080.98,933.79,0.4634722573792542,2025,8,Aug,Q3
SO03328,2025-01-15,East,Patna,Consumer,Retail Store,Office Supplies,Envelopes,P10066,C1148,4,941.95,0.4161,2199.91,1337.81,862.1,0.39187966780459205,2025,1,Jan,Q1
SO03329,2023-05-06,North,Delhi,Home Office,Distributor,Technology,Accessories,P10096,C1072,6,20604.03,0.1643,103309.23,65907.17,37402.06,0.3620398680737433,2023,5,May,Q2
SO03330,2025-07-06,North,Jaipur,Consumer,Retail Store,Technology,Accessories,P10021,C1195,1,22449.92,0.3952,13576.72,9319.17,4257.55,0.31359194267834944,2025,7,Jul,Q3
SO03331,2025-03-08,West,Ahmedabad,Corporate,Online,Office Supplies,Binders,P10060,C1496,10,786.94,0.55,3541.25,2139.98,1401.27,0.3956992587363219,2025,3,Mar,Q1
SO03332,2025-04-26,Central,Bhopal,Home Office,Online,Office Supplies,Envelopes,P10031,C1202,9,911.87,0.1521,6958.2,4063.37,2894.83,0.4160314449139145,2025,4,Apr,Q2
SO03333,2023-10-21,North,Chandigarh,Corporate,Online,Furniture,Storage,P10094,C1131,3,9979.19,0.275,21703.33,15566.58,6136.75,0.28275614848044056,2023,10,Oct,Q4
SO03334,2025-08-21,North,Lucknow,Consumer,Online,Furniture,Chairs,P10057,C1071,6,4335.88,0.139,22398.54,14584.51,7814.03,0.34886336341565116,2025,8,Aug,Q3
SO03335,2023-01-24,West,Ahmedabad,Consumer,Online,Technology,Laptops,P10083,C1291,2,16837.39,0.1356,29107.72,19411.69,9696.03,0.3331085361546696,2023,1,Jan,Q1
SO03336,2023-01-13,North,Jaipur,Consumer,Retail Store,Furniture,Storage,P10020,C1176,5,12654.19,0.2806,45519.16,34363.96,11155.2,0.24506603373172967,2023,1,Jan,Q1
SO03337,2024-08-06,North,Jaipur,Corporate,Retail Store,Technology,Accessories,P10082,C1334,8,18027.67,0.4592,77987.79,48707.08,29280.72,0.37545261892919396,2024,8,Aug,Q3
SO03338,2025-02-03,Central,Bhopal,Consumer,Distributor,Furniture,Bookcases,P10074,C1420,5,6688.62,0.2654,24565.77,18440.97,6124.8,0.24932253293912626,2025,2,Feb,Q1
SO03339,2023-04-21,East,Bhubaneswar,Home Office,Retail Store,Office Supplies,Paper,P10077,C1341,8,966.25,0.2415,5863.05,3392.9,2470.15,0.42130802227509573,2023,4,Apr,Q2
SO03340,2023-04-01,West,Pune,Consumer,Retail Store,Office Supplies,Paper,P10027,C1146,7,467.49,0.1568,2759.27,1498.72,1260.55,0.4568418458505329,2023,4,Apr,Q2
SO03341,2023-12-16,North,Chandigarh,Consumer,Retail Store,Technology,Printers,P10072,C1028,5,23456.77,0.2556,87300.33,57788.25,29512.08,0.33805233038638,2023,12,Dec,Q4
SO03342,2025-10-10,North,Jaipur,Corporate,Retail Store,Technology,Phones,P10007,C1364,1,27014.37,0.1324,23438.68,15280.58,8158.1,0.3480614096015646,2025,10,Oct,Q4
SO03343,2025-09-12,Central,Bhopal,Consumer,Retail Store,Furniture,Bookcases,P10032,C1514,8,7676.7,0.2389,46740.72,33289.56,13451.16,0.28778247318398176,2025,9,Sep,Q3
SO03344,2023-08-06,East,Guwahati,Consumer,Distributor,Furniture,Bookcases,P10086,C1175,6,8700.85,0.2995,36567.72,27366.4,9201.32,0.2516241100074054,2023,8,Aug,Q3
SO03345,2024-07-26,North,Chandigarh,Corporate,Retail Store,Technology,Printers,P10082,C1243,7,16049.95,0.209,88866.98,63806.72,25060.26,0.28199743031663727,2024,7,Jul,Q3
SO03346,2024-11-29,East,Guwahati,Consumer,Distributor,Furniture,Bookcases,P10035,C1135,2,8706.51,0.2811,12518.78,9582.75,2936.03,0.23453004206480185,2024,11,Nov,Q4
SO03347,2025-11-01,West,Mumbai,Consumer,Online,Furniture,Chairs,P10039,C1116,10,11499.66,0.306,79809.5,51196.19,28613.31,0.3585201009904836,2025,11,Nov,Q4
SO03348,2023-10-12,West,Mumbai,Home Office,Online,Office Supplies,Envelopes,P10073,C1385,5,1018.25,0.3319,3401.52,2043.77,1357.76,0.39916272725134644,2023,10,Oct,Q4
SO03349,2024-04-10,West,Mumbai,Corporate,Distributor,Office Supplies,Paper,P10031,C1154,4,798.81,0.1099,2844.07,1645.49,1198.59,0.42143477481215297,2024,4,Apr,Q2
SO03350,2023-09-11,North,Lucknow,Home Office,Retail Store,Furniture,Bookcases,P10084,C1347,9,11622.86,0.2592,77493.18,52880.4,24612.78,0.3176122079388148,2023,9,Sep,Q3
SO03351,2024-10-22,Central,Indore,Corporate,Retail Store,Furniture,Bookcases,P10090,C1184,5,10033.6,0.3832,30943.77,22332.23,8611.54,0.2782964066757218,2024,10,Oct,Q4
SO03352,2023-04-07,South,Chennai,Consumer,Distributor,Technology,Accessories,P10095,C1550,4,16731.75,0.1835,54646.03,41848.37,12797.66,0.23419194404424257,2023,4,Apr,Q2
SO03353,2024-01-20,East,Guwahati,Consumer,Online,Office Supplies,Paper,P10077,C1489,7,1004.6,0.2092,5561.41,3237.88,2323.53,0.4177951274946462,2024,1,Jan,Q1
SO03354,2024-01-30,West,Pune,Consumer,Retail Store,Furniture,Storage,P10100,C1260,4,9952.73,0.287,28386.03,20513.17,7872.86,0.2773498090433921,2024,1,Jan,Q1
SO03355,2024-03-20,East,Kolkata,Consumer,Online,Office Supplies,Paper,P10057,C1070,9,885.88,0.2186,6230.38,3418.87,2811.51,0.45125818970913495,2024,3,Mar,Q1
SO03356,2025-01-15,Central,Nagpur,Home Office,Online,Office Supplies,Binders,P10046,C1028,6,621.14,0.1028,3343.66,2114.24,1229.42,0.3676869059653195,2025,1,Jan,Q1
SO03357,2024-03-26,South,Kochi,Consumer,Online,Technology,Accessories,P10024,C1326,3,27517.42,0.2843,59085.78,37187.13,21898.65,0.37062470868625247,2024,3,Mar,Q1
SO03358,2024-11-06,West,Ahmedabad,Home Office,Online,Office Supplies,Paper,P10073,C1193,2,860.12,0.4543,938.75,588.44,350.31,0.3731664447403462,2024,11,Nov,Q4
SO03359,2023-04-10,West,Surat,Consumer,Distributor,Technology,Printers,P10034,C1567,4,23997.04,0.1861,78128.22,50293.87,27834.34,0.3562648681871928,2023,4,Apr,Q2
SO03360,2023-11-17,North,Lucknow,Corporate,Online,Technology,Phones,P10080,C1333,10,21371.82,0.1197,188130.22,135215.74,52914.47,0.2812651258261432,2023,11,Nov,Q4
SO03361,2025-05-24,South,Hyderabad,Home Office,Online,Technology,Phones,P10069,C1065,5,23988.43,0.2776,86641.61,63298.13,23343.48,0.26942574128066177,2025,5,May,Q2
SO03362,2024-12-27,East,Guwahati,Home Office,Online,Furniture,Storage,P10043,C1470,9,10144.36,0.2466,68780.56,48277.93,20502.63,0.29808757009247966,2024,12,Dec,Q4
SO03363,2024-04-22,North,Chandigarh,Home Office,Retail Store,Office Supplies,Pens,P10006,C1168,5,1000.18,0.236,3820.92,2200.82,1620.1,0.4240078305748353,2024,4,Apr,Q2
SO03364,2023-05-22,North,Chandigarh,Consumer,Online,Office Supplies,Pens,P10059,C1233,10,1444.62,0.3271,9720.25,5675.93,4044.32,0.4160716030966282,2023,5,May,Q2
SO03365,2023-11-06,North,Chandigarh,Consumer,Distributor,Office Supplies,Pens,P10037,C1432,2,602.02,0.2688,880.43,545.98,334.45,0.3798711993003419,2023,11,Nov,Q4
SO03366,2023-08-25,East,Guwahati,Consumer,Online,Office Supplies,Paper,P10058,C1182,5,1030.74,0.0626,4831.29,2397.1,2434.19,0.5038385193188569,2023,8,Aug,Q3
SO03367,2024-08-30,East,Bhubaneswar,Corporate,Online,Technology,Accessories,P10003,C1014,1,13699.33,0.2932,9682.3,6013.89,3668.41,0.378877952552596,2024,8,Aug,Q3
SO03368,2024-09-17,Central,Raipur,Home Office,Online,Office Supplies,Envelopes,P10077,C1193,6,875.03,0.2986,3682.28,2075.23,1607.05,0.4364279739726473,2024,9,Sep,Q3
SO03369,2023-06-11,East,Kolkata,Corporate,Retail Store,Furniture,Tables,P10010,C1192,6,11995.3,0.1348,62270.66,43212.71,19057.94,0.3060500723775852,2023,6,Jun,Q2
SO03370,2024-02-16,North,Lucknow,Home Office,Online,Office Supplies,Paper,P10005,C1376,3,582.07,0.1889,1416.33,768.33,647.99,0.4575134326039836,2024,2,Feb,Q1
SO03371,2025-02-15,Central,Bhopal,Home Office,Online,Technology,Phones,P10080,C1448,8,21965.75,0.1899,142352.75,100371.24,41981.51,0.2949118299435733,2025,2,Feb,Q1
SO03372,2023-10-28,East,Bhubaneswar,Home Office,Online,Office Supplies,Envelopes,P10017,C1499,3,1151.99,0.147,2947.82,1651.62,1296.2,0.43971477227239114,2023,10,Oct,Q4
SO03373,2024-03-29,North,Lucknow,Corporate,Online,Furniture,Bookcases,P10013,C1385,8,7302.32,0.4077,34602.18,25726.73,8875.44,0.25649944598866314,2024,3,Mar,Q1
SO03374,2024-04-01,South,Chennai,Home Office,Retail Store,Technology,Printers,P10082,C1243,1,18796.56,0.2443,14204.52,8784.51,5420.0,0.38156868377108133,2024,4,Apr,Q2
SO03375,2023-08-30,West,Pune,Consumer,Retail Store,Furniture,Bookcases,P10019,C1205,4,5132.9,0.4414,11469.87,8427.79,3042.09,0.265224453284998,2023,8,Aug,Q3
SO03376,2024-05-29,South,Kochi,Consumer,Online,Office Supplies,Paper,P10028,C1402,1,425.85,0.1217,374.02,224.67,149.35,0.3993101973156516,2024,5,May,Q2
SO03377,2025-03-06,North,Lucknow,Consumer,Online,Furniture,Chairs,P10003,C1529,5,5697.47,0.3674,18021.54,13434.37,4587.17,0.25453818042187293,2025,3,Mar,Q1
SO03378,2024-01-22,South,Bengaluru,Consumer,Distributor,Furniture,Tables,P10028,C1247,3,7816.1,0.2408,17801.92,12706.25,5095.67,0.2862427198863943,2024,1,Jan,Q1
SO03379,2023-01-16,West,Surat,Corporate,Retail Store,Technology,Phones,P10016,C1224,5,26658.46,0.2593,98724.06,62608.49,36115.57,0.3658233869231067,2023,1,Jan,Q1
SO03380,2023-01-02,Central,Raipur,Corporate,Retail Store,Technology,Accessories,P10093,C1177,1,25818.81,0.55,11618.46,7398.34,4220.12,0.36322541885929804,2023,1,Jan,Q1
SO03381,2025-06-17,Central,Raipur,Home Office,Distributor,Technology,Printers,P10056,C1072,10,33024.11,0.2759,239120.78,159302.51,79818.27,0.33379896970894796,2025,6,Jun,Q2
SO03382,2025-01-01,Central,Indore,Consumer,Online,Technology,Laptops,P10066,C1052,6,23818.89,0.277,103331.43,67731.97,35599.46,0.34451724901126407,2025,1,Jan,Q1
SO03383,2024-09-18,North,Jaipur,Consumer,Online,Furniture,Tables,P10010,C1021,10,8200.52,0.5249,38957.51,26394.38,12563.13,0.3224828794242753,2024,9,Sep,Q3
SO03384,2023-02-14,South,Bengaluru,Home Office,Distributor,Furniture,Chairs,P10059,C1074,1,6905.31,0.3494,4492.26,3458.49,1033.77,0.23012247732767024,2023,2,Feb,Q1
SO03385,2025-08-05,South,Bengaluru,Consumer,Retail Store,Technology,Accessories,P10005,C1423,6,31956.1,0.0982,172917.56,99741.73,73175.83,0.42318333661428026,2025,8,Aug,Q3
SO03386,2024-12-30,East,Bhubaneswar,Corporate,Retail Store,Office Supplies,Envelopes,P10059,C1150,3,150.0,0.2311,346.01,196.73,149.27,0.431403716655588,2024,12,Dec,Q4
SO03387,2025-10-10,North,Jaipur,Home Office,Online,Furniture,Tables,P10056,C1433,7,8757.07,0.55,27584.78,20865.39,6719.39,0.24359048721795137,2025,10,Oct,Q4
SO03388,2024-12-24,West,Pune,Consumer,Online,Technology,Laptops,P10006,C1212,4,27250.4,0.4662,58184.45,40424.79,17759.66,0.3052303493459163,2024,12,Dec,Q4
SO03389,2023-10-18,West,Ahmedabad,Corporate,Retail Store,Office Supplies,Pens,P10049,C1126,9,194.15,0.1811,1430.89,909.08,521.81,0.36467513226034143,2023,10,Oct,Q4
SO03390,2023-09-13,North,Delhi,Home Office,Retail Store,Office Supplies,Paper,P10081,C1316,1,623.7,0.258,462.81,274.19,188.61,0.40753224865495563,2023,9,Sep,Q3
SO03391,2023-01-29,East,Kolkata,Home Office,Distributor,Furniture,Bookcases,P10036,C1422,1,10967.69,0.1657,9150.25,6937.55,2212.7,0.24181852954837296,2023,1,Jan,Q1
SO03392,2025-02-02,South,Hyderabad,Corporate,Distributor,Office Supplies,Binders,P10043,C1040,10,971.57,0.2621,7169.59,4283.86,2885.73,0.40249581914725946,2025,2,Feb,Q1
SO03393,2025-12-07,Central,Nagpur,Home Office,Online,Furniture,Storage,P10044,C1387,10,6534.27,0.2912,46314.31,34226.39,12087.93,0.2609977348253704,2025,12,Dec,Q4
SO03394,2023-07-02,East,Kolkata,Corporate,Online,Furniture,Tables,P10009,C1330,4,10994.43,0.4271,25196.13,17374.74,7821.39,0.3104202907351248,2023,7,Jul,Q3
SO03395,2023-06-11,South,Chennai,Consumer,Online,Technology,Printers,P10047,C1009,1,17249.49,0.2748,12508.86,7892.89,4615.97,0.3690160414298345,2023,6,Jun,Q2
SO03396,2025-10-22,West,Ahmedabad,Consumer,Online,Furniture,Storage,P10070,C1528,2,7202.83,0.1482,12271.0,8334.38,3936.62,0.3208067802135115,2025,10,Oct,Q4
SO03397,2024-03-31,South,Kochi,Corporate,Retail Store,Furniture,Storage,P10065,C1515,8,10374.42,0.1774,68270.81,47404.74,20866.07,0.3056367721431751,2024,3,Mar,Q1
SO03398,2025-03-01,Central,Raipur,Consumer,Online,Furniture,Bookcases,P10087,C1276,2,9058.15,0.3543,11697.62,8551.92,3145.7,0.2689179508310237,2025,3,Mar,Q1
SO03399,2023-07-21,North,Jaipur,Corporate,Online,Technology,Phones,P10100,C1578,4,10869.48,0.1372,37512.26,27796.05,9716.22,0.25901451951975163,2023,7,Jul,Q3
SO03400,2024-03-05,North,Delhi,Consumer,Distributor,Office Supplies,Envelopes,P10089,C1445,9,1005.59,0.1831,7392.88,5222.35,2170.54,0.2935987057817792,2024,3,Mar,Q1
SO03401,2025-03-03,West,Mumbai,Corporate,Retail Store,Technology,Accessories,P10057,C1409,4,26847.32,0.3789,66704.86,45934.45,20770.4,0.31137761176621914,2025,3,Mar,Q1
SO03402,2025-11-02,South,Chennai,Consumer,Retail Store,Office Supplies,Envelopes,P10026,C1054,4,1712.66,0.55,3082.79,1902.39,1180.41,0.38290314941984377,2025,11,Nov,Q4
SO03403,2024-01-09,North,Chandigarh,Consumer,Distributor,Technology,Printers,P10086,C1285,6,26942.41,0.1321,140293.32,95779.94,44513.38,0.31728795070214316,2024,1,Jan,Q1
SO03404,2023-03-08,South,Chennai,Home Office,Distributor,Office Supplies,Envelopes,P10097,C1352,4,875.32,0.1034,3139.18,1854.16,1285.02,0.4093489382577616,2023,3,Mar,Q1
SO03405,2024-01-13,Central,Raipur,Home Office,Online,Furniture,Bookcases,P10093,C1508,4,8507.54,0.1453,29086.92,21990.65,7096.27,0.24396773532570656,2024,1,Jan,Q1
SO03406,2024-06-17,East,Bhubaneswar,Home Office,Retail Store,Furniture,Storage,P10019,C1540,4,9326.69,0.55,16788.04,12556.49,4231.55,0.25205741706595886,2024,6,Jun,Q2
SO03407,2024-11-18,East,Bhubaneswar,Consumer,Retail Store,Office Supplies,Envelopes,P10072,C1064,3,1080.87,0.179,2662.19,1587.8,1074.39,0.40357374943185875,2024,11,Nov,Q4
SO03408,2025-08-07,North,Chandigarh,Home Office,Retail Store,Furniture,Chairs,P10010,C1258,10,9242.92,0.3686,58357.82,42162.3,16195.52,0.2775209903317156,2025,8,Aug,Q3
SO03409,2025-08-22,North,Lucknow,Corporate,Online,Office Supplies,Envelopes,P10063,C1233,8,1032.42,0.2802,5945.48,3250.29,2695.19,0.4533174781514697,2025,8,Aug,Q3
SO03410,2025-04-28,South,Chennai,Consumer,Online,Technology,Printers,P10017,C1047,9,30538.32,0.09,250110.16,186901.51,63208.65,0.25272324003151253,2025,4,Apr,Q2
SO03411,2025-06-15,East,Kolkata,Consumer,Retail Store,Office Supplies,Pens,P10002,C1383,3,673.82,0.55,909.66,528.54,381.12,0.41896972495217993,2025,6,Jun,Q2
SO03412,2024-01-05,South,Hyderabad,Corporate,Online,Office Supplies,Paper,P10095,C1444,8,908.83,0.1974,5835.47,3535.35,2300.11,0.3941601961795708,2024,1,Jan,Q1
SO03413,2023-08-26,South,Kochi,Home Office,Distributor,Furniture,Chairs,P10073,C1568,1,5022.25,0.3881,3072.97,2544.69,528.28,0.17191186376697462,2023,8,Aug,Q3
SO03414,2024-08-14,East,Kolkata,Corporate,Online,Office Supplies,Envelopes,P10057,C1351,10,1078.29,0.4112,6349.1,3452.07,2897.03,0.4562898678552866,2024,8,Aug,Q3
SO03415,2025-09-16,North,Chandigarh,Consumer,Retail Store,Office Supplies,Binders,P10045,C1209,10,877.22,0.3649,5571.19,3218.54,2352.65,0.42228859543472763,2025,9,Sep,Q3
SO03416,2024-06-10,Central,Nagpur,Home Office,Online,Office Supplies,Pens,P10043,C1179,6,975.61,0.2968,4116.14,2352.74,1763.39,0.4284086547104812,2024,6,Jun,Q2
SO03417,2025-01-24,Central,Bhopal,Home Office,Online,Technology,Laptops,P10063,C1213,3,32101.55,0.1824,78737.45,49483.85,29253.6,0.37153349517923173,2025,1,Jan,Q1
SO03418,2023-06-03,North,Jaipur,Corporate,Distributor,Technology,Printers,P10057,C1158,4,14181.19,0.0984,51140.29,35181.2,15959.09,0.3120649100738381,2023,6,Jun,Q2
SO03419,2025-10-21,South,Bengaluru,Consumer,Online,Technology,Phones,P10062,C1263,7,27164.73,0.2411,144300.72,96761.93,47538.79,0.3294425003562006,2025,10,Oct,Q4
SO03420,2024-07-04,West,Pune,Home Office,Online,Technology,Laptops,P10006,C1274,3,22309.57,0.1362,57815.64,34811.89,23003.75,0.3978810923826148,2024,7,Jul,Q3
SO03421,2024-05-14,North,Chandigarh,Corporate,Retail Store,Furniture,Bookcases,P10015,C1331,3,10130.31,0.1467,25933.9,19369.44,6564.46,0.2531227466752012,2024,5,May,Q2
SO03422,2025-03-05,South,Bengaluru,Consumer,Distributor,Furniture,Storage,P10073,C1427,5,8376.3,0.2316,32182.69,21922.58,10260.11,0.31880834075709646,2025,3,Mar,Q1
SO03423,2023-02-19,North,Lucknow,Consumer,Online,Furniture,Storage,P10082,C1390,1,8225.11,0.2093,6503.39,4449.94,2053.45,0.315750708476656,2023,2,Feb,Q1
SO03424,2025-10-27,North,Chandigarh,Consumer,Online,Technology,Printers,P10097,C1479,10,23136.65,0.2458,174499.43,118805.87,55693.56,0.31916184482665644,2025,10,Oct,Q4
SO03425,2023-06-13,West,Ahmedabad,Consumer,Online,Furniture,Chairs,P10013,C1375,4,10901.57,0.2767,31538.43,22572.92,8965.51,0.2842725525652355,2023,6,Jun,Q2
SO03426,2024-07-01,West,Mumbai,Home Office,Retail Store,Furniture,Bookcases,P10069,C1306,9,8374.92,0.2526,56333.86,38936.72,17397.14,0.3088220832018257,2024,7,Jul,Q3
SO03427,2023-04-17,Central,Raipur,Consumer,Online,Office Supplies,Envelopes,P10031,C1486,3,1082.28,0.1128,2880.66,1723.03,1157.63,0.40186276756021194,2023,4,Apr,Q2
SO03428,2025-04-25,West,Pune,Corporate,Retail Store,Office Supplies,Binders,P10071,C1554,9,984.23,0.15,7529.15,4651.38,2877.77,0.3822171161419284,2025,4,Apr,Q2
SO03429,2023-06-05,South,Chennai,Consumer,Retail Store,Furniture,Storage,P10018,C1219,4,13242.21,0.2872,37758.84,29514.79,8244.05,0.21833430264277187,2023,6,Jun,Q2
SO03430,2023-09-22,West,Pune,Corporate,Retail Store,Furniture,Chairs,P10018,C1019,9,9644.08,0.2452,65511.29,50888.66,14622.63,0.22320778601673083,2023,9,Sep,Q3
SO03431,2023-05-07,West,Mumbai,Home Office,Online,Furniture,Bookcases,P10002,C1546,5,12611.94,0.121,55426.77,42430.24,12996.53,0.23448110001719388,2023,5,May,Q2
SO03432,2025-01-31,East,Kolkata,Consumer,Online,Office Supplies,Binders,P10069,C1093,7,1401.87,0.3042,6827.92,4245.01,2582.91,0.3782865059930403,2025,1,Jan,Q1
SO03433,2024-05-19,West,Pune,Consumer,Retail Store,Technology,Accessories,P10028,C1422,2,29800.09,0.4482,32884.7,20917.2,11967.5,0.36392304019802524,2024,5,May,Q2
SO03434,2024-07-06,West,Ahmedabad,Consumer,Retail Store,Furniture,Chairs,P10006,C1257,9,6103.92,0.2231,42676.71,29798.2,12878.52,0.30176927884084787,2024,7,Jul,Q3
SO03435,2025-08-09,West,Mumbai,Consumer,Retail Store,Technology,Printers,P10070,C1323,6,22475.96,0.2002,107851.97,69220.78,38631.19,0.35818715226064024,2025,8,Aug,Q3
SO03436,2025-01-02,North,Delhi,Corporate,Online,Technology,Phones,P10090,C1341,2,18966.68,0.2017,30280.87,17909.73,12371.15,0.4085467161280373,2025,1,Jan,Q1
SO03437,2024-04-28,West,Pune,Corporate,Online,Office Supplies,Pens,P10066,C1067,2,1134.83,0.1682,1887.94,1196.72,691.22,0.36612392342977,2024,4,Apr,Q2
SO03438,2023-12-04,North,Jaipur,Home Office,Online,Technology,Laptops,P10075,C1549,1,26401.1,0.099,23787.37,16352.66,7434.71,0.3125486340019935,2023,12,Dec,Q4
SO03439,2023-10-22,East,Patna,Consumer,Online,Office Supplies,Envelopes,P10030,C1512,6,652.21,0.2456,2952.12,1621.07,1331.05,0.45087936804736933,2023,10,Oct,Q4
SO03440,2023-01-29,North,Lucknow,Consumer,Online,Technology,Laptops,P10022,C1478,9,17135.06,0.4147,90257.31,56836.37,33420.94,0.370285132583721,2023,1,Jan,Q1
SO03441,2024-02-06,South,Kochi,Corporate,Online,Furniture,Storage,P10092,C1240,7,7110.78,0.2606,36803.91,27370.4,9433.52,0.25631841834196417,2024,2,Feb,Q1
SO03442,2025-12-05,South,Kochi,Consumer,Online,Office Supplies,Binders,P10083,C1443,10,1141.68,0.2727,8303.89,4595.92,3707.97,0.446534094261846,2025,12,Dec,Q4
SO03443,2023-01-21,North,Jaipur,Consumer,Online,Furniture,Storage,P10100,C1316,4,10647.34,0.1955,34262.46,24140.88,10121.59,0.29541340580915676,2023,1,Jan,Q1
SO03444,2025-09-14,North,Jaipur,Corporate,Retail Store,Technology,Laptops,P10062,C1425,10,28270.5,0.2352,216210.36,151332.32,64878.04,0.3000690623705543,2025,9,Sep,Q3
SO03445,2024-09-21,South,Kochi,Consumer,Retail Store,Furniture,Bookcases,P10007,C1269,1,7908.39,0.1932,6380.1,4292.25,2087.85,0.3272440870832745,2024,9,Sep,Q3
SO03446,2024-06-13,South,Chennai,Consumer,Online,Technology,Printers,P10008,C1414,3,21688.01,0.4476,35943.03,23256.2,12686.83,0.35297052029280784,2024,6,Jun,Q2
SO03447,2025-05-31,Central,Indore,Consumer,Online,Office Supplies,Paper,P10073,C1524,7,1728.44,0.364,7694.72,4657.85,3036.87,0.3946693316975796,2025,5,May,Q2
SO03448,2025-06-17,South,Hyderabad,Consumer,Retail Store,Furniture,Chairs,P10046,C1228,8,10127.39,0.1728,67017.96,48901.21,18116.75,0.27032679001270704,2025,6,Jun,Q2
SO03449,2024-07-23,South,Kochi,Consumer,Online,Office Supplies,Paper,P10083,C1349,9,1325.19,0.1743,9847.74,5485.7,4362.05,0.4429493467536714,2024,7,Jul,Q3
SO03450,2025-01-07,Central,Raipur,Consumer,Retail Store,Technology,Accessories,P10010,C1006,8,30033.46,0.2268,185773.79,131695.06,54078.73,0.29109989089418914,2025,1,Jan,Q1
SO03451,2024-10-04,West,Mumbai,Consumer,Retail Store,Furniture,Storage,P10083,C1320,6,12206.2,0.1789,60137.3,43250.62,16886.67,0.2808019315799013,2024,10,Oct,Q4
SO03452,2024-04-13,Central,Indore,Consumer,Online,Technology,Printers,P10035,C1527,6,14724.53,0.3272,59441.91,37168.28,22273.63,0.3747125555016654,2024,4,Apr,Q2
SO03453,2024-09-24,North,Delhi,Home Office,Online,Furniture,Chairs,P10078,C1258,10,9475.66,0.2374,72257.25,47599.2,24658.04,0.34125350743351013,2024,9,Sep,Q3
SO03454,2023-05-28,East,Guwahati,Consumer,Retail Store,Technology,Accessories,P10078,C1220,4,23178.7,0.0916,84221.72,55571.76,28649.96,0.3401730574963323,2023,5,May,Q2
SO03455,2025-04-04,West,Pune,Consumer,Distributor,Office Supplies,Binders,P10043,C1066,7,747.28,0.2525,3910.4,2307.32,1603.08,0.40995294599018,2025,4,Apr,Q2
SO03456,2023-09-26,South,Hyderabad,Consumer,Retail Store,Technology,Accessories,P10083,C1069,10,12262.82,0.434,69402.86,41568.35,27834.51,0.4010571034104358,2023,9,Sep,Q3
SO03457,2025-02-08,North,Chandigarh,Consumer,Online,Technology,Printers,P10057,C1264,3,21791.26,0.3287,43882.94,27389.87,16493.06,0.3758421837734664,2025,2,Feb,Q1
SO03458,2024-08-23,West,Pune,Corporate,Retail Store,Furniture,Chairs,P10053,C1542,4,10208.02,0.2404,31017.46,23007.98,8009.47,0.2582245612632369,2024,8,Aug,Q3
SO03459,2023-06-27,Central,Nagpur,Home Office,Retail Store,Technology,Accessories,P10063,C1517,4,23834.54,0.1147,84403.82,55550.24,28853.58,0.34185158918162706,2023,6,Jun,Q2
SO03460,2024-01-06,North,Jaipur,Consumer,Retail Store,Furniture,Tables,P10084,C1560,5,11634.19,0.2144,45698.99,34175.61,11523.39,0.25215852691711566,2024,1,Jan,Q1
SO03461,2023-07-01,North,Lucknow,Corporate,Online,Furniture,Tables,P10028,C1493,7,10363.31,0.4663,38717.28,28243.0,10474.28,0.2705324340966101,2023,7,Jul,Q3
SO03462,2023-07-09,West,Ahmedabad,Home Office,Retail Store,Furniture,Chairs,P10039,C1099,5,5506.73,0.1359,23790.65,17122.67,6667.98,0.2802773358441236,2023,7,Jul,Q3
SO03463,2024-10-17,South,Hyderabad,Home Office,Retail Store,Office Supplies,Binders,P10040,C1327,4,465.45,0.2092,1472.21,902.3,569.92,0.38711868551361556,2024,10,Oct,Q4
SO03464,2024-03-09,East,Kolkata,Home Office,Distributor,Technology,Phones,P10004,C1182,5,20163.27,0.1663,84048.2,65440.01,18608.2,0.22139914953562362,2024,3,Mar,Q1
SO03465,2025-09-07,South,Kochi,Home Office,Online,Office Supplies,Pens,P10043,C1584,4,1002.6,0.1575,3378.62,1928.58,1450.04,0.42918114496451215,2025,9,Sep,Q3
SO03466,2025-02-19,South,Chennai,Consumer,Online,Technology,Phones,P10043,C1244,2,45407.85,0.2733,65998.86,47348.8,18650.06,0.28258154762067106,2025,2,Feb,Q1
SO03467,2024-07-07,East,Bhubaneswar,Corporate,Online,Office Supplies,Envelopes,P10045,C1123,8,650.31,0.2767,3762.89,2093.7,1669.19,0.4435925578478244,2024,7,Jul,Q3
SO03468,2023-02-22,East,Bhubaneswar,Consumer,Retail Store,Technology,Printers,P10065,C1232,10,20981.07,0.0907,190783.88,145194.93,45588.96,0.23895603758556538,2023,2,Feb,Q1
SO03469,2024-05-24,West,Ahmedabad,Home Office,Retail Store,Technology,Printers,P10052,C1585,2,28807.65,0.2693,42098.25,29187.98,12910.28,0.30667022976014446,2024,5,May,Q2
SO03470,2023-04-22,West,Pune,Consumer,Distributor,Technology,Printers,P10012,C1466,10,31318.7,0.0808,287889.04,172668.45,115220.59,0.40022569112044004,2023,4,Apr,Q2
SO03471,2023-07-23,North,Jaipur,Consumer,Online,Furniture,Storage,P10068,C1417,4,9040.41,0.4695,19182.46,13593.66,5588.8,0.29134949323496573,2023,7,Jul,Q3
SO03472,2025-07-20,North,Delhi,Consumer,Online,Technology,Accessories,P10078,C1263,1,31036.31,0.1798,25456.92,15785.34,9671.58,0.3799194875106651,2025,7,Jul,Q3
SO03473,2024-04-24,East,Guwahati,Corporate,Retail Store,Office Supplies,Pens,P10073,C1540,6,656.19,0.0955,3561.22,1884.66,1676.56,0.4707824846541354,2024,4,Apr,Q2
SO03474,2023-11-11,Central,Bhopal,Consumer,Retail Store,Technology,Phones,P10048,C1427,10,19175.85,0.203,152834.99,98237.7,54597.3,0.3572303698256532,2023,11,Nov,Q4
SO03475,2025-12-01,South,Bengaluru,Consumer,Retail Store,Technology,Phones,P10089,C1060,8,30220.09,0.3958,146081.8,104570.99,41510.81,0.28416140819732505,2025,12,Dec,Q4
SO03476,2023-12-22,East,Patna,Consumer,Retail Store,Office Supplies,Envelopes,P10056,C1231,1,817.49,0.4628,439.19,229.71,209.48,0.4769689655957558,2023,12,Dec,Q4
SO03477,2024-10-10,East,Bhubaneswar,Home Office,Online,Furniture,Chairs,P10043,C1130,5,6636.23,0.3441,21762.92,16569.21,5193.71,0.23864950107798036,2024,10,Oct,Q4
SO03478,2023-08-13,East,Kolkata,Corporate,Distributor,Office Supplies,Pens,P10017,C1177,5,998.52,0.2364,3812.35,2399.6,1412.76,0.37057457998347476,2023,8,Aug,Q3
SO03479,2024-08-09,North,Chandigarh,Home Office,Online,Technology,Accessories,P10003,C1314,2,31502.65,0.3476,41101.7,28248.49,12853.21,0.3127172355401358,2024,8,Aug,Q3
SO03480,2023-03-20,South,Bengaluru,Home Office,Retail Store,Office Supplies,Pens,P10029,C1288,4,701.8,0.1466,2395.71,1358.66,1037.05,0.43287793597722596,2023,3,Mar,Q1
SO03481,2024-08-30,South,Chennai,Consumer,Online,Office Supplies,Paper,P10084,C1298,10,821.86,0.4018,4916.49,2839.87,2076.61,0.42237653285168897,2024,8,Aug,Q3
SO03482,2025-10-22,South,Hyderabad,Corporate,Retail Store,Office Supplies,Pens,P10078,C1586,9,1195.21,0.2232,8356.42,5503.62,2852.79,0.3413890158704325,2025,10,Oct,Q4
SO03483,2025-06-10,West,Pune,Home Office,Online,Furniture,Tables,P10012,C1461,7,7338.15,0.2502,38514.07,27430.89,11083.19,0.28776989811775283,2025,6,Jun,Q2
SO03484,2023-06-06,Central,Raipur,Corporate,Retail Store,Technology,Accessories,P10026,C1084,6,27520.13,0.1108,146825.9,104662.27,42163.64,0.2871675910040395,2023,6,Jun,Q2
SO03485,2024-04-27,North,Jaipur,Home Office,Online,Office Supplies,Pens,P10027,C1101,2,907.49,0.55,816.74,486.82,329.92,0.4039474006415751,2024,4,Apr,Q2
SO03486,2025-02-03,Central,Indore,Consumer,Online,Furniture,Chairs,P10049,C1382,1,8343.29,0.3142,5721.63,4103.25,1618.38,0.28285296322900993,2025,2,Feb,Q1
SO03487,2024-10-18,South,Bengaluru,Corporate,Distributor,Technology,Printers,P10014,C1141,5,28650.33,0.193,115597.57,76068.49,39529.08,0.34195424696211174,2024,10,Oct,Q4
SO03488,2025-09-24,Central,Indore,Consumer,Retail Store,Office Supplies,Envelopes,P10021,C1135,4,539.77,0.55,971.58,482.83,488.75,0.5030465839148603,2025,9,Sep,Q3
SO03489,2023-12-24,North,Delhi,Consumer,Online,Technology,Phones,P10006,C1172,6,17848.12,0.2146,84105.09,53608.05,30497.04,0.3626063535512536,2023,12,Dec,Q4
SO03490,2024-08-03,South,Chennai,Home Office,Online,Office Supplies,Envelopes,P10019,C1333,8,867.1,0.2955,4886.73,3205.72,1681.02,0.3439969059064037,2024,8,Aug,Q3
SO03491,2024-02-14,East,Kolkata,Consumer,Online,Technology,Accessories,P10050,C1479,8,20008.69,0.2963,112647.13,75953.44,36693.69,0.32574012316159323,2024,2,Feb,Q1
SO03492,2025-04-27,North,Jaipur,Consumer,Retail Store,Office Supplies,Envelopes,P10097,C1329,5,428.32,0.3904,1305.58,740.95,564.62,0.4324667963663659,2025,4,Apr,Q2
SO03493,2024-11-07,East,Patna,Consumer,Online,Technology,Phones,P10004,C1208,7,17655.39,0.1803,101307.93,66053.43,35254.5,0.3479934887624296,2024,11,Nov,Q4
SO03494,2023-04-19,East,Patna,Home Office,Online,Technology,Accessories,P10084,C1469,10,28503.08,0.2908,202137.55,108643.81,93493.75,0.46252539421794714,2023,4,Apr,Q2
SO03495,2023-09-22,South,Chennai,Consumer,Distributor,Furniture,Storage,P10041,C1480,7,8924.05,0.306,43352.31,27284.48,16067.83,0.3706337678430515,2023,9,Sep,Q3
SO03496,2025-12-31,Central,Nagpur,Consumer,Retail Store,Office Supplies,Pens,P10038,C1061,7,737.67,0.281,3712.78,1995.5,1717.27,0.4625294253901389,2025,12,Dec,Q4
SO03497,2025-09-24,North,Lucknow,Consumer,Online,Technology,Laptops,P10074,C1352,7,20138.34,0.161,118277.61,76166.73,42110.88,0.356034248578408,2025,9,Sep,Q3
SO03498,2025-07-15,East,Kolkata,Consumer,Distributor,Technology,Phones,P10063,C1505,5,19805.13,0.179,81302.15,51449.48,29852.68,0.367181925693232,2025,7,Jul,Q3
SO03499,2024-10-12,East,Bhubaneswar,Home Office,Retail Store,Furniture,Storage,P10055,C1373,10,7320.31,0.2342,56060.83,43509.14,12551.69,0.2238941164445835,2024,10,Oct,Q4
SO03500,2023-11-04,West,Ahmedabad,Home Office,Online,Office Supplies,Paper,P10077,C1503,7,1089.94,0.0881,6957.34,3881.5,3075.84,0.4420999979877367,2023,11,Nov,Q4
SO03501,2025-02-05,West,Ahmedabad,Consumer,Online,Technology,Laptops,P10012,C1158,9,20499.75,0.3262,124318.39,88938.47,35379.93,0.28459128211039414,2025,2,Feb,Q1
SO03502,2023-09-28,West,Surat,Corporate,Online,Furniture,Bookcases,P10012,C1269,6,8456.12,0.4002,30430.57,20350.3,10080.27,0.33125472181428084,2023,9,Sep,Q3
SO03503,2025-11-21,North,Chandigarh,Home Office,Online,Furniture,Bookcases,P10009,C1354,10,5006.45,0.3003,35031.99,25117.15,9914.84,0.2830224603284027,2025,11,Nov,Q4
SO03504,2025-10-28,West,Pune,Corporate,Online,Technology,Accessories,P10003,C1494,10,16489.36,0.1904,133496.62,80732.85,52763.77,0.3952442391425341,2025,10,Oct,Q4
SO03505,2023-04-30,West,Pune,Consumer,Online,Furniture,Chairs,P10041,C1344,1,8458.55,0.3237,5720.69,4166.72,1553.96,0.27163856108266665,2023,4,Apr,Q2
SO03506,2025-04-06,Central,Bhopal,Home Office,Distributor,Technology,Laptops,P10043,C1585,10,23331.84,0.4854,120074.39,75940.03,44134.36,0.3675584777070281,2025,4,Apr,Q2
SO03507,2023-04-15,North,Delhi,Consumer,Distributor,Technology,Phones,P10073,C1239,3,22701.55,0.1206,59894.33,38537.16,21357.18,0.35658099856864583,2023,4,Apr,Q2
SO03508,2023-03-25,West,Mumbai,Consumer,Retail Store,Furniture,Chairs,P10008,C1536,6,10491.18,0.1423,53988.37,40820.43,13167.94,0.24390327027839515,2023,3,Mar,Q1
SO03509,2023-11-19,East,Kolkata,Home Office,Online,Furniture,Bookcases,P10079,C1286,6,6472.9,0.245,29321.48,24360.96,4960.52,0.16917699925106103,2023,11,Nov,Q4
SO03510,2025-06-03,Central,Bhopal,Consumer,Online,Technology,Printers,P10020,C1038,4,25510.93,0.2721,74279.56,46052.62,28226.93,0.38000938616222285,2025,6,Jun,Q2
SO03511,2025-11-14,North,Chandigarh,Home Office,Online,Technology,Laptops,P10035,C1408,1,23177.53,0.2686,16950.99,12146.1,4804.89,0.2834577803420331,2025,11,Nov,Q4
SO03512,2025-03-11,South,Hyderabad,Consumer,Online,Technology,Accessories,P10045,C1041,6,15108.75,0.2831,64992.82,41049.62,23943.2,0.3683976168444453,2025,3,Mar,Q1
SO03513,2024-11-13,Central,Bhopal,Consumer,Retail Store,Technology,Phones,P10093,C1350,7,12082.16,0.2818,60743.13,41028.61,19714.52,0.3245555505618496,2024,11,Nov,Q4
SO03514,2023-10-05,East,Bhubaneswar,Consumer,Online,Technology,Phones,P10034,C1581,7,20852.75,0.331,97649.77,67459.98,30189.79,0.3091639642366797,2023,10,Oct,Q4
SO03515,2025-11-09,North,Chandigarh,Corporate,Distributor,Furniture,Chairs,P10045,C1578,1,8350.08,0.4752,4381.85,3360.76,1021.09,0.2330271460684414,2025,11,Nov,Q4
SO03516,2023-11-23,South,Bengaluru,Consumer,Retail Store,Furniture,Chairs,P10012,C1510,5,11748.95,0.55,26435.14,18469.69,7965.46,0.30132089332608036,2023,11,Nov,Q4
SO03517,2023-01-28,South,Bengaluru,Consumer,Retail Store,Technology,Accessories,P10090,C1213,3,24579.77,0.1509,62615.33,42998.83,19616.51,0.31328605950012556,2023,1,Jan,Q1
SO03518,2023-12-10,West,Mumbai,Corporate,Online,Office Supplies,Binders,P10011,C1381,8,914.85,0.2293,5640.55,3198.57,2441.98,0.43293295866537834,2023,12,Dec,Q4
SO03519,2023-05-04,West,Mumbai,Consumer,Online,Technology,Printers,P10035,C1019,4,25175.88,0.3881,61617.9,37460.25,24157.65,0.39205571757557467,2023,5,May,Q2
SO03520,2024-12-14,South,Bengaluru,Consumer,Online,Furniture,Storage,P10001,C1176,5,8496.63,0.2709,30972.4,21874.28,9098.12,0.29374927354677066,2024,12,Dec,Q4
SO03521,2024-02-23,West,Mumbai,Consumer,Distributor,Office Supplies,Envelopes,P10037,C1412,7,760.55,0.4513,2921.01,2008.7,912.31,0.31232690062683793,2024,2,Feb,Q1
SO03522,2024-01-28,Central,Indore,Home Office,Online,Office Supplies,Pens,P10025,C1072,9,894.06,0.3437,5280.71,3377.46,1903.24,0.36041365649694834,2024,1,Jan,Q1
SO03523,2023-01-15,East,Bhubaneswar,Consumer,Retail Store,Technology,Phones,P10027,C1352,2,26830.45,0.1141,47537.36,29669.46,17867.9,0.3758706836054842,2023,1,Jan,Q1
SO03524,2023-10-30,West,Ahmedabad,Consumer,Retail Store,Technology,Printers,P10093,C1028,2,29054.94,0.0688,54113.84,33692.75,20421.08,0.3773725908196499,2023,10,Oct,Q4
SO03525,2024-11-21,West,Surat,Consumer,Online,Furniture,Tables,P10025,C1129,2,7171.84,0.3727,8997.5,6229.85,2767.65,0.3076021116976938,2024,11,Nov,Q4
SO03526,2024-08-26,South,Chennai,Consumer,Online,Technology,Printers,P10014,C1009,1,887.28,0.2774,641.17,450.91,190.26,0.29673877442799884,2024,8,Aug,Q3
SO03527,2025-07-13,North,Lucknow,Consumer,Online,Office Supplies,Envelopes,P10080,C1594,1,975.44,0.3591,625.11,344.42,280.69,0.4490249716049975,2025,7,Jul,Q3
SO03528,2024-10-31,South,Hyderabad,Home Office,Distributor,Technology,Printers,P10032,C1434,5,17598.7,0.2878,62670.39,48880.99,13789.41,0.22003070349490406,2024,10,Oct,Q4
SO03529,2023-03-29,South,Chennai,Consumer,Distributor,Technology,Accessories,P10059,C1592,9,23088.18,0.3011,145222.07,109815.16,35406.91,0.24381218364398746,2023,3,Mar,Q1
SO03530,2025-11-23,South,Hyderabad,Consumer,Online,Furniture,Storage,P10054,C1364,5,6770.98,0.1164,29913.8,21038.15,8875.65,0.2967075396639678,2025,11,Nov,Q4
SO03531,2023-04-26,North,Lucknow,Corporate,Retail Store,Technology,Accessories,P10057,C1169,8,34396.9,0.5464,124810.45,74798.51,50011.93,0.40070306612947876,2023,4,Apr,Q2
SO03532,2023-02-22,North,Lucknow,Consumer,Online,Furniture,Storage,P10038,C1333,1,7032.62,0.3474,4589.56,3160.67,1428.9,0.3113370344869661,2023,2,Feb,Q1
SO03533,2025-04-23,South,Kochi,Home Office,Online,Technology,Printers,P10095,C1378,7,16883.53,0.3173,80686.58,51360.28,29326.3,0.3634594501340867,2025,4,Apr,Q2
SO03534,2025-01-30,West,Ahmedabad,Consumer,Online,Office Supplies,Paper,P10091,C1170,3,1009.3,0.339,2001.5,1070.92,930.59,0.4649462902822883,2025,1,Jan,Q1
SO03535,2023-02-03,East,Guwahati,Consumer,Retail Store,Technology,Laptops,P10097,C1275,7,27708.14,0.469,102994.75,66336.3,36658.44,0.3559253262909032,2023,2,Feb,Q1
SO03536,2025-11-17,North,Delhi,Consumer,Distributor,Furniture,Bookcases,P10084,C1550,7,10328.12,0.1984,57954.6,42788.47,15166.12,0.26168966742933264,2025,11,Nov,Q4
SO03537,2024-10-10,West,Ahmedabad,Corporate,Retail Store,Furniture,Chairs,P10082,C1061,4,9143.33,0.3445,23974.04,16806.7,7167.34,0.2989625444856186,2024,10,Oct,Q4
SO03538,2025-06-02,East,Guwahati,Corporate,Retail Store,Technology,Accessories,P10037,C1576,7,15304.4,0.0253,104419.72,62050.17,42369.55,0.40576195760724126,2025,6,Jun,Q2
SO03539,2023-09-27,South,Bengaluru,Corporate,Distributor,Office Supplies,Binders,P10084,C1593,4,903.08,0.1366,3118.85,1910.85,1208.0,0.38732225018837074,2023,9,Sep,Q3
SO03540,2023-06-23,South,Chennai,Consumer,Retail Store,Technology,Laptops,P10093,C1542,2,23933.58,0.1794,39279.68,25489.6,13790.08,0.35107414317020913,2023,6,Jun,Q2
SO03541,2025-01-22,North,Jaipur,Consumer,Retail Store,Technology,Printers,P10092,C1149,1,20001.18,0.2212,15576.66,10257.46,5319.2,0.3414852734796805,2025,1,Jan,Q1
SO03542,2024-02-05,East,Kolkata,Corporate,Retail Store,Technology,Laptops,P10006,C1272,1,23666.72,0.1817,19367.63,13199.07,6168.56,0.3184984430206484,2024,2,Feb,Q1
SO03543,2024-06-02,South,Kochi,Corporate,Retail Store,Furniture,Storage,P10018,C1452,7,6702.67,0.1605,39386.12,29818.84,9567.28,0.2429099388312431,2024,6,Jun,Q2
SO03544,2025-10-21,South,Bengaluru,Consumer,Online,Office Supplies,Paper,P10049,C1305,9,1052.16,0.3535,6122.21,3098.65,3023.57,0.493869044021685,2025,10,Oct,Q4
SO03545,2024-09-06,East,Bhubaneswar,Consumer,Online,Office Supplies,Pens,P10089,C1384,3,1158.8,0.2169,2722.34,1569.91,1152.43,0.4233233174401434,2024,9,Sep,Q3
SO03546,2023-05-31,North,Chandigarh,Consumer,Distributor,Furniture,Tables,P10059,C1248,10,4089.39,0.1555,34534.89,24317.76,10217.13,0.295849501764737,2023,5,May,Q2
SO03547,2024-04-29,West,Pune,Consumer,Online,Office Supplies,Envelopes,P10037,C1432,8,859.18,0.3853,4225.13,2598.69,1626.44,0.38494436857564146,2024,4,Apr,Q2
SO03548,2024-01-25,East,Guwahati,Consumer,Distributor,Office Supplies,Envelopes,P10092,C1438,4,647.44,0.2804,1863.66,1149.65,714.0,0.3831170921734651,2024,1,Jan,Q1
SO03549,2025-04-07,West,Mumbai,Consumer,Online,Office Supplies,Paper,P10015,C1375,10,771.6,0.0986,6955.43,4306.92,2648.51,0.38078307164330605,2025,4,Apr,Q2
SO03550,2025-12-15,North,Delhi,Corporate,Online,Technology,Printers,P10045,C1517,2,18486.78,0.2255,28634.4,20352.62,8281.78,0.2892248484340514,2025,12,Dec,Q4
SO03551,2023-09-25,West,Pune,Corporate,Online,Technology,Laptops,P10090,C1142,4,21231.38,0.3023,59254.7,37106.48,22148.22,0.37377997019645703,2023,9,Sep,Q3
SO03552,2023-10-30,East,Bhubaneswar,Consumer,Online,Furniture,Storage,P10089,C1356,3,13673.93,0.196,32980.99,26366.59,6614.4,0.20055189368178458,2023,10,Oct,Q4
SO03553,2024-01-05,South,Chennai,Home Office,Retail Store,Technology,Phones,P10087,C1185,10,24250.55,0.2854,173285.21,124976.08,48309.13,0.27878391929697866,2024,1,Jan,Q1
SO03554,2023-11-23,Central,Bhopal,Consumer,Retail Store,Furniture,Chairs,P10039,C1256,3,7033.73,0.4447,11718.02,8816.77,2901.25,0.24758875646226922,2023,11,Nov,Q4
SO03555,2025-11-12,South,Kochi,Consumer,Distributor,Office Supplies,Envelopes,P10052,C1241,9,875.81,0.1536,6671.88,4343.53,2328.34,0.3489780991264831,2025,11,Nov,Q4
SO03556,2023-05-18,North,Lucknow,Home Office,Online,Office Supplies,Binders,P10071,C1594,6,954.72,0.1075,5112.8,2811.06,2301.74,0.45019167579408537,2023,5,May,Q2
SO03557,2025-04-03,South,Bengaluru,Consumer,Retail Store,Furniture,Chairs,P10076,C1119,4,8240.24,0.2862,23526.75,17308.91,6217.84,0.26428809759104,2025,4,Apr,Q2
SO03558,2025-12-28,West,Ahmedabad,Corporate,Distributor,Office Supplies,Pens,P10082,C1154,5,982.45,0.1674,4090.13,2207.77,1882.36,0.46022009080395976,2025,12,Dec,Q4
SO03559,2024-05-21,South,Chennai,Consumer,Online,Technology,Laptops,P10067,C1553,9,23085.83,0.2823,149116.11,91909.06,57207.05,0.3836409761493913,2024,5,May,Q2
SO03560,2024-05-02,North,Chandigarh,Home Office,Online,Office Supplies,Paper,P10065,C1057,6,456.29,0.2543,2041.53,1161.83,879.7,0.43090231346098273,2024,5,May,Q2
SO03561,2024-03-06,East,Patna,Corporate,Online,Office Supplies,Envelopes,P10042,C1208,9,931.46,0.13,7293.61,3614.38,3679.22,0.504444301244514,2024,3,Mar,Q1
SO03562,2025-06-14,South,Kochi,Consumer,Online,Technology,Printers,P10085,C1576,5,17230.24,0.2319,66169.17,41519.71,24649.46,0.37252182549667767,2025,6,Jun,Q2
SO03563,2023-05-15,West,Pune,Corporate,Retail Store,Office Supplies,Binders,P10086,C1024,7,570.93,0.2128,3146.13,1843.48,1302.66,0.4140515490459708,2023,5,May,Q2
SO03564,2024-03-09,Central,Indore,Consumer,Retail Store,Technology,Printers,P10099,C1187,8,21506.36,0.2972,120923.0,70258.79,50664.21,0.41897910240400915,2024,3,Mar,Q1
SO03565,2023-04-22,North,Chandigarh,Consumer,Distributor,Furniture,Tables,P10017,C1343,8,9813.39,0.2339,60144.4,40253.55,19890.85,0.3307182381069559,2023,4,Apr,Q2
SO03566,2023-10-10,North,Chandigarh,Consumer,Distributor,Office Supplies,Paper,P10048,C1489,1,629.03,0.3853,386.67,233.95,152.72,0.39496211239558277,2023,10,Oct,Q4
SO03567,2023-07-07,Central,Bhopal,Consumer,Online,Furniture,Chairs,P10003,C1146,8,9820.4,0.1528,66561.95,46902.95,19659.0,0.29534891931501406,2023,7,Jul,Q3
SO03568,2024-05-28,North,Chandigarh,Consumer,Online,Office Supplies,Pens,P10094,C1496,10,809.11,0.1092,7207.24,4195.42,3011.82,0.4178881236090376,2024,5,May,Q2
SO03569,2025-03-11,West,Pune,Consumer,Distributor,Furniture,Bookcases,P10028,C1015,1,10778.75,0.2575,8003.07,6346.74,1656.33,0.20696182839835214,2025,3,Mar,Q1
SO03570,2025-05-25,East,Kolkata,Corporate,Distributor,Furniture,Tables,P10022,C1230,2,10892.78,0.3159,14903.83,9890.91,5012.92,0.33635112585154286,2025,5,May,Q2
SO03571,2024-08-07,West,Mumbai,Consumer,Distributor,Furniture,Bookcases,P10039,C1180,9,9768.88,0.4382,49392.13,37980.05,11412.08,0.23105057425140402,2024,8,Aug,Q3
SO03572,2025-04-18,West,Mumbai,Corporate,Online,Office Supplies,Binders,P10035,C1090,9,668.52,0.125,5264.61,3242.05,2022.56,0.3841804046263636,2025,4,Apr,Q2
SO03573,2024-02-04,South,Bengaluru,Corporate,Distributor,Technology,Laptops,P10063,C1153,9,29854.84,0.3118,184924.99,129327.24,55597.75,0.3006502798783442,2024,2,Feb,Q1
SO03574,2023-04-13,South,Bengaluru,Consumer,Retail Store,Office Supplies,Paper,P10056,C1091,10,1013.68,0.0911,9213.7,5500.5,3713.2,0.40300856333503365,2023,4,Apr,Q2
SO03575,2024-01-23,West,Ahmedabad,Consumer,Online,Office Supplies,Envelopes,P10034,C1566,7,1097.05,0.1318,6667.17,3969.86,2697.3,0.40456445538361857,2024,1,Jan,Q1
SO03576,2025-01-29,West,Mumbai,Consumer,Retail Store,Furniture,Tables,P10088,C1204,4,11887.52,0.4053,28278.19,20185.52,8092.67,0.28618062188562987,2025,1,Jan,Q1
SO03577,2024-10-16,West,Pune,Consumer,Retail Store,Office Supplies,Pens,P10084,C1365,9,339.15,0.0654,2852.69,1730.5,1122.2,0.39338308754193413,2024,10,Oct,Q4
SO03578,2024-07-15,West,Ahmedabad,Consumer,Online,Technology,Printers,P10056,C1337,2,22692.0,0.0814,41689.96,27056.35,14633.61,0.35101041113975645,2024,7,Jul,Q3
SO03579,2025-10-13,West,Pune,Home Office,Retail Store,Technology,Accessories,P10089,C1045,7,13225.95,0.0873,84502.41,61657.64,22844.76,0.27034447893261265,2025,10,Oct,Q4
SO03580,2024-02-14,East,Guwahati,Consumer,Distributor,Office Supplies,Envelopes,P10007,C1412,1,867.1,0.3322,579.02,407.36,171.66,0.29646644330074956,2024,2,Feb,Q1
SO03581,2025-06-07,Central,Nagpur,Home Office,Retail Store,Furniture,Chairs,P10062,C1266,9,9945.87,0.3316,59832.67,46367.41,13465.25,0.22504845596895476,2025,6,Jun,Q2
SO03582,2023-01-02,East,Bhubaneswar,Consumer,Online,Furniture,Chairs,P10084,C1185,7,10142.79,0.2934,50167.21,33814.79,16352.42,0.3259583301523047,2023,1,Jan,Q1
SO03583,2025-07-28,East,Bhubaneswar,Corporate,Online,Technology,Printers,P10026,C1345,3,21855.97,0.3648,41649.17,27092.71,14556.46,0.3495018027970305,2025,7,Jul,Q3
SO03584,2025-04-18,West,Surat,Home Office,Online,Technology,Printers,P10067,C1202,4,20491.15,0.4379,46068.54,30021.18,16047.36,0.3483366305943275,2025,4,Apr,Q2
SO03585,2025-03-24,West,Ahmedabad,Corporate,Retail Store,Furniture,Chairs,P10057,C1359,7,8534.06,0.1586,50265.79,37945.45,12320.34,0.24510387681164467,2025,3,Mar,Q1
SO03586,2025-07-30,North,Delhi,Consumer,Retail Store,Technology,Accessories,P10042,C1474,3,13459.09,0.0751,37343.74,26888.99,10454.75,0.27995990760432676,2025,7,Jul,Q3
SO03587,2023-02-16,North,Lucknow,Home Office,Retail Store,Office Supplies,Pens,P10043,C1006,9,482.74,0.268,3180.33,1867.78,1312.55,0.4127087440611509,2023,2,Feb,Q1
SO03588,2025-05-10,West,Surat,Home Office,Online,Furniture,Bookcases,P10045,C1141,1,8285.36,0.3721,5202.28,3963.93,1238.35,0.23803985944624279,2025,5,May,Q2
SO03589,2023-08-13,Central,Bhopal,Consumer,Retail Store,Office Supplies,Paper,P10095,C1163,6,977.05,0.0754,5420.52,3331.25,2089.27,0.38543719052784603,2023,8,Aug,Q3
SO03590,2024-04-22,West,Surat,Corporate,Retail Store,Furniture,Chairs,P10033,C1265,5,13479.66,0.2198,52586.94,32426.77,20160.16,0.38336818989657884,2024,4,Apr,Q2
SO03591,2025-03-16,East,Patna,Home Office,Retail Store,Furniture,Tables,P10075,C1289,8,6492.41,0.323,35165.26,24946.46,10218.8,0.29059361426589764,2025,3,Mar,Q1
SO03592,2024-08-31,West,Ahmedabad,Consumer,Distributor,Furniture,Storage,P10059,C1458,8,7257.46,0.1129,51503.15,36847.07,14656.08,0.28456667213558784,2024,8,Aug,Q3
SO03593,2025-02-21,North,Jaipur,Home Office,Retail Store,Technology,Printers,P10048,C1432,9,26601.19,0.1124,212505.29,146573.36,65931.93,0.3102601822288753,2025,2,Feb,Q1
SO03594,2023-04-28,West,Surat,Consumer,Online,Furniture,Tables,P10002,C1269,9,5091.73,0.4001,27489.02,15749.43,11739.6,0.42706506088612833,2023,4,Apr,Q2
SO03595,2023-09-14,South,Kochi,Home Office,Online,Technology,Printers,P10010,C1209,7,29076.62,0.3834,125507.79,83693.24,41814.55,0.333162985341388,2023,9,Sep,Q3
SO03596,2024-07-31,West,Mumbai,Home Office,Retail Store,Technology,Printers,P10018,C1087,9,10735.46,0.2574,71752.19,45980.18,25772.01,0.35918081385390466,2024,7,Jul,Q3
SO03597,2023-08-25,West,Ahmedabad,Consumer,Online,Furniture,Tables,P10048,C1024,10,4056.94,0.1133,35971.36,26123.28,9848.08,0.2737755814625858,2023,8,Aug,Q3
SO03598,2023-11-23,South,Kochi,Consumer,Retail Store,Technology,Laptops,P10033,C1067,8,28995.98,0.1714,192210.49,125360.8,66849.69,0.34779418126450856,2023,11,Nov,Q4
SO03599,2023-08-30,Central,Nagpur,Home Office,Online,Technology,Printers,P10084,C1269,5,25251.12,0.3047,87780.45,57994.01,29786.44,0.33932885967205684,2023,8,Aug,Q3
SO03600,2025-01-12,North,Delhi,Corporate,Online,Office Supplies,Paper,P10005,C1325,4,1165.81,0.5408,2141.59,1094.55,1047.04,0.48890777413043573,2025,1,Jan,Q1
SO03601,2023-03-12,North,Lucknow,Consumer,Retail Store,Office Supplies,Envelopes,P10003,C1133,2,1393.27,0.1996,2230.25,1230.17,1000.08,0.44841609685012895,2023,3,Mar,Q1
SO03602,2025-09-16,West,Pune,Consumer,Online,Office Supplies,Pens,P10098,C1572,10,906.93,0.4239,5224.58,2679.36,2545.22,0.48716260445815734,2025,9,Sep,Q3
SO03603,2024-07-07,South,Chennai,Home Office,Retail Store,Office Supplies,Paper,P10026,C1579,10,863.67,0.1615,7241.77,4372.24,2869.54,0.3962484309775096,2024,7,Jul,Q3
SO03604,2025-02-09,South,Kochi,Consumer,Distributor,Furniture,Storage,P10065,C1152,8,9421.53,0.2821,54106.42,40059.56,14046.86,0.25961540238662995,2025,2,Feb,Q1
SO03605,2023-08-09,West,Pune,Home Office,Online,Office Supplies,Envelopes,P10057,C1227,5,603.35,0.55,1357.53,726.97,630.56,0.464490655823444,2023,8,Aug,Q3
SO03606,2024-08-07,North,Chandigarh,Home Office,Retail Store,Technology,Laptops,P10084,C1353,4,8923.48,0.422,20631.73,15368.5,5263.23,0.2551036679910022,2024,8,Aug,Q3
SO03607,2025-11-08,South,Hyderabad,Consumer,Online,Furniture,Tables,P10086,C1592,7,6035.42,0.55,19011.58,13633.94,5377.65,0.28286181369460084,2025,11,Nov,Q4
SO03608,2025-11-30,West,Surat,Consumer,Online,Furniture,Tables,P10028,C1180,9,12902.11,0.2791,83712.33,63544.8,20167.53,0.2409146896281587,2025,11,Nov,Q4
SO03609,2025-06-18,South,Bengaluru,Consumer,Distributor,Technology,Laptops,P10049,C1272,2,24240.08,0.0805,44577.72,31986.91,12590.81,0.28244625341986984,2025,6,Jun,Q2
SO03610,2024-07-28,East,Bhubaneswar,Consumer,Online,Furniture,Chairs,P10016,C1296,2,11926.12,0.55,10733.51,7860.35,2873.16,0.2676813083511358,2024,7,Jul,Q3
SO03611,2025-08-03,North,Jaipur,Consumer,Online,Office Supplies,Paper,P10086,C1535,4,601.73,0.1913,1946.37,1178.23,768.14,0.3946526097299075,2025,8,Aug,Q3
SO03612,2025-05-17,East,Guwahati,Consumer,Online,Furniture,Tables,P10042,C1297,2,11473.39,0.55,10326.05,7943.24,2382.81,0.2307571627098455,2025,5,May,Q2
SO03613,2025-09-16,East,Guwahati,Consumer,Online,Technology,Laptops,P10024,C1311,2,36091.38,0.3773,44945.9,28569.29,16376.61,0.36436271161552,2025,9,Sep,Q3
SO03614,2024-05-15,East,Guwahati,Corporate,Online,Technology,Laptops,P10087,C1580,10,27858.15,0.178,228984.82,136655.39,92329.43,0.4032120120451652,2024,5,May,Q2
SO03615,2025-01-17,East,Guwahati,Corporate,Retail Store,Furniture,Chairs,P10077,C1394,6,4698.17,0.1054,25217.86,18776.16,6441.71,0.2554423729848607,2025,1,Jan,Q1
SO03616,2023-02-06,East,Bhubaneswar,Consumer,Distributor,Office Supplies,Envelopes,P10030,C1057,10,939.06,0.2943,6627.18,4169.91,2457.26,0.3707851605056751,2023,2,Feb,Q1
SO03617,2023-07-12,North,Chandigarh,Corporate,Distributor,Office Supplies,Envelopes,P10070,C1339,2,748.39,0.208,1185.5,775.9,409.61,0.34551665963728384,2023,7,Jul,Q3
SO03618,2024-08-21,North,Lucknow,Home Office,Retail Store,Technology,Accessories,P10063,C1008,2,21404.48,0.3157,29292.41,18769.62,10522.78,0.3592323062527119,2024,8,Aug,Q3
SO03619,2024-06-06,North,Lucknow,Corporate,Retail Store,Furniture,Chairs,P10063,C1267,5,4941.26,0.2769,17866.29,15112.13,2754.16,0.1541539961570085,2024,6,Jun,Q2
SO03620,2025-12-10,West,Pune,Home Office,Retail Store,Furniture,Bookcases,P10004,C1319,1,8016.64,0.111,7126.65,4864.36,2262.29,0.31744087334161214,2025,12,Dec,Q4
SO03621,2025-05-07,South,Chennai,Consumer,Retail Store,Technology,Phones,P10094,C1351,5,24911.07,0.1488,106024.46,70159.74,35864.72,0.3382683580751083,2025,5,May,Q2
SO03622,2023-07-23,East,Guwahati,Consumer,Online,Furniture,Chairs,P10084,C1250,6,12647.23,0.1684,63100.98,55015.19,8085.79,0.1281404821288037,2023,7,Jul,Q3
SO03623,2024-11-16,South,Kochi,Consumer,Online,Furniture,Bookcases,P10078,C1514,10,8737.84,0.2386,66526.72,52014.06,14512.66,0.21814783593719936,2024,11,Nov,Q4
SO03624,2025-02-13,East,Patna,Corporate,Online,Technology,Laptops,P10016,C1208,6,22842.0,0.254,102239.53,68605.58,33633.95,0.32897207176128446,2025,2,Feb,Q1
SO03625,2023-06-10,Central,Bhopal,Consumer,Online,Office Supplies,Binders,P10062,C1379,6,1077.26,0.1666,5386.55,3324.77,2061.78,0.38276447819105,2023,6,Jun,Q2
SO03626,2025-06-08,Central,Nagpur,Corporate,Online,Furniture,Bookcases,P10096,C1405,1,6774.51,0.3419,4458.38,3318.33,1140.05,0.25570947294757285,2025,6,Jun,Q2
SO03627,2023-01-25,Central,Raipur,Home Office,Retail Store,Technology,Accessories,P10063,C1440,1,20430.16,0.4508,11220.27,6036.38,5183.89,0.4620111637242241,2023,1,Jan,Q1
SO03628,2025-02-25,North,Lucknow,Home Office,Online,Technology,Printers,P10033,C1102,2,18427.77,0.434,20859.31,14451.36,6407.95,0.307198560259184,2025,2,Feb,Q1
SO03629,2025-06-26,North,Jaipur,Consumer,Online,Technology,Phones,P10057,C1013,10,14994.21,0.1228,131525.87,79631.76,51894.11,0.3945543945080918,2025,6,Jun,Q2
SO03630,2023-08-23,West,Mumbai,Home Office,Online,Furniture,Chairs,P10018,C1225,1,6276.79,0.4303,3576.17,2250.89,1325.27,0.3705836131951221,2023,8,Aug,Q3
SO03631,2025-09-16,West,Surat,Consumer,Retail Store,Technology,Printers,P10098,C1436,8,23480.91,0.3995,112798.09,75853.41,36944.67,0.3275292161418691,2025,9,Sep,Q3
SO03632,2025-05-10,Central,Indore,Consumer,Online,Technology,Laptops,P10013,C1201,9,27856.86,0.2728,182323.27,129997.01,52326.26,0.2869971562050198,2025,5,May,Q2
SO03633,2025-04-05,Central,Bhopal,Consumer,Distributor,Technology,Accessories,P10088,C1367,1,23901.04,0.2212,18614.01,12908.11,5705.9,0.3065379249285887,2025,4,Apr,Q2
SO03634,2023-09-27,East,Guwahati,Consumer,Distributor,Technology,Phones,P10072,C1292,6,16822.91,0.0952,91324.84,64516.27,26808.57,0.293551787224593,2023,9,Sep,Q3
SO03635,2024-07-17,West,Mumbai,Corporate,Distributor,Technology,Printers,P10036,C1585,7,14859.07,0.1743,85883.28,59815.53,26067.76,0.30352543591721226,2024,7,Jul,Q3
SO03636,2024-11-22,East,Patna,Corporate,Online,Furniture,Tables,P10012,C1373,4,5195.28,0.2176,16258.41,11080.97,5177.44,0.3184468837973701,2024,11,Nov,Q4
SO03637,2023-10-24,Central,Bhopal,Consumer,Distributor,Furniture,Storage,P10065,C1268,9,11879.35,0.2396,81294.86,60030.7,21264.16,0.2615683205555677,2023,10,Oct,Q4
SO03638,2024-03-19,Central,Bhopal,Consumer,Retail Store,Furniture,Tables,P10084,C1472,10,6666.85,0.2409,50606.61,38206.78,12399.84,0.24502411839085841,2024,3,Mar,Q1
SO03639,2023-12-30,Central,Bhopal,Consumer,Retail Store,Furniture,Chairs,P10091,C1235,7,8121.33,0.1884,46140.97,36696.73,9444.24,0.20468230295115164,2023,12,Dec,Q4
SO03640,2025-06-13,North,Lucknow,Corporate,Online,Technology,Printers,P10013,C1455,1,16612.48,0.4056,9874.26,6589.6,3284.66,0.3326487250690178,2025,6,Jun,Q2
SO03641,2024-01-25,West,Mumbai,Consumer,Distributor,Technology,Phones,P10075,C1117,7,20569.46,0.1879,116937.92,79365.72,37572.19,0.32130031045532537,2024,1,Jan,Q1
SO03642,2024-04-18,East,Guwahati,Consumer,Online,Technology,Laptops,P10041,C1548,9,13943.84,0.2071,99499.74,60344.75,39154.99,0.3935185157267747,2024,4,Apr,Q2
SO03643,2023-06-15,East,Patna,Corporate,Retail Store,Technology,Laptops,P10034,C1409,2,26740.57,0.2148,41994.13,29475.13,12518.99,0.29811285529668075,2023,6,Jun,Q2
SO03644,2023-02-19,North,Chandigarh,Consumer,Distributor,Technology,Phones,P10056,C1595,8,19758.35,0.1716,130936.62,81254.74,49681.88,0.37943456918316665,2023,2,Feb,Q1
SO03645,2025-01-04,East,Kolkata,Corporate,Distributor,Office Supplies,Envelopes,P10024,C1556,9,535.19,0.3491,3135.44,2055.21,1080.23,0.344522618834996,2025,1,Jan,Q1
SO03646,2025-06-20,Central,Raipur,Home Office,Online,Office Supplies,Binders,P10053,C1526,9,1335.55,0.55,5408.96,3500.59,1908.37,0.3528164379104301,2025,6,Jun,Q2
SO03647,2023-04-25,West,Ahmedabad,Corporate,Online,Office Supplies,Pens,P10049,C1337,8,783.2,0.1473,5342.39,2740.16,2602.24,0.48709285544484765,2023,4,Apr,Q2
SO03648,2025-02-09,Central,Bhopal,Consumer,Online,Furniture,Bookcases,P10086,C1121,4,8332.78,0.2444,25183.69,17869.29,7314.4,0.29044194873745666,2025,2,Feb,Q1
SO03649,2024-04-28,North,Jaipur,Consumer,Online,Furniture,Storage,P10018,C1090,1,10013.17,0.3001,7008.07,5072.9,1935.17,0.27613451349658324,2024,4,Apr,Q2
SO03650,2024-08-05,East,Guwahati,Corporate,Online,Office Supplies,Binders,P10050,C1498,10,994.12,0.217,7783.66,4422.96,3360.7,0.4317634634606342,2024,8,Aug,Q3
SO03651,2024-10-02,North,Chandigarh,Consumer,Online,Office Supplies,Paper,P10026,C1552,9,592.73,0.1077,4760.24,2982.39,1777.85,0.37347906828227145,2024,10,Oct,Q4
SO03652,2025-05-21,South,Hyderabad,Corporate,Retail Store,Furniture,Tables,P10031,C1296,1,9857.91,0.2211,7678.22,5461.58,2216.63,0.28869060797945356,2025,5,May,Q2
SO03653,2023-12-12,North,Lucknow,Consumer,Retail Store,Furniture,Tables,P10031,C1191,5,7036.61,0.3386,23270.58,15903.03,7367.55,0.3166036256939019,2023,12,Dec,Q4
SO03654,2024-12-04,North,Jaipur,Consumer,Distributor,Technology,Phones,P10038,C1349,9,18211.9,0.5335,76457.09,52930.8,23526.29,0.30770579942291815,2024,12,Dec,Q4
SO03655,2025-08-07,South,Hyderabad,Consumer,Retail Store,Technology,Printers,P10007,C1370,1,17552.54,0.3018,12255.65,8260.58,3995.08,0.32597863026440865,2025,8,Aug,Q3
SO03656,2025-04-11,Central,Raipur,Consumer,Distributor,Furniture,Storage,P10095,C1290,4,11453.77,0.3969,27629.67,18651.82,8977.86,0.32493547697095193,2025,4,Apr,Q2
SO03657,2024-08-02,South,Kochi,Home Office,Retail Store,Technology,Accessories,P10100,C1165,7,19334.11,0.0863,123657.3,84710.85,38946.44,0.31495463672585444,2024,8,Aug,Q3
SO03658,2024-06-14,North,Delhi,Corporate,Distributor,Technology,Laptops,P10055,C1328,7,17936.51,0.064,117516.64,75770.04,41746.6,0.35523990474880834,2024,6,Jun,Q2
SO03659,2025-05-30,North,Lucknow,Consumer,Retail Store,Office Supplies,Envelopes,P10038,C1414,2,958.36,0.1764,1578.58,867.17,711.41,0.4506645212786175,2025,5,May,Q2
SO03660,2023-05-09,West,Surat,Corporate,Online,Technology,Phones,P10089,C1151,6,21347.1,0.1945,103167.0,77012.12,26154.88,0.2535198270764876,2023,5,May,Q2
SO03661,2024-06-20,Central,Raipur,Consumer,Distributor,Technology,Accessories,P10084,C1373,8,10510.68,0.407,49863.37,28442.36,21421.01,0.42959410886187593,2024,6,Jun,Q2
SO03662,2023-02-17,North,Jaipur,Consumer,Retail Store,Technology,Phones,P10056,C1157,2,23528.41,0.1343,40737.01,23398.12,17338.89,0.4256299124555287,2023,2,Feb,Q1
SO03663,2025-03-15,West,Pune,Consumer,Online,Office Supplies,Pens,P10073,C1079,6,1032.45,0.2717,4511.36,2513.11,1998.25,0.4429373847354235,2025,3,Mar,Q1
SO03664,2023-07-24,North,Jaipur,Corporate,Distributor,Technology,Accessories,P10081,C1496,5,16831.12,0.4562,45761.24,30307.47,15453.78,0.33770457269077503,2023,7,Jul,Q3
SO03665,2024-11-27,Central,Nagpur,Home Office,Distributor,Technology,Laptops,P10067,C1500,3,13169.13,0.2043,31435.83,23042.34,8393.5,0.26700424324727545,2024,11,Nov,Q4
SO03666,2023-10-01,North,Chandigarh,Consumer,Online,Office Supplies,Envelopes,P10090,C1150,10,1006.86,0.09,9162.0,5067.93,4094.07,0.44685330713817945,2023,10,Oct,Q4
SO03667,2023-11-20,South,Bengaluru,Corporate,Online,Furniture,Tables,P10096,C1549,10,6975.77,0.55,31390.96,22492.41,8898.55,0.28347492399085594,2023,11,Nov,Q4
SO03668,2025-02-14,East,Patna,Home Office,Online,Furniture,Chairs,P10063,C1457,5,6520.41,0.1903,26396.86,15649.26,10747.61,0.4071548661469584,2025,2,Feb,Q1
SO03669,2024-10-04,South,Hyderabad,Consumer,Online,Technology,Printers,P10098,C1192,7,17884.66,0.55,56336.67,41509.32,14827.35,0.26319180739649684,2024,10,Oct,Q4
SO03670,2024-10-03,North,Jaipur,Consumer,Online,Furniture,Chairs,P10093,C1174,10,7649.69,0.2933,54060.98,40232.56,13828.42,0.25579299524351945,2024,10,Oct,Q4
SO03671,2025-01-24,South,Chennai,Consumer,Retail Store,Furniture,Bookcases,P10063,C1583,10,7930.87,0.2008,63379.96,49832.28,13547.67,0.21375321158296723,2025,1,Jan,Q1
SO03672,2024-08-04,West,Surat,Consumer,Retail Store,Office Supplies,Pens,P10077,C1076,2,1563.47,0.2316,2402.79,1519.94,882.85,0.36742703274110516,2024,8,Aug,Q3
SO03673,2025-06-28,North,Delhi,Consumer,Online,Office Supplies,Paper,P10054,C1097,2,684.29,0.16,1149.6,610.05,539.54,0.4693284620737648,2025,6,Jun,Q2
SO03674,2023-06-11,Central,Raipur,Consumer,Online,Technology,Phones,P10094,C1363,8,20414.61,0.122,143395.63,101318.27,42077.36,0.2934354415124087,2023,6,Jun,Q2
SO03675,2024-02-07,Central,Nagpur,Consumer,Retail Store,Office Supplies,Binders,P10083,C1415,6,877.34,0.3832,3246.67,1799.93,1446.74,0.4456073453723353,2024,2,Feb,Q1
SO03676,2025-11-26,East,Kolkata,Corporate,Retail Store,Technology,Printers,P10046,C1369,9,17518.55,0.129,137334.92,91915.72,45419.2,0.3307185091745056,2025,11,Nov,Q4
SO03677,2023-03-11,North,Delhi,Consumer,Online,Technology,Printers,P10047,C1412,6,23983.98,0.1411,123592.06,81705.61,41886.45,0.33890890725504536,2023,3,Mar,Q1
SO03678,2024-07-30,East,Patna,Home Office,Online,Furniture,Bookcases,P10001,C1026,10,3434.46,0.55,15455.07,12686.89,2768.19,0.1791120971952893,2024,7,Jul,Q3
SO03679,2024-05-05,South,Bengaluru,Home Office,Online,Technology,Phones,P10007,C1392,6,5255.55,0.4294,17994.09,11451.03,6543.06,0.36362272279398405,2024,5,May,Q2
SO03680,2023-01-01,West,Mumbai,Corporate,Retail Store,Furniture,Tables,P10036,C1010,10,5709.72,0.2897,40556.97,29663.1,10893.88,0.2686068510542084,2023,1,Jan,Q1
SO03681,2025-02-06,Central,Raipur,Consumer,Online,Technology,Printers,P10095,C1110,10,20108.61,0.2694,146920.72,81341.1,65579.63,0.446360663084145,2025,2,Feb,Q1
SO03682,2025-09-23,East,Kolkata,Corporate,Retail Store,Furniture,Tables,P10070,C1428,7,8619.99,0.4886,30857.64,24281.99,6575.66,0.2130966593686361,2025,9,Sep,Q3
SO03683,2025-09-20,South,Bengaluru,Corporate,Retail Store,Furniture,Storage,P10092,C1029,7,9144.56,0.3372,42427.97,32128.32,10299.65,0.24275613469133686,2025,9,Sep,Q3
SO03684,2024-05-15,Central,Nagpur,Consumer,Online,Office Supplies,Paper,P10045,C1058,7,1125.24,0.3807,4878.14,3285.14,1593.0,0.32655889334869437,2024,5,May,Q2
SO03685,2024-12-21,West,Pune,Corporate,Online,Technology,Printers,P10049,C1331,10,22807.66,0.2604,168682.5,98948.11,69734.4,0.41340625138944465,2024,12,Dec,Q4
SO03686,2025-03-04,South,Bengaluru,Consumer,Retail Store,Furniture,Storage,P10088,C1538,9,6362.11,0.2347,43818.63,32948.16,10870.47,0.24807872815740703,2025,3,Mar,Q1
SO03687,2024-08-14,South,Chennai,Home Office,Online,Technology,Phones,P10002,C1057,3,29217.76,0.2174,68596.71,45911.84,22684.87,0.33069909621029925,2024,8,Aug,Q3
SO03688,2024-05-31,North,Lucknow,Corporate,Online,Furniture,Bookcases,P10015,C1298,10,10857.28,0.1467,92641.72,59985.49,32656.23,0.35250025582426575,2024,5,May,Q2
SO03689,2023-09-26,West,Pune,Corporate,Online,Furniture,Storage,P10027,C1571,8,6037.89,0.55,21736.4,15731.67,6004.73,0.2762522772860271,2023,9,Sep,Q3
SO03690,2025-08-09,West,Pune,Corporate,Retail Store,Office Supplies,Pens,P10023,C1514,1,726.72,0.1183,640.72,376.64,264.09,0.41217692595829686,2025,8,Aug,Q3
SO03691,2025-12-10,West,Mumbai,Consumer,Distributor,Furniture,Tables,P10078,C1307,9,8442.51,0.2442,57426.35,40626.12,16800.23,0.29255263480963006,2025,12,Dec,Q4
SO03692,2023-06-03,East,Kolkata,Corporate,Distributor,Furniture,Chairs,P10031,C1264,4,11045.9,0.2474,33254.54,22145.3,11109.23,0.3340665665500109,2023,6,Jun,Q2
SO03693,2023-08-30,North,Jaipur,Consumer,Online,Office Supplies,Pens,P10064,C1022,9,865.06,0.1242,6818.48,4070.21,2748.27,0.4030619727563915,2023,8,Aug,Q3
SO03694,2023-11-22,Central,Indore,Consumer,Online,Furniture,Chairs,P10006,C1120,1,5207.75,0.55,2343.49,1625.04,718.44,0.3065684086554669,2023,11,Nov,Q4
SO03695,2024-02-09,West,Ahmedabad,Corporate,Retail Store,Technology,Accessories,P10022,C1593,9,20293.73,0.2487,137217.52,85130.68,52086.84,0.37959321812549884,2024,2,Feb,Q1
SO03696,2024-08-30,West,Surat,Corporate,Online,Furniture,Chairs,P10048,C1059,9,4958.88,0.318,30436.63,22012.91,8423.72,0.2767625719404546,2024,8,Aug,Q3
SO03697,2023-10-22,South,Chennai,Consumer,Online,Technology,Printers,P10065,C1390,4,12389.63,0.1132,43947.98,29103.81,14844.17,0.3377668325142589,2023,10,Oct,Q4
SO03698,2024-08-14,East,Bhubaneswar,Home Office,Retail Store,Technology,Printers,P10052,C1571,5,27729.99,0.2437,104862.46,63800.89,41061.56,0.391575402675085,2024,8,Aug,Q3
SO03699,2023-08-15,Central,Nagpur,Home Office,Retail Store,Technology,Phones,P10093,C1286,1,31934.74,0.2075,25307.53,18462.58,6844.95,0.27047088356706483,2023,8,Aug,Q3
SO03700,2023-02-24,East,Bhubaneswar,Consumer,Online,Furniture,Storage,P10051,C1488,2,11562.96,0.3652,14681.37,10879.38,3801.99,0.25896697651513445,2023,2,Feb,Q1
SO03701,2024-11-02,West,Surat,Home Office,Online,Office Supplies,Binders,P10094,C1465,7,941.34,0.2971,4631.98,2628.49,2003.49,0.43253425101144655,2024,11,Nov,Q4
SO03702,2024-03-31,South,Chennai,Consumer,Distributor,Furniture,Tables,P10005,C1289,6,7480.0,0.0646,41979.82,31479.72,10500.1,0.250122558886627,2024,3,Mar,Q1
SO03703,2025-10-08,West,Mumbai,Home Office,Online,Office Supplies,Paper,P10014,C1094,2,595.65,0.4452,660.98,394.55,266.43,0.40308330055372327,2025,10,Oct,Q4
SO03704,2025-05-12,Central,Indore,Corporate,Retail Store,Office Supplies,Paper,P10019,C1023,6,876.73,0.0553,4969.75,3157.8,1811.95,0.36459580461793856,2025,5,May,Q2
SO03705,2023-08-16,East,Guwahati,Home Office,Retail Store,Office Supplies,Binders,P10070,C1484,7,822.33,0.2814,4136.76,2435.1,1701.66,0.4113509123081832,2023,8,Aug,Q3
SO03706,2024-12-06,West,Mumbai,Consumer,Online,Office Supplies,Binders,P10063,C1389,9,492.53,0.3375,2936.85,1875.62,1061.22,0.36134634046682673,2024,12,Dec,Q4
SO03707,2024-11-24,North,Chandigarh,Consumer,Online,Furniture,Storage,P10045,C1483,8,8112.2,0.279,46789.01,35028.77,11760.24,0.25134620287969334,2024,11,Nov,Q4
SO03708,2024-10-17,East,Patna,Corporate,Distributor,Technology,Phones,P10023,C1453,7,30380.32,0.2168,166566.31,114275.4,52290.91,0.3139344925153232,2024,10,Oct,Q4
SO03709,2024-05-13,Central,Indore,Consumer,Online,Furniture,Chairs,P10089,C1172,2,8084.39,0.3191,11008.63,7749.14,3259.49,0.29608498060158256,2024,5,May,Q2
SO03710,2023-08-14,West,Surat,Consumer,Distributor,Technology,Printers,P10005,C1049,9,34798.0,0.1362,270522.99,190833.43,79689.56,0.2945759249518867,2023,8,Aug,Q3
SO03711,2025-05-22,West,Surat,Corporate,Retail Store,Furniture,Bookcases,P10056,C1509,10,7789.43,0.2375,59397.92,41351.68,18046.24,0.3038193930023139,2025,5,May,Q2
SO03712,2024-06-11,East,Kolkata,Corporate,Online,Office Supplies,Pens,P10033,C1064,9,1385.13,0.1082,11117.1,6180.52,4936.58,0.44405285551087964,2024,6,Jun,Q2
SO03713,2023-03-21,East,Guwahati,Consumer,Retail Store,Office Supplies,Binders,P10043,C1600,3,704.09,0.2198,1647.98,1059.22,588.76,0.35726161725263655,2023,3,Mar,Q1
SO03714,2024-01-03,East,Bhubaneswar,Corporate,Online,Technology,Accessories,P10029,C1048,1,19198.26,0.4659,10253.66,7538.39,2715.28,0.26481080901843834,2024,1,Jan,Q1
SO03715,2023-04-30,West,Mumbai,Corporate,Distributor,Technology,Printers,P10018,C1008,8,20736.15,0.4341,93882.46,69863.06,24019.4,0.25584544759479033,2023,4,Apr,Q2
SO03716,2024-05-25,West,Mumbai,Home Office,Online,Office Supplies,Pens,P10027,C1599,10,662.48,0.1297,5765.46,3398.36,2367.1,0.4105656790611677,2024,5,May,Q2
SO03717,2023-09-09,East,Guwahati,Home Office,Retail Store,Technology,Printers,P10014,C1128,1,21520.7,0.2256,16666.13,10901.36,5764.77,0.3458973378942802,2023,9,Sep,Q3
SO03718,2023-10-05,South,Bengaluru,Corporate,Online,Office Supplies,Pens,P10096,C1344,6,1161.23,0.1709,5776.59,3389.73,2386.86,0.4131953280395528,2023,10,Oct,Q4
SO03719,2023-02-11,Central,Nagpur,Consumer,Online,Furniture,Tables,P10072,C1242,2,4728.86,0.2129,7444.13,5303.35,2140.78,0.2875796097059025,2023,2,Feb,Q1
SO03720,2025-03-26,North,Lucknow,Consumer,Retail Store,Furniture,Bookcases,P10065,C1524,7,10637.68,0.318,50786.91,36171.18,14615.73,0.2877853761924086,2025,3,Mar,Q1
SO03721,2023-06-24,South,Hyderabad,Corporate,Retail Store,Technology,Laptops,P10032,C1563,4,17964.85,0.0631,67322.44,44175.31,23147.13,0.34382488216410456,2023,6,Jun,Q2
SO03722,2023-11-24,South,Bengaluru,Corporate,Retail Store,Technology,Phones,P10059,C1367,10,8282.45,0.3843,50995.68,32584.96,18410.73,0.3610252868478271,2023,11,Nov,Q4
SO03723,2025-05-23,South,Chennai,Corporate,Retail Store,Technology,Phones,P10070,C1166,3,22160.19,0.1742,54898.93,34839.29,20059.64,0.36539218523931155,2025,5,May,Q2
SO03724,2025-06-19,North,Lucknow,Consumer,Retail Store,Furniture,Storage,P10044,C1551,10,9577.29,0.3293,64238.48,53332.09,10906.39,0.16977970213491975,2025,6,Jun,Q2
SO03725,2024-08-10,Central,Indore,Consumer,Online,Office Supplies,Envelopes,P10100,C1165,2,645.92,0.2509,967.75,555.95,411.8,0.42552312064066133,2024,8,Aug,Q3
SO03726,2023-04-21,North,Jaipur,Consumer,Retail Store,Office Supplies,Envelopes,P10099,C1428,9,1054.31,0.3291,6366.29,4377.05,1989.24,0.31246455942157836,2023,4,Apr,Q2
SO03727,2024-10-27,South,Chennai,Corporate,Online,Furniture,Storage,P10070,C1535,3,6637.39,0.3112,13715.58,9175.61,4539.97,0.3310082402639918,2024,10,Oct,Q4
SO03728,2025-05-27,West,Ahmedabad,Consumer,Distributor,Technology,Phones,P10071,C1466,9,18052.29,0.2723,118235.19,82339.49,35895.7,0.30359573998231826,2025,5,May,Q2
SO03729,2024-11-12,South,Hyderabad,Corporate,Online,Technology,Accessories,P10040,C1328,1,19892.41,0.4864,10217.35,7471.31,2746.04,0.26876244818862033,2024,11,Nov,Q4
SO03730,2023-12-24,Central,Raipur,Consumer,Distributor,Furniture,Storage,P10063,C1269,10,13045.23,0.3644,82918.46,64320.89,18597.56,0.22428732998659165,2023,12,Dec,Q4
SO03731,2023-06-06,East,Bhubaneswar,Consumer,Distributor,Office Supplies,Pens,P10025,C1382,7,1236.72,0.0788,7975.04,4884.83,3090.21,0.38748520383596824,2023,6,Jun,Q2
SO03732,2025-11-07,South,Kochi,Consumer,Online,Technology,Printers,P10057,C1417,10,16891.48,0.0636,158167.85,101823.07,56344.78,0.35623408929185035,2025,11,Nov,Q4
SO03733,2024-02-27,Central,Indore,Corporate,Online,Office Supplies,Binders,P10015,C1516,5,1518.78,0.3525,4916.81,3248.91,1667.9,0.33922400906278666,2024,2,Feb,Q1
SO03734,2024-07-18,East,Kolkata,Corporate,Retail Store,Office Supplies,Paper,P10093,C1376,2,972.61,0.3475,1269.33,648.99,620.34,0.48871451868308485,2024,7,Jul,Q3
SO03735,2024-03-09,South,Kochi,Consumer,Retail Store,Furniture,Storage,P10074,C1341,8,8011.14,0.208,50760.41,34124.35,16636.06,0.32773691150248785,2024,3,Mar,Q1
SO03736,2023-04-05,West,Surat,Corporate,Retail Store,Office Supplies,Binders,P10038,C1489,5,1054.8,0.1612,4423.61,2665.34,1758.27,0.3974740087846804,2023,4,Apr,Q2
SO03737,2025-06-14,West,Mumbai,Consumer,Online,Technology,Phones,P10002,C1285,3,27542.4,0.106,73867.72,48288.59,25579.14,0.346283058418481,2025,6,Jun,Q2
SO03738,2023-09-24,East,Guwahati,Consumer,Online,Technology,Accessories,P10076,C1309,10,25151.75,0.2837,180170.59,127954.71,52215.87,0.2898135039686555,2023,9,Sep,Q3
SO03739,2024-01-22,East,Kolkata,Consumer,Retail Store,Office Supplies,Pens,P10075,C1074,8,1017.63,0.216,6382.37,3756.06,2626.31,0.41149447618987933,2024,1,Jan,Q1
SO03740,2023-01-28,South,Chennai,Home Office,Distributor,Furniture,Bookcases,P10065,C1311,10,9340.28,0.55,42031.27,31617.9,10413.36,0.24775268508422424,2023,1,Jan,Q1
SO03741,2025-11-14,Central,Indore,Consumer,Online,Technology,Phones,P10068,C1529,4,15373.06,0.0999,55346.24,34573.73,20772.51,0.3753192628803691,2025,11,Nov,Q4
SO03742,2024-02-20,North,Jaipur,Consumer,Retail Store,Technology,Laptops,P10069,C1024,4,30446.09,0.2527,91004.77,60644.92,30359.85,0.3336072383898118,2024,2,Feb,Q1
SO03743,2025-11-22,West,Mumbai,Consumer,Retail Store,Office Supplies,Paper,P10085,C1176,6,1108.17,0.3938,4030.6,2388.55,1642.05,0.4073959212027986,2025,11,Nov,Q4
SO03744,2024-06-10,South,Hyderabad,Consumer,Retail Store,Technology,Laptops,P10064,C1398,4,21089.01,0.2402,64093.71,36527.64,27566.07,0.43009009776466367,2024,6,Jun,Q2
SO03745,2024-06-15,East,Patna,Corporate,Retail Store,Technology,Laptops,P10012,C1535,5,22388.28,0.1846,91277.11,52262.26,39014.85,0.4274330114088844,2024,6,Jun,Q2
SO03746,2025-08-01,East,Kolkata,Corporate,Online,Technology,Accessories,P10078,C1498,1,25182.08,0.3241,17019.73,10907.37,6112.36,0.3591337817932482,2025,8,Aug,Q3
SO03747,2024-10-20,West,Ahmedabad,Corporate,Retail Store,Technology,Printers,P10089,C1293,5,10052.86,0.1702,41709.68,26439.92,15269.75,0.3660960717032593,2024,10,Oct,Q4
SO03748,2025-12-10,South,Hyderabad,Consumer,Retail Store,Office Supplies,Paper,P10014,C1175,3,539.84,0.4157,946.28,614.48,331.8,0.3506361753392231,2025,12,Dec,Q4
SO03749,2023-07-09,South,Bengaluru,Home Office,Retail Store,Technology,Phones,P10083,C1554,9,13068.14,0.0894,107100.27,78307.34,28792.93,0.2688408722032167,2023,7,Jul,Q3
SO03750,2025-02-11,North,Jaipur,Home Office,Distributor,Technology,Printers,P10051,C1169,2,19539.94,0.3448,25603.72,17452.84,8150.88,0.3183474901303404,2025,2,Feb,Q1
SO03751,2023-12-10,North,Jaipur,Consumer,Online,Furniture,Storage,P10058,C1038,1,9965.52,0.2778,7197.33,5214.68,1982.65,0.275470209091427,2023,12,Dec,Q4
SO03752,2024-07-26,North,Delhi,Consumer,Online,Furniture,Chairs,P10097,C1583,9,9817.55,0.2405,67109.33,49143.76,17965.57,0.2677059955746839,2024,7,Jul,Q3
SO03753,2024-08-19,West,Mumbai,Corporate,Retail Store,Technology,Accessories,P10038,C1057,6,30186.05,0.2056,143880.97,85156.18,58724.79,0.4081484160135979,2024,8,Aug,Q3
SO03754,2025-06-23,South,Chennai,Home Office,Distributor,Furniture,Storage,P10022,C1445,5,5968.29,0.2723,21714.47,15499.89,6214.58,0.2861953342632816,2025,6,Jun,Q2
SO03755,2025-06-07,West,Pune,Consumer,Online,Furniture,Bookcases,P10088,C1442,9,8054.91,0.2405,55057.03,40484.83,14572.2,0.264674647361109,2025,6,Jun,Q2
SO03756,2023-06-11,South,Bengaluru,Corporate,Online,Office Supplies,Binders,P10032,C1146,1,916.48,0.2306,705.13,410.3,294.83,0.4181214811453207,2023,6,Jun,Q2
SO03757,2024-01-04,Central,Nagpur,Consumer,Online,Office Supplies,Pens,P10010,C1118,6,913.29,0.2878,3902.57,2181.51,1721.07,0.44100938612247825,2024,1,Jan,Q1
SO03758,2023-08-12,East,Bhubaneswar,Consumer,Retail Store,Office Supplies,Pens,P10076,C1369,9,690.5,0.3546,4011.16,2322.62,1688.54,0.4209605201487849,2023,8,Aug,Q3
SO03759,2023-02-26,South,Bengaluru,Home Office,Online,Office Supplies,Pens,P10071,C1490,10,1228.25,0.2993,8606.14,4622.87,3983.27,0.46284048365469305,2023,2,Feb,Q1
SO03760,2023-01-12,East,Guwahati,Corporate,Retail Store,Furniture,Bookcases,P10062,C1522,9,8028.19,0.2412,54824.31,39501.13,15323.19,0.2794962672580832,2023,1,Jan,Q1
SO03761,2023-01-12,West,Mumbai,Corporate,Online,Technology,Printers,P10090,C1192,5,22971.19,0.3003,80360.94,54905.01,25455.93,0.31676993823118543,2023,1,Jan,Q1
SO03762,2024-10-07,East,Guwahati,Consumer,Online,Furniture,Bookcases,P10054,C1122,4,9885.96,0.2364,30197.28,22879.66,7317.63,0.2423274546581679,2024,10,Oct,Q4
SO03763,2024-06-19,South,Hyderabad,Corporate,Distributor,Office Supplies,Pens,P10032,C1125,8,1131.29,0.0866,8266.74,5470.65,2796.09,0.3382336930882065,2024,6,Jun,Q2
SO03764,2024-01-20,South,Kochi,Home Office,Online,Office Supplies,Pens,P10014,C1195,9,1080.22,0.2234,7549.87,4521.18,3028.69,0.4011579007320656,2024,1,Jan,Q1
SO03765,2025-02-16,South,Bengaluru,Consumer,Distributor,Technology,Phones,P10086,C1339,3,16875.73,0.0803,46560.15,30457.75,16102.4,0.3458408102207574,2025,2,Feb,Q1
SO03766,2024-10-28,West,Surat,Home Office,Retail Store,Technology,Accessories,P10015,C1030,4,21867.5,0.3604,55949.63,33863.25,22086.38,0.39475471062096396,2024,10,Oct,Q4
SO03767,2024-04-11,South,Kochi,Consumer,Distributor,Office Supplies,Pens,P10078,C1329,1,816.09,0.3545,526.81,284.86,241.95,0.45927374195630305,2024,4,Apr,Q2
SO03768,2024-12-06,South,Bengaluru,Corporate,Online,Technology,Phones,P10031,C1178,3,15369.35,0.2004,36869.09,22918.11,13950.98,0.37839230640083604,2024,12,Dec,Q4
SO03769,2025-03-22,West,Pune,Consumer,Distributor,Technology,Printers,P10062,C1341,6,6841.45,0.1354,35492.03,23287.24,12204.79,0.34387410356635,2025,3,Mar,Q1
SO03770,2023-02-04,West,Surat,Consumer,Retail Store,Furniture,Bookcases,P10064,C1035,5,5602.0,0.3661,17756.37,13286.74,4469.62,0.2517192421649245,2023,2,Feb,Q1
SO03771,2024-03-01,West,Surat,Consumer,Online,Technology,Accessories,P10069,C1247,8,24042.03,0.1539,162731.03,110568.99,52162.04,0.32054144805695634,2024,3,Mar,Q1
SO03772,2024-09-19,West,Pune,Corporate,Online,Technology,Phones,P10097,C1002,2,24998.59,0.329,33546.4,22533.24,11013.16,0.3282963298595378,2024,9,Sep,Q3
SO03773,2025-04-21,West,Pune,Home Office,Online,Furniture,Tables,P10024,C1141,8,7110.42,0.2682,41625.59,28313.1,13312.48,0.3198148062285724,2025,4,Apr,Q2
SO03774,2025-10-17,North,Delhi,Corporate,Distributor,Technology,Accessories,P10053,C1047,5,10298.45,0.0469,49074.93,29949.98,19124.95,0.3897091651480705,2025,10,Oct,Q4
SO03775,2023-04-09,North,Delhi,Consumer,Online,Technology,Phones,P10042,C1536,9,14863.61,0.4965,67352.44,45791.49,21560.95,0.3201212903348416,2023,4,Apr,Q2
SO03776,2023-07-07,West,Mumbai,Consumer,Retail Store,Office Supplies,Binders,P10010,C1096,10,848.1,0.034,8192.3,5124.96,3067.35,0.3744186614259732,2023,7,Jul,Q3
SO03777,2025-12-06,West,Ahmedabad,Corporate,Online,Furniture,Storage,P10019,C1052,6,4831.78,0.2402,22026.28,15211.14,6815.14,0.30940948721254796,2025,12,Dec,Q4
SO03778,2023-05-02,South,Bengaluru,Home Office,Online,Technology,Phones,P10093,C1167,10,18461.78,0.3651,117212.39,87419.76,29792.63,0.2541764569428198,2023,5,May,Q2
SO03779,2023-08-06,West,Ahmedabad,Home Office,Online,Furniture,Storage,P10095,C1125,5,11240.29,0.2518,42049.85,29101.01,12948.85,0.30794045638688367,2023,8,Aug,Q3
SO03780,2024-09-13,East,Kolkata,Consumer,Distributor,Office Supplies,Binders,P10020,C1570,8,1141.7,0.2074,7239.66,3978.2,3261.46,0.4504990565855303,2024,9,Sep,Q3
SO03781,2024-02-22,West,Ahmedabad,Consumer,Retail Store,Office Supplies,Paper,P10009,C1298,1,1257.69,0.1477,1071.91,549.72,522.19,0.48715843680906046,2024,2,Feb,Q1
SO03782,2023-05-04,South,Kochi,Consumer,Online,Office Supplies,Paper,P10079,C1283,7,792.06,0.2224,4311.48,2361.55,1949.93,0.4522646515813596,2023,5,May,Q2
SO03783,2024-01-03,West,Ahmedabad,Home Office,Retail Store,Furniture,Bookcases,P10046,C1404,9,6603.78,0.1208,52252.43,38167.84,14084.59,0.2695489951376424,2024,1,Jan,Q1
SO03784,2024-10-13,East,Guwahati,Consumer,Online,Technology,Phones,P10011,C1573,1,15046.72,0.259,11149.12,7046.85,4102.27,0.36794563158347926,2024,10,Oct,Q4
SO03785,2025-01-11,South,Bengaluru,Consumer,Retail Store,Office Supplies,Pens,P10017,C1102,7,1430.04,0.1749,8259.96,4516.65,3743.31,0.45318742463643896,2025,1,Jan,Q1
SO03786,2023-08-29,North,Delhi,Corporate,Online,Office Supplies,Pens,P10086,C1288,8,963.48,0.3933,4676.01,2420.29,2255.72,0.482402732243943,2023,8,Aug,Q3
SO03787,2025-09-29,Central,Bhopal,Consumer,Online,Office Supplies,Envelopes,P10050,C1194,8,1142.06,0.2925,6463.71,3593.43,2870.28,0.4440607638647155,2025,9,Sep,Q3
SO03788,2025-08-25,North,Delhi,Corporate,Online,Furniture,Chairs,P10023,C1159,5,7758.55,0.3652,24625.71,19392.05,5233.66,0.212528288524473,2025,8,Aug,Q3
SO03789,2025-12-24,West,Ahmedabad,Home Office,Distributor,Office Supplies,Paper,P10062,C1156,5,866.31,0.0922,3932.15,2530.24,1401.91,0.35652505626692776,2025,12,Dec,Q4
SO03790,2025-05-09,West,Ahmedabad,Home Office,Online,Technology,Accessories,P10056,C1563,4,22406.88,0.318,61127.5,42747.16,18380.34,0.3006885607950595,2025,5,May,Q2
SO03791,2023-09-07,East,Bhubaneswar,Consumer,Online,Technology,Phones,P10038,C1100,9,18930.4,0.0988,153534.69,105147.97,48386.72,0.3151517093628808,2023,9,Sep,Q3
SO03792,2023-01-31,West,Ahmedabad,Home Office,Retail Store,Furniture,Bookcases,P10063,C1481,5,12157.25,0.3541,39264.34,28107.85,11156.49,0.2841379735403677,2023,1,Jan,Q1
SO03793,2025-05-12,Central,Nagpur,Home Office,Distributor,Furniture,Storage,P10008,C1411,10,10007.64,0.2809,71965.82,50796.88,21168.94,0.2941526963772524,2025,5,May,Q2
SO03794,2023-06-30,West,Ahmedabad,Consumer,Distributor,Office Supplies,Envelopes,P10032,C1361,4,1475.0,0.5001,2949.45,1801.49,1147.96,0.38921154791571316,2023,6,Jun,Q2
SO03795,2023-05-03,North,Delhi,Corporate,Online,Furniture,Tables,P10082,C1229,9,13410.57,0.1974,96865.41,68184.87,28680.54,0.29608649774981594,2023,5,May,Q2
SO03796,2024-05-07,North,Delhi,Consumer,Retail Store,Technology,Laptops,P10076,C1063,9,8512.41,0.0763,70765.58,45962.77,24802.81,0.3504925699754033,2024,5,May,Q2
SO03797,2023-10-09,North,Lucknow,Home Office,Online,Technology,Accessories,P10091,C1295,2,25929.89,0.2721,37749.64,26504.78,11244.86,0.29787992680195097,2023,10,Oct,Q4
SO03798,2023-09-30,East,Guwahati,Corporate,Online,Technology,Laptops,P10065,C1418,1,21151.51,0.2192,16514.06,11149.11,5364.94,0.3248710492755869,2023,9,Sep,Q3
SO03799,2025-12-21,South,Hyderabad,Home Office,Retail Store,Furniture,Chairs,P10046,C1193,9,9060.82,0.1818,66720.11,45232.84,21487.27,0.32205087791372045,2025,12,Dec,Q4
SO03800,2024-07-27,South,Bengaluru,Home Office,Retail Store,Office Supplies,Binders,P10071,C1531,3,959.5,0.197,2311.37,1335.58,975.79,0.4221695358164206,2024,7,Jul,Q3
SO03801,2024-10-03,South,Kochi,Corporate,Distributor,Furniture,Chairs,P10034,C1002,5,10241.21,0.2102,40442.31,32759.09,7683.22,0.1899797514039134,2024,10,Oct,Q4
SO03802,2024-12-06,Central,Nagpur,Consumer,Online,Technology,Printers,P10016,C1279,6,31848.23,0.1242,167352.49,108099.8,59252.68,0.35405914785014553,2024,12,Dec,Q4
SO03803,2025-05-02,North,Chandigarh,Consumer,Retail Store,Technology,Phones,P10053,C1584,3,18856.57,0.2677,41427.43,26284.54,15142.9,0.36552834679824453,2025,5,May,Q2
SO03804,2025-12-09,East,Bhubaneswar,Corporate,Online,Furniture,Chairs,P10004,C1378,6,8273.6,0.5025,24697.59,20858.22,3839.37,0.15545524887246082,2025,12,Dec,Q4
SO03805,2025-09-06,North,Jaipur,Home Office,Online,Technology,Accessories,P10084,C1363,4,19214.66,0.2469,57882.23,46472.73,11409.5,0.1971157641991333,2025,9,Sep,Q3
SO03806,2023-12-10,South,Chennai,Corporate,Distributor,Furniture,Chairs,P10021,C1189,3,8722.34,0.2126,20603.54,14896.58,5706.96,0.2769892940727661,2023,12,Dec,Q4
SO03807,2025-04-05,North,Jaipur,Consumer,Retail Store,Office Supplies,Envelopes,P10055,C1200,8,938.06,0.3213,5093.63,2458.87,2634.76,0.5172656828234481,2025,4,Apr,Q2
SO03808,2024-01-17,West,Mumbai,Home Office,Online,Furniture,Bookcases,P10055,C1126,5,13341.37,0.1433,57147.98,39016.06,18131.92,0.3172801558340294,2024,1,Jan,Q1
SO03809,2023-04-07,North,Lucknow,Corporate,Retail Store,Technology,Printers,P10027,C1149,2,17601.94,0.2796,25360.08,15367.47,9992.61,0.39402911978195654,2023,4,Apr,Q2
SO03810,2025-09-28,North,Chandigarh,Consumer,Distributor,Furniture,Storage,P10081,C1410,9,9309.49,0.0774,77302.75,52944.74,24358.01,0.31509888069958697,2025,9,Sep,Q3
SO03811,2024-10-08,South,Hyderabad,Consumer,Distributor,Furniture,Tables,P10043,C1269,1,15746.93,0.4073,9333.25,6375.62,2957.62,0.31689068652398683,2024,10,Oct,Q4
SO03812,2023-04-23,Central,Bhopal,Consumer,Distributor,Technology,Accessories,P10097,C1466,6,11495.19,0.2517,51611.37,33339.88,18271.49,0.35402063537549966,2023,4,Apr,Q2
SO03813,2025-10-08,North,Jaipur,Home Office,Online,Office Supplies,Envelopes,P10084,C1458,2,564.73,0.2038,899.29,544.67,354.62,0.3943333073869386,2025,10,Oct,Q4
SO03814,2024-11-18,East,Kolkata,Consumer,Retail Store,Office Supplies,Binders,P10024,C1103,1,1052.45,0.0954,952.07,508.09,443.98,0.46633125715546125,2024,11,Nov,Q4
SO03815,2025-01-24,East,Bhubaneswar,Consumer,Online,Office Supplies,Paper,P10011,C1374,3,750.83,0.1893,1826.1,1073.52,752.58,0.4121241991128635,2025,1,Jan,Q1
SO03816,2023-08-28,East,Patna,Home Office,Retail Store,Technology,Accessories,P10077,C1521,9,30741.37,0.1003,248935.6,166433.12,82502.48,0.3314209779557444,2023,8,Aug,Q3
SO03817,2024-06-28,South,Hyderabad,Corporate,Online,Office Supplies,Paper,P10074,C1507,8,1313.3,0.2368,8018.23,5140.89,2877.33,0.3588485239261034,2024,6,Jun,Q2
SO03818,2025-10-17,Central,Raipur,Home Office,Distributor,Technology,Accessories,P10071,C1486,3,25940.39,0.1974,62460.54,42763.41,19697.13,0.315353181384599,2025,10,Oct,Q4
SO03819,2024-03-03,North,Jaipur,Corporate,Online,Technology,Accessories,P10050,C1420,5,29648.48,0.3804,91852.3,58488.35,33363.95,0.36323478018514505,2024,3,Mar,Q1
SO03820,2023-11-27,North,Jaipur,Corporate,Online,Office Supplies,Binders,P10005,C1547,6,496.69,0.3734,1867.34,983.92,883.42,0.4730900639412212,2023,11,Nov,Q4
SO03821,2024-09-09,East,Bhubaneswar,Home Office,Online,Office Supplies,Pens,P10055,C1004,9,896.89,0.2414,6123.01,3769.24,2353.77,0.38441387487526557,2024,9,Sep,Q3
SO03822,2024-10-11,North,Jaipur,Corporate,Online,Technology,Laptops,P10006,C1462,1,25382.85,0.1005,22831.76,13835.7,8996.06,0.39401517885611975,2024,10,Oct,Q4
SO03823,2023-01-19,North,Delhi,Consumer,Retail Store,Technology,Accessories,P10085,C1581,3,25636.5,0.4384,43192.48,28601.0,14591.48,0.3378245472360003,2023,1,Jan,Q1
SO03824,2023-07-27,South,Kochi,Corporate,Online,Office Supplies,Paper,P10013,C1062,9,1089.01,0.0931,8889.03,5220.16,3668.86,0.4127401977493607,2023,7,Jul,Q3
SO03825,2025-10-01,North,Lucknow,Home Office,Distributor,Technology,Laptops,P10083,C1042,7,30491.73,0.4912,108596.18,78798.66,29797.52,0.2743882887961621,2025,10,Oct,Q4
SO03826,2023-03-06,North,Jaipur,Corporate,Retail Store,Office Supplies,Binders,P10001,C1564,5,1110.52,0.2332,4257.51,2842.94,1414.58,0.33225523839051463,2023,3,Mar,Q1
SO03827,2023-03-25,Central,Nagpur,Consumer,Online,Office Supplies,Binders,P10071,C1249,3,1164.68,0.1164,3087.44,1715.55,1371.89,0.4443454771590703,2023,3,Mar,Q1
SO03828,2023-06-26,East,Kolkata,Corporate,Distributor,Furniture,Chairs,P10079,C1236,3,8780.8,0.5032,13085.97,8046.88,5039.1,0.38507653616812515,2023,6,Jun,Q2
SO03829,2024-11-11,East,Kolkata,Consumer,Retail Store,Technology,Phones,P10092,C1123,2,10646.89,0.2145,16726.02,10678.44,6047.58,0.361567186933891,2024,11,Nov,Q4
SO03830,2025-04-13,South,Hyderabad,Home Office,Retail Store,Office Supplies,Envelopes,P10038,C1189,10,1020.57,0.1944,8221.5,4433.02,3788.48,0.46080155689351093,2025,4,Apr,Q2
SO03831,2025-07-06,Central,Raipur,Consumer,Distributor,Technology,Laptops,P10082,C1129,10,36238.73,0.286,258758.66,168323.98,90434.67,0.3494942739307739,2025,7,Jul,Q3
SO03832,2023-07-28,West,Pune,Home Office,Online,Technology,Accessories,P10033,C1430,3,19926.82,0.1515,50725.24,29830.42,20894.82,0.4119215601542743,2023,7,Jul,Q3
SO03833,2025-05-24,North,Chandigarh,Corporate,Retail Store,Technology,Accessories,P10049,C1215,4,22754.26,0.1581,76629.92,59302.35,17327.57,0.22612016298594595,2025,5,May,Q2
SO03834,2025-01-26,East,Patna,Consumer,Distributor,Technology,Accessories,P10074,C1187,9,23567.96,0.2338,162516.62,117955.14,44561.48,0.27419644833863765,2025,1,Jan,Q1
SO03835,2025-07-18,North,Delhi,Consumer,Online,Furniture,Tables,P10007,C1524,9,10308.98,0.55,41751.38,31915.88,9835.5,0.23557305171709295,2025,7,Jul,Q3
SO03836,2023-08-02,North,Delhi,Consumer,Retail Store,Furniture,Bookcases,P10048,C1332,5,3133.76,0.1228,13744.64,10048.09,3696.55,0.2689448395883777,2023,8,Aug,Q3
SO03837,2024-07-08,East,Bhubaneswar,Consumer,Distributor,Furniture,Chairs,P10086,C1523,10,6606.63,0.2405,50176.7,36141.79,14034.91,0.2797097058993517,2024,7,Jul,Q3
SO03838,2024-11-01,South,Bengaluru,Home Office,Online,Technology,Phones,P10065,C1005,8,29502.84,0.4426,131555.3,83498.58,48056.71,0.36529664711341925,2024,11,Nov,Q4
SO03839,2024-05-12,East,Guwahati,Consumer,Online,Furniture,Tables,P10036,C1505,3,7742.95,0.2515,17387.56,13450.14,3937.42,0.22645040477214742,2024,5,May,Q2
SO03840,2025-10-01,Central,Bhopal,Consumer,Retail Store,Furniture,Storage,P10081,C1084,2,7623.48,0.55,6861.13,4951.41,1909.72,0.27833899080763663,2025,10,Oct,Q4
SO03841,2023-02-24,East,Bhubaneswar,Home Office,Distributor,Office Supplies,Binders,P10096,C1580,2,977.12,0.1216,1716.61,1074.54,642.08,0.37403953140200746,2023,2,Feb,Q1
SO03842,2023-06-15,North,Lucknow,Corporate,Retail Store,Office Supplies,Paper,P10090,C1202,7,639.12,0.1843,3649.33,2187.1,1462.23,0.4006845092112799,2023,6,Jun,Q2
SO03843,2025-09-20,West,Mumbai,Corporate,Retail Store,Technology,Phones,P10080,C1364,6,27551.1,0.2096,130661.96,82984.14,47677.81,0.36489434262274956,2025,9,Sep,Q3
SO03844,2023-03-26,North,Lucknow,Corporate,Online,Office Supplies,Pens,P10031,C1006,1,1029.53,0.3391,680.43,400.66,279.78,0.4111811648516379,2023,3,Mar,Q1
SO03845,2025-04-18,West,Mumbai,Home Office,Retail Store,Technology,Accessories,P10004,C1388,4,37032.08,0.215,116278.44,70734.3,45544.14,0.3916817253482245,2025,4,Apr,Q2
SO03846,2025-09-11,West,Surat,Corporate,Online,Office Supplies,Envelopes,P10064,C1360,10,980.89,0.2405,7450.02,4392.62,3057.4,0.41038816003178513,2025,9,Sep,Q3
SO03847,2023-04-25,North,Jaipur,Consumer,Distributor,Office Supplies,Pens,P10037,C1069,8,961.37,0.1124,6826.54,4768.13,2058.41,0.30153049714789626,2023,4,Apr,Q2
SO03848,2023-06-02,North,Jaipur,Consumer,Retail Store,Technology,Accessories,P10097,C1529,4,29432.09,0.1302,102400.22,74918.04,27482.18,0.26838008746465586,2023,6,Jun,Q2
SO03849,2023-09-20,North,Chandigarh,Corporate,Online,Office Supplies,Envelopes,P10007,C1033,8,787.26,0.3677,3982.04,2296.35,1685.69,0.423323221263473,2023,9,Sep,Q3
SO03850,2023-03-24,West,Mumbai,Consumer,Online,Office Supplies,Envelopes,P10046,C1412,4,1271.31,0.3238,3438.72,2120.42,1318.3,0.3833693932626093,2023,3,Mar,Q1
SO03851,2024-01-21,South,Hyderabad,Corporate,Online,Office Supplies,Paper,P10073,C1234,6,758.42,0.55,2047.72,1140.61,907.11,0.4429853690934307,2024,1,Jan,Q1
SO03852,2023-02-03,North,Delhi,Corporate,Online,Furniture,Storage,P10010,C1599,3,8349.83,0.3682,15827.17,9824.11,6003.05,0.37928764270555004,2023,2,Feb,Q1
SO03853,2024-06-21,Central,Raipur,Corporate,Retail Store,Furniture,Bookcases,P10053,C1207,4,8263.09,0.3573,21242.05,15180.87,6061.18,0.2853387502618627,2024,6,Jun,Q2
SO03854,2025-11-17,South,Kochi,Consumer,Online,Furniture,Storage,P10084,C1486,1,6215.92,0.2097,4912.22,3169.15,1743.07,0.3548436348534878,2025,11,Nov,Q4
SO03855,2025-04-28,South,Chennai,Corporate,Online,Furniture,Chairs,P10093,C1233,9,10238.37,0.55,41465.41,29953.62,11511.79,0.27762392799203,2025,4,Apr,Q2
SO03856,2024-09-22,West,Surat,Corporate,Online,Furniture,Storage,P10049,C1015,7,11245.57,0.2147,61815.25,45629.97,16185.28,0.2618331237032933,2024,9,Sep,Q3
SO03857,2025-11-07,Central,Raipur,Consumer,Online,Technology,Printers,P10054,C1058,8,18144.7,0.1873,117972.53,77489.93,40482.6,0.34315276615666374,2025,11,Nov,Q4
SO03858,2024-12-17,West,Ahmedabad,Corporate,Retail Store,Furniture,Tables,P10007,C1196,2,8942.07,0.1208,15724.49,11555.84,4168.65,0.2651055773509983,2024,12,Dec,Q4
SO03859,2023-09-06,West,Mumbai,Consumer,Retail Store,Furniture,Tables,P10096,C1221,8,7733.55,0.3248,41770.94,29602.33,12168.61,0.2913176002263775,2023,9,Sep,Q3
SO03860,2025-12-16,Central,Indore,Consumer,Distributor,Technology,Printers,P10030,C1405,1,26470.37,0.0954,23945.22,15586.26,8358.96,0.3490867905995434,2025,12,Dec,Q4
SO03861,2023-05-23,Central,Nagpur,Corporate,Retail Store,Technology,Accessories,P10014,C1136,5,29694.64,0.1968,119254.68,72625.59,46629.09,0.3910042775679747,2023,5,May,Q2
SO03862,2025-09-06,Central,Bhopal,Home Office,Retail Store,Technology,Phones,P10044,C1504,3,17949.44,0.2392,40969.23,29797.92,11171.32,0.272675859419374,2025,9,Sep,Q3
SO03863,2023-05-13,West,Ahmedabad,Consumer,Online,Technology,Phones,P10027,C1080,2,19137.88,0.3305,25623.74,17636.59,7987.15,0.31170898549548187,2023,5,May,Q2
SO03864,2023-09-11,North,Chandigarh,Corporate,Retail Store,Furniture,Bookcases,P10063,C1010,2,3305.44,0.3555,4260.47,3002.43,1258.04,0.2952819759322328,2023,9,Sep,Q3
SO03865,2024-08-28,East,Kolkata,Corporate,Retail Store,Furniture,Tables,P10001,C1208,4,13862.9,0.3026,38674.47,27162.3,11512.18,0.2976687204763246,2024,8,Aug,Q3
SO03866,2025-12-04,East,Kolkata,Corporate,Online,Furniture,Chairs,P10004,C1459,8,7377.4,0.3917,35899.98,24607.36,11292.62,0.3145578354082648,2025,12,Dec,Q4
SO03867,2023-03-13,North,Lucknow,Consumer,Distributor,Technology,Accessories,P10012,C1073,4,11726.22,0.2663,34416.01,22655.81,11760.2,0.3417072461334129,2023,3,Mar,Q1
SO03868,2023-06-20,West,Mumbai,Corporate,Retail Store,Office Supplies,Envelopes,P10099,C1335,4,856.51,0.3731,2147.91,1189.04,958.87,0.44642000828712564,2023,6,Jun,Q2
SO03869,2023-03-16,North,Chandigarh,Consumer,Retail Store,Office Supplies,Paper,P10032,C1590,6,1045.11,0.3576,4028.52,2012.44,2016.08,0.5004517788170345,2023,3,Mar,Q1
SO03870,2024-04-23,East,Bhubaneswar,Corporate,Retail Store,Technology,Accessories,P10077,C1283,1,20344.41,0.3226,13781.97,9224.23,4557.75,0.3307038108485217,2024,4,Apr,Q2
SO03871,2025-09-02,South,Kochi,Corporate,Retail Store,Office Supplies,Paper,P10021,C1093,2,986.79,0.013,1947.86,1073.74,874.12,0.44875915106835196,2025,9,Sep,Q3
SO03872,2024-04-21,North,Lucknow,Corporate,Online,Furniture,Chairs,P10023,C1526,6,12506.55,0.1823,61361.81,47946.75,13415.07,0.21862246240780708,2024,4,Apr,Q2
SO03873,2024-11-22,Central,Raipur,Consumer,Distributor,Furniture,Chairs,P10091,C1388,7,11180.65,0.3035,54512.51,43688.99,10823.52,0.19855112156824187,2024,11,Nov,Q4
SO03874,2025-09-06,North,Chandigarh,Home Office,Retail Store,Technology,Printers,P10061,C1216,8,16622.86,0.1872,108082.19,70535.43,37546.76,0.34739081434230745,2025,9,Sep,Q3
SO03875,2024-12-25,South,Kochi,Consumer,Online,Furniture,Storage,P10098,C1556,6,8641.8,0.2629,38217.57,25839.51,12378.06,0.3238840146037542,2024,12,Dec,Q4
SO03876,2024-08-27,North,Lucknow,Consumer,Retail Store,Office Supplies,Binders,P10023,C1443,8,616.24,0.1958,3964.51,2317.19,1647.32,0.4155166716693866,2024,8,Aug,Q3
SO03877,2024-03-16,South,Bengaluru,Consumer,Retail Store,Office Supplies,Paper,P10036,C1202,9,803.3,0.053,6846.72,3647.19,3199.54,0.4673098943727799,2024,3,Mar,Q1
SO03878,2024-02-17,North,Chandigarh,Home Office,Retail Store,Technology,Accessories,P10062,C1248,6,28729.79,0.3886,105390.59,70252.57,35138.02,0.3334075651346102,2024,2,Feb,Q1
SO03879,2025-02-19,West,Pune,Consumer,Retail Store,Furniture,Storage,P10052,C1506,6,3746.08,0.182,18385.82,12624.86,5760.95,0.3133365822139018,2025,2,Feb,Q1
SO03880,2024-10-09,West,Mumbai,Home Office,Distributor,Technology,Phones,P10038,C1245,6,2514.61,0.3487,9827.2,6460.08,3367.12,0.3426326929338977,2024,10,Oct,Q4
SO03881,2024-11-13,South,Kochi,Home Office,Online,Office Supplies,Paper,P10003,C1166,8,561.3,0.0842,4112.1,2239.27,1872.84,0.4554461224192018,2024,11,Nov,Q4
SO03882,2023-07-25,West,Surat,Corporate,Online,Technology,Printers,P10085,C1395,5,27021.7,0.1137,119740.93,79047.76,40693.17,0.3398434436746065,2023,7,Jul,Q3
SO03883,2024-04-15,North,Lucknow,Consumer,Online,Furniture,Bookcases,P10008,C1163,7,6189.72,0.1534,36681.74,24822.21,11859.53,0.3233088179568363,2024,4,Apr,Q2
SO03884,2024-11-04,West,Surat,Corporate,Online,Technology,Laptops,P10037,C1151,7,20902.66,0.1064,130747.51,86976.12,43771.39,0.33477800074357056,2024,11,Nov,Q4
SO03885,2025-04-15,West,Surat,Consumer,Online,Technology,Printers,P10047,C1386,7,21624.83,0.1217,132947.25,94427.59,38519.65,0.28973634279761334,2025,4,Apr,Q2
SO03886,2024-04-03,South,Kochi,Corporate,Online,Technology,Printers,P10076,C1193,1,35034.53,0.2341,26831.86,18907.18,7924.68,0.2953459059491217,2024,4,Apr,Q2
SO03887,2023-08-15,West,Ahmedabad,Home Office,Online,Technology,Accessories,P10085,C1265,9,14550.02,0.1862,106572.04,69232.48,37339.56,0.3503691962732439,2023,8,Aug,Q3
SO03888,2025-09-04,Central,Indore,Home Office,Online,Technology,Phones,P10053,C1425,10,19955.05,0.168,166016.96,120329.58,45687.37,0.2751970039687512,2025,9,Sep,Q3
SO03889,2024-02-15,North,Chandigarh,Consumer,Online,Office Supplies,Pens,P10098,C1068,2,813.26,0.2342,1245.61,705.29,540.32,0.4337794333699955,2024,2,Feb,Q1
SO03890,2023-12-05,South,Chennai,Corporate,Online,Technology,Printers,P10082,C1053,4,16037.53,0.1917,51850.57,39812.84,12037.73,0.23216196080390245,2023,12,Dec,Q4
SO03891,2024-12-19,South,Chennai,Home Office,Distributor,Technology,Printers,P10025,C1029,6,23404.97,0.2019,112083.93,74320.27,37763.66,0.336923054000694,2024,12,Dec,Q4
SO03892,2024-05-08,North,Lucknow,Consumer,Retail Store,Office Supplies,Envelopes,P10042,C1466,9,1150.1,0.2415,7851.49,4721.25,3130.24,0.39868101468638434,2024,5,May,Q2
SO03893,2024-11-18,South,Hyderabad,Consumer,Online,Technology,Accessories,P10053,C1346,7,30322.79,0.3743,132805.34,86701.55,46103.79,0.347153134053194,2024,11,Nov,Q4
SO03894,2023-05-06,West,Ahmedabad,Corporate,Distributor,Furniture,Tables,P10080,C1599,10,11224.89,0.2625,82781.76,63315.88,19465.88,0.23514696957397382,2023,5,May,Q2
SO03895,2023-11-13,West,Mumbai,Corporate,Online,Technology,Laptops,P10079,C1417,7,18968.53,0.55,59750.87,30989.59,28761.28,0.4813533259013634,2023,11,Nov,Q4
SO03896,2024-06-26,South,Hyderabad,Consumer,Online,Technology,Accessories,P10069,C1169,5,28422.55,0.2641,104579.15,69805.07,34774.08,0.3325144639251706,2024,6,Jun,Q2
SO03897,2023-09-06,West,Ahmedabad,Consumer,Online,Office Supplies,Envelopes,P10060,C1189,4,912.68,0.55,1642.82,974.12,668.7,0.40704398534227737,2023,9,Sep,Q3
SO03898,2023-09-07,East,Bhubaneswar,Corporate,Distributor,Furniture,Chairs,P10006,C1560,3,5064.37,0.2737,11034.42,7919.2,3115.22,0.2823184181860034,2023,9,Sep,Q3
SO03899,2024-05-30,East,Kolkata,Corporate,Retail Store,Office Supplies,Binders,P10091,C1081,7,926.24,0.1906,5248.24,3036.07,2212.17,0.4215070194960597,2024,5,May,Q2
SO03900,2024-11-23,Central,Bhopal,Consumer,Distributor,Furniture,Tables,P10093,C1080,6,6244.92,0.1732,30978.54,21861.89,9116.65,0.29428920794847013,2024,11,Nov,Q4
SO03901,2025-10-08,West,Surat,Corporate,Retail Store,Furniture,Bookcases,P10023,C1304,9,12578.84,0.2853,80916.53,60332.5,20584.03,0.2543859703326378,2025,10,Oct,Q4
SO03902,2023-05-31,West,Mumbai,Consumer,Online,Furniture,Bookcases,P10008,C1351,10,9887.77,0.3421,65053.67,44959.0,20094.67,0.3088937180638694,2023,5,May,Q2
SO03903,2023-02-27,West,Pune,Consumer,Distributor,Technology,Printers,P10075,C1555,10,27067.94,0.5038,134306.03,86227.81,48078.22,0.3579751408034323,2023,2,Feb,Q1
SO03904,2025-03-28,Central,Nagpur,Consumer,Retail Store,Furniture,Bookcases,P10026,C1320,9,7895.67,0.2893,50501.03,34117.67,16383.37,0.32441655150399906,2025,3,Mar,Q1
SO03905,2024-01-26,East,Guwahati,Consumer,Retail Store,Furniture,Storage,P10098,C1363,1,9588.31,0.2903,6804.94,5229.27,1575.66,0.23154649416453343,2024,1,Jan,Q1
SO03906,2025-12-30,South,Hyderabad,Consumer,Online,Technology,Phones,P10068,C1518,8,26046.01,0.3403,137460.26,86750.53,50709.72,0.3689045837684288,2025,12,Dec,Q4
SO03907,2023-11-04,East,Patna,Corporate,Retail Store,Technology,Laptops,P10039,C1262,6,33207.62,0.259,147639.57,105089.66,42549.9,0.2882011915911161,2023,11,Nov,Q4
SO03908,2025-09-22,North,Chandigarh,Consumer,Online,Furniture,Bookcases,P10100,C1381,5,8366.2,0.2457,31552.21,22788.99,8763.23,0.2777374389939722,2025,9,Sep,Q3
SO03909,2023-09-29,West,Pune,Consumer,Online,Furniture,Storage,P10029,C1080,10,8226.06,0.289,58486.26,39466.19,19020.07,0.32520578337544576,2023,9,Sep,Q3
SO03910,2025-01-16,Central,Nagpur,Corporate,Online,Technology,Laptops,P10033,C1213,5,17205.09,0.3905,52429.56,34809.17,17620.39,0.33607739603384046,2025,1,Jan,Q1
SO03911,2024-11-16,East,Guwahati,Corporate,Retail Store,Office Supplies,Pens,P10051,C1433,4,830.78,0.1729,2748.65,1560.77,1187.88,0.43216851909119025,2024,11,Nov,Q4
SO03912,2023-05-03,North,Jaipur,Home Office,Retail Store,Office Supplies,Pens,P10068,C1109,4,686.73,0.342,1807.45,1005.93,801.52,0.443453484190434,2023,5,May,Q2
SO03913,2025-05-06,East,Patna,Consumer,Distributor,Furniture,Bookcases,P10002,C1132,3,4945.54,0.0825,13612.23,9846.01,3766.22,0.2766791333969526,2025,5,May,Q2
SO03914,2024-11-09,North,Chandigarh,Corporate,Retail Store,Office Supplies,Binders,P10026,C1005,7,1017.73,0.2292,5491.53,3370.17,2121.37,0.3862985361092446,2024,11,Nov,Q4
SO03915,2025-03-10,South,Hyderabad,Consumer,Online,Office Supplies,Binders,P10020,C1114,7,657.33,0.55,2070.59,1341.27,729.32,0.3522281088964981,2025,3,Mar,Q1
SO03916,2024-05-19,Central,Bhopal,Consumer,Distributor,Furniture,Tables,P10045,C1444,6,10352.09,0.5027,30891.61,23325.69,7565.92,0.24491828040040645,2024,5,May,Q2
SO03917,2025-11-15,Central,Raipur,Consumer,Online,Technology,Laptops,P10020,C1528,9,22013.74,0.4736,104284.15,75051.12,29233.03,0.2803209308413599,2025,11,Nov,Q4
SO03918,2025-11-18,South,Hyderabad,Consumer,Online,Technology,Printers,P10064,C1133,10,28235.81,0.282,202738.21,150201.64,52536.57,0.2591350194913924,2025,11,Nov,Q4
SO03919,2024-06-11,South,Hyderabad,Consumer,Distributor,Office Supplies,Envelopes,P10080,C1394,3,1132.78,0.1691,2823.63,1647.72,1175.9,0.4164497473110854,2024,6,Jun,Q2
SO03920,2025-01-23,Central,Indore,Consumer,Online,Furniture,Tables,P10077,C1411,1,7810.73,0.1233,6847.76,5079.47,1768.28,0.25822750797341026,2025,1,Jan,Q1
SO03921,2025-05-03,Central,Raipur,Corporate,Online,Technology,Laptops,P10069,C1095,4,22322.83,0.4447,49584.86,35555.02,14029.84,0.28294604441759036,2025,5,May,Q2
SO03922,2024-09-25,West,Pune,Corporate,Retail Store,Technology,Accessories,P10036,C1135,9,25879.8,0.4151,136228.87,88131.05,48097.81,0.3530662039551528,2024,9,Sep,Q3
SO03923,2023-06-17,Central,Bhopal,Consumer,Retail Store,Office Supplies,Pens,P10026,C1383,1,1245.54,0.0706,1157.57,631.46,526.12,0.45450383130177874,2023,6,Jun,Q2
SO03924,2025-11-01,South,Chennai,Consumer,Online,Furniture,Tables,P10093,C1105,6,11027.78,0.3166,45217.9,29916.45,15301.45,0.33839364499457075,2025,11,Nov,Q4
SO03925,2023-12-04,East,Kolkata,Home Office,Online,Office Supplies,Paper,P10075,C1291,8,684.75,0.1783,4501.25,2727.36,1773.9,0.39409053040821995,2023,12,Dec,Q4
SO03926,2025-06-30,West,Ahmedabad,Corporate,Distributor,Technology,Phones,P10012,C1422,6,22529.06,0.2245,104821.91,67791.47,37030.44,0.3532700367699845,2025,6,Jun,Q2
SO03927,2025-08-05,South,Chennai,Consumer,Online,Technology,Phones,P10064,C1514,5,17798.35,0.4564,48376.52,35547.95,12828.57,0.26518174519374277,2025,8,Aug,Q3
SO03928,2025-12-25,East,Patna,Consumer,Retail Store,Technology,Laptops,P10078,C1085,2,26890.58,0.5092,26393.24,17333.93,9059.32,0.3432439518604006,2025,12,Dec,Q4
SO03929,2025-02-23,East,Patna,Home Office,Distributor,Furniture,Tables,P10069,C1230,3,11305.34,0.2381,25842.02,19446.26,6395.76,0.2474945844016838,2025,2,Feb,Q1
SO03930,2025-10-18,North,Chandigarh,Consumer,Distributor,Office Supplies,Paper,P10095,C1077,5,374.47,0.165,1563.39,909.73,653.66,0.4181042478204414,2025,10,Oct,Q4
SO03931,2023-07-07,Central,Bhopal,Home Office,Retail Store,Technology,Accessories,P10064,C1119,6,28426.29,0.5124,83168.99,58784.61,24384.38,0.29319076737615785,2023,7,Jul,Q3
SO03932,2024-04-21,South,Chennai,Consumer,Distributor,Furniture,Chairs,P10053,C1259,9,6208.78,0.18,45821.03,35175.77,10645.25,0.23232236377052196,2024,4,Apr,Q2
SO03933,2025-08-03,East,Patna,Consumer,Online,Furniture,Bookcases,P10049,C1534,3,5708.06,0.2527,12796.43,9832.27,2964.16,0.23163960573378667,2025,8,Aug,Q3
SO03934,2024-10-09,South,Chennai,Home Office,Retail Store,Office Supplies,Binders,P10042,C1231,8,869.06,0.3356,4619.32,2353.88,2265.44,0.4904271624394933,2024,10,Oct,Q4
SO03935,2023-08-24,South,Bengaluru,Corporate,Online,Furniture,Tables,P10026,C1554,10,7242.14,0.313,49757.07,30793.92,18963.15,0.38111468380272395,2023,8,Aug,Q3
SO03936,2023-07-16,East,Guwahati,Corporate,Online,Furniture,Chairs,P10069,C1128,5,8644.23,0.4543,23586.78,15069.57,8517.22,0.3611014305471115,2023,7,Jul,Q3
SO03937,2024-08-18,East,Bhubaneswar,Consumer,Online,Technology,Printers,P10082,C1075,9,5158.32,0.3014,32433.28,20182.96,12250.32,0.37770832922232966,2024,8,Aug,Q3
SO03938,2025-11-09,North,Jaipur,Corporate,Retail Store,Furniture,Bookcases,P10087,C1204,4,12063.69,0.3882,29523.12,21793.02,7730.1,0.261832082787998,2025,11,Nov,Q4
SO03939,2023-06-06,Central,Raipur,Consumer,Retail Store,Technology,Laptops,P10014,C1429,10,17520.28,0.2404,133083.08,86185.38,46897.7,0.3523941585962693,2023,6,Jun,Q2
SO03940,2023-09-11,East,Bhubaneswar,Corporate,Online,Furniture,Storage,P10005,C1225,2,13528.71,0.3612,17284.06,12892.17,4391.89,0.254100599049066,2023,9,Sep,Q3
SO03941,2025-02-16,West,Mumbai,Consumer,Distributor,Office Supplies,Binders,P10016,C1242,10,1264.64,0.2063,10037.0,5253.28,4783.72,0.47660854837102723,2025,2,Feb,Q1
SO03942,2025-11-27,East,Guwahati,Corporate,Retail Store,Office Supplies,Envelopes,P10050,C1077,4,911.85,0.2811,2621.94,1869.44,752.5,0.2870012280982784,2025,11,Nov,Q4
SO03943,2023-10-10,Central,Indore,Consumer,Online,Technology,Accessories,P10085,C1362,8,23923.36,0.2329,146806.59,85965.78,60840.8,0.41442826238249936,2023,10,Oct,Q4
SO03944,2025-08-05,East,Kolkata,Corporate,Online,Technology,Accessories,P10073,C1341,3,30622.59,0.1884,74557.27,46366.4,28190.86,0.37811014271311166,2025,8,Aug,Q3
SO03945,2024-03-25,Central,Bhopal,Home Office,Online,Office Supplies,Pens,P10025,C1125,5,1196.22,0.1488,5091.28,3129.15,1962.14,0.3853922785625619,2024,3,Mar,Q1
SO03946,2025-11-25,East,Guwahati,Consumer,Online,Technology,Accessories,P10024,C1398,3,20210.49,0.2671,44435.23,29304.09,15131.13,0.3405210235212015,2025,11,Nov,Q4
SO03947,2024-05-25,North,Delhi,Consumer,Online,Furniture,Bookcases,P10004,C1307,8,6383.05,0.1621,42787.58,30506.39,12281.19,0.28702698306377694,2024,5,May,Q2
SO03948,2023-06-26,North,Delhi,Corporate,Retail Store,Office Supplies,Envelopes,P10093,C1477,1,684.42,0.0509,649.58,363.11,286.47,0.44100803596169835,2023,6,Jun,Q2
SO03949,2024-11-24,East,Patna,Corporate,Online,Office Supplies,Binders,P10094,C1269,3,993.27,0.1255,2605.97,1596.59,1009.39,0.3873375365027226,2024,11,Nov,Q4
SO03950,2023-08-16,East,Patna,Consumer,Retail Store,Technology,Accessories,P10095,C1322,10,26326.01,0.1663,219488.25,153316.04,66172.21,0.3014840657757306,2023,8,Aug,Q3
SO03951,2025-02-14,Central,Nagpur,Corporate,Online,Technology,Printers,P10003,C1499,10,22273.55,0.138,191988.45,132319.59,59668.86,0.31079400870208596,2025,2,Feb,Q1
SO03952,2024-10-27,West,Pune,Home Office,Retail Store,Furniture,Chairs,P10097,C1053,7,10469.27,0.2283,56553.5,44672.3,11881.2,0.2100877929747938,2024,10,Oct,Q4
SO03953,2025-09-23,West,Surat,Corporate,Retail Store,Technology,Laptops,P10079,C1507,2,21445.06,0.1258,37496.46,24880.19,12616.27,0.33646562902204635,2025,9,Sep,Q3
SO03954,2023-12-11,West,Ahmedabad,Corporate,Online,Technology,Printers,P10038,C1424,10,20288.98,0.2866,144745.49,89983.93,54761.56,0.37832999149058116,2023,12,Dec,Q4
SO03955,2024-06-14,East,Patna,Consumer,Retail Store,Furniture,Tables,P10093,C1208,10,9425.6,0.1735,77898.48,57237.59,20660.89,0.26522841010504955,2024,6,Jun,Q2
SO03956,2025-09-16,South,Hyderabad,Consumer,Retail Store,Furniture,Chairs,P10060,C1133,7,7987.28,0.3257,37700.73,26657.29,11043.44,0.292923770972074,2025,9,Sep,Q3
SO03957,2025-07-01,West,Ahmedabad,Corporate,Online,Furniture,Tables,P10058,C1318,4,10913.54,0.1724,36127.82,22356.03,13771.78,0.3811959869153467,2025,7,Jul,Q3
SO03958,2023-06-23,South,Kochi,Corporate,Online,Furniture,Storage,P10076,C1169,9,15237.95,0.313,94220.27,71783.84,22436.43,0.2381274220504781,2023,6,Jun,Q2
SO03959,2024-08-07,East,Guwahati,Consumer,Retail Store,Technology,Phones,P10026,C1121,5,19278.08,0.0971,87031.16,55974.83,31056.33,0.3568415036637453,2024,8,Aug,Q3
SO03960,2025-05-19,South,Kochi,Corporate,Online,Furniture,Storage,P10044,C1452,1,5695.84,0.2868,4061.99,2939.5,1122.49,0.2763399220579076,2025,5,May,Q2
SO03961,2025-06-13,North,Jaipur,Corporate,Retail Store,Office Supplies,Binders,P10040,C1206,1,850.61,0.0736,787.97,502.73,285.24,0.3619934769090194,2025,6,Jun,Q2
SO03962,2024-05-14,East,Bhubaneswar,Corporate,Distributor,Office Supplies,Binders,P10083,C1294,8,678.51,0.036,5232.37,2908.49,2323.88,0.4441352580188328,2024,5,May,Q2
SO03963,2025-09-09,West,Pune,Consumer,Online,Office Supplies,Paper,P10024,C1251,7,796.2,0.2858,3980.6,2144.38,1836.21,0.4612897553132694,2025,9,Sep,Q3
SO03964,2023-10-05,South,Chennai,Consumer,Online,Technology,Laptops,P10020,C1090,10,4247.89,0.4815,22027.39,15871.1,6156.29,0.27948340679490397,2023,10,Oct,Q4
SO03965,2023-07-10,East,Guwahati,Consumer,Online,Office Supplies,Paper,P10024,C1545,6,1167.62,0.1923,5658.49,3146.94,2511.55,0.4438551627731074,2023,7,Jul,Q3
SO03966,2024-08-04,West,Pune,Consumer,Retail Store,Technology,Laptops,P10015,C1292,6,11993.02,0.1689,59804.86,41671.48,18133.38,0.30320913718383424,2024,8,Aug,Q3
SO03967,2025-11-27,West,Surat,Consumer,Online,Office Supplies,Envelopes,P10017,C1462,9,619.98,0.2564,4149.32,2095.09,2054.23,0.4950763016590671,2025,11,Nov,Q4
SO03968,2023-03-10,South,Chennai,Home Office,Distributor,Office Supplies,Pens,P10005,C1394,7,649.9,0.1425,3901.15,2389.88,1511.27,0.3873908975558489,2023,3,Mar,Q1
SO03969,2025-10-27,Central,Indore,Corporate,Online,Furniture,Tables,P10069,C1271,4,11269.28,0.1984,36135.74,25601.8,10533.93,0.29151001197152737,2025,10,Oct,Q4
SO03970,2025-08-31,South,Chennai,Corporate,Online,Technology,Accessories,P10001,C1448,3,28540.4,0.1388,73734.61,50164.4,23570.21,0.319662774374205,2025,8,Aug,Q3
SO03971,2025-09-11,South,Bengaluru,Consumer,Online,Office Supplies,Paper,P10088,C1514,10,1064.04,0.2391,8096.45,4623.53,3472.91,0.42894231422413526,2025,9,Sep,Q3
SO03972,2023-02-02,North,Chandigarh,Corporate,Online,Office Supplies,Pens,P10028,C1332,4,666.29,0.1335,2309.34,1352.41,956.93,0.41437380377077426,2023,2,Feb,Q1
SO03973,2023-04-15,North,Chandigarh,Consumer,Retail Store,Technology,Accessories,P10087,C1129,10,18830.59,0.55,84737.64,59343.67,25393.97,0.29967756949568103,2023,4,Apr,Q2
SO03974,2023-08-14,Central,Bhopal,Home Office,Retail Store,Technology,Phones,P10003,C1293,10,27584.77,0.2281,212931.62,139140.36,73791.27,0.34654914098713946,2023,8,Aug,Q3
SO03975,2025-08-21,East,Bhubaneswar,Corporate,Online,Office Supplies,Binders,P10033,C1139,5,524.89,0.1943,2114.6,1068.55,1046.05,0.49467984488792205,2025,8,Aug,Q3
SO03976,2024-05-27,Central,Indore,Consumer,Online,Furniture,Chairs,P10089,C1388,2,150.0,0.3736,187.93,126.94,60.98,0.3244825200872665,2024,5,May,Q2
SO03977,2024-05-03,Central,Raipur,Consumer,Retail Store,Furniture,Chairs,P10048,C1326,3,4581.38,0.2895,9765.02,7200.43,2564.59,0.2626302864715075,2024,5,May,Q2
SO03978,2023-05-03,Central,Raipur,Corporate,Online,Technology,Accessories,P10094,C1169,1,16444.89,0.3242,11112.65,6808.07,4304.59,0.38735945071607586,2023,5,May,Q2
SO03979,2024-10-05,West,Pune,Corporate,Retail Store,Technology,Laptops,P10055,C1309,2,25039.81,0.4681,26638.83,18704.61,7934.21,0.2978437866828235,2024,10,Oct,Q4
SO03980,2025-09-18,Central,Nagpur,Corporate,Retail Store,Furniture,Bookcases,P10043,C1487,9,12782.75,0.2969,80890.16,56434.48,24455.68,0.3023319523660232,2025,9,Sep,Q3
SO03981,2023-03-13,South,Hyderabad,Consumer,Online,Office Supplies,Envelopes,P10039,C1241,8,835.46,0.2035,5323.55,3609.9,1713.65,0.32189986005578985,2023,3,Mar,Q1
SO03982,2024-11-14,West,Ahmedabad,Home Office,Online,Furniture,Chairs,P10070,C1233,2,5636.51,0.4511,6187.21,4733.2,1454.01,0.23500252941147948,2024,11,Nov,Q4
SO03983,2023-03-16,West,Pune,Consumer,Distributor,Technology,Laptops,P10089,C1274,6,24595.02,0.4722,77887.14,54546.63,23340.51,0.29967090844521954,2023,3,Mar,Q1
SO03984,2025-01-31,East,Bhubaneswar,Corporate,Retail Store,Furniture,Tables,P10066,C1583,5,12724.77,0.1627,53272.86,40399.43,12873.44,0.2416510020299267,2025,1,Jan,Q1
SO03985,2024-04-09,North,Lucknow,Corporate,Online,Office Supplies,Paper,P10069,C1402,10,712.4,0.1777,5857.84,3146.63,2711.21,0.4628344236100679,2024,4,Apr,Q2
SO03986,2023-03-03,West,Surat,Consumer,Retail Store,Technology,Phones,P10046,C1463,1,14566.02,0.3992,8751.37,5469.56,3281.81,0.3750052848868234,2023,3,Mar,Q1
SO03987,2025-06-21,Central,Nagpur,Consumer,Retail Store,Technology,Printers,P10062,C1528,4,21245.13,0.2543,63372.95,40848.29,22524.67,0.3554303531711874,2025,6,Jun,Q2
SO03988,2023-02-09,West,Ahmedabad,Home Office,Retail Store,Office Supplies,Binders,P10092,C1213,4,674.5,0.2702,1969.12,1129.14,839.98,0.42657633866905015,2023,2,Feb,Q1
SO03989,2025-10-12,Central,Nagpur,Home Office,Distributor,Office Supplies,Paper,P10065,C1329,8,936.43,0.4329,4248.69,2567.57,1681.12,0.3956796094796278,2025,10,Oct,Q4
SO03990,2025-07-02,Central,Nagpur,Home Office,Online,Technology,Printers,P10091,C1095,5,15836.63,0.0912,71963.73,48556.27,23407.47,0.325267603555291,2025,7,Jul,Q3
SO03991,2024-12-17,West,Pune,Corporate,Online,Furniture,Storage,P10097,C1158,6,6706.91,0.5452,18299.84,14458.59,3841.26,0.20990675328308883,2024,12,Dec,Q4
SO03992,2023-06-02,East,Bhubaneswar,Home Office,Retail Store,Furniture,Tables,P10013,C1048,4,8324.38,0.1683,27693.3,19025.66,8667.63,0.31298653464917503,2023,6,Jun,Q2
SO03993,2024-12-27,South,Kochi,Consumer,Retail Store,Technology,Printers,P10003,C1182,4,21728.48,0.3968,52423.45,36362.64,16060.81,0.3063669025979786,2024,12,Dec,Q4
SO03994,2024-10-19,North,Chandigarh,Consumer,Online,Technology,Phones,P10049,C1175,6,26802.87,0.5464,72949.35,50004.13,22945.22,0.314536318692353,2024,10,Oct,Q4
SO03995,2024-08-22,South,Kochi,Consumer,Online,Technology,Printers,P10092,C1469,8,28383.74,0.0878,207137.23,128346.36,78790.86,0.3803800021850249,2024,8,Aug,Q3
SO03996,2024-07-25,South,Chennai,Home Office,Distributor,Technology,Phones,P10041,C1334,6,22572.27,0.188,109972.97,69930.12,40042.85,0.3641153821707279,2024,7,Jul,Q3
SO03997,2025-03-19,South,Kochi,Consumer,Online,Office Supplies,Paper,P10053,C1131,10,1323.75,0.4681,7041.09,4543.86,2497.23,0.3546652577938927,2025,3,Mar,Q1
SO03998,2024-08-17,East,Patna,Home Office,Online,Technology,Laptops,P10017,C1582,8,13723.82,0.4293,62660.22,36042.68,26617.54,0.4247916780375173,2024,8,Aug,Q3
SO03999,2023-03-19,South,Bengaluru,Consumer,Online,Furniture,Storage,P10038,C1495,3,10787.06,0.219,25273.26,16367.17,8906.08,0.3523914208139354,2023,3,Mar,Q1
SO04000,2024-06-12,West,Mumbai,Home Office,Online,Technology,Laptops,P10074,C1374,4,8014.72,0.3051,22277.71,14411.59,7866.12,0.3530937425794662,2024,6,Jun,Q2
SO04001,2025-11-14,West,Mumbai,Consumer,Online,Furniture,Chairs,P10100,C1105,8,9631.92,0.3455,50435.39,37181.29,13254.1,0.2627936454937694,2025,11,Nov,Q4
SO04002,2024-05-02,East,Guwahati,Consumer,Online,Technology,Laptops,P10012,C1424,3,14782.11,0.1959,35660.78,21689.43,13971.35,0.39178475625042414,2024,5,May,Q2
SO04003,2025-05-09,North,Jaipur,Home Office,Retail Store,Office Supplies,Binders,P10061,C1307,1,643.48,0.3371,426.59,216.52,210.07,0.49244004782109285,2025,5,May,Q2
SO04004,2024-08-13,North,Chandigarh,Consumer,Online,Furniture,Storage,P10078,C1006,6,5009.5,0.2827,21559.76,15234.07,6325.69,0.2934026167267168,2024,8,Aug,Q3
SO04005,2025-02-22,North,Jaipur,Consumer,Retail Store,Technology,Accessories,P10081,C1579,5,29975.95,0.3958,90560.26,64774.97,25785.29,0.2847307417182769,2025,2,Feb,Q1
SO04006,2023-08-19,North,Chandigarh,Home Office,Retail Store,Furniture,Bookcases,P10069,C1480,9,7514.31,0.2117,53309.86,35962.42,17347.44,0.325407720072797,2023,8,Aug,Q3
SO04007,2024-04-29,East,Patna,Consumer,Online,Technology,Printers,P10029,C1159,8,14435.94,0.3327,77061.12,54031.6,23029.51,0.29884733053451595,2024,4,Apr,Q2
SO04008,2024-01-22,East,Patna,Corporate,Online,Office Supplies,Paper,P10076,C1121,5,391.7,0.1555,1653.94,1043.22,610.72,0.3692516052577482,2024,1,Jan,Q1
SO04009,2024-05-31,South,Kochi,Corporate,Online,Furniture,Chairs,P10065,C1413,2,11267.5,0.1593,18944.49,15605.61,3338.88,0.17624544128662212,2024,5,May,Q2
SO04010,2024-10-16,South,Kochi,Home Office,Online,Office Supplies,Envelopes,P10023,C1415,10,631.49,0.3095,4360.3,2879.41,1480.89,0.33963030066738525,2024,10,Oct,Q4
SO04011,2023-02-22,East,Guwahati,Consumer,Retail Store,Technology,Laptops,P10073,C1043,5,14205.86,0.4318,40360.92,25682.97,14677.95,0.3636673792371433,2023,2,Feb,Q1
SO04012,2023-07-18,West,Pune,Consumer,Online,Technology,Phones,P10085,C1585,8,19907.33,0.4004,95483.82,57801.27,37682.55,0.39464853835969277,2023,7,Jul,Q3
SO04013,2025-08-24,South,Kochi,Consumer,Online,Furniture,Bookcases,P10003,C1017,9,8423.64,0.1221,66552.53,43636.71,22915.82,0.3443268047059969,2025,8,Aug,Q3
SO04014,2024-01-31,North,Delhi,Home Office,Distributor,Furniture,Bookcases,P10093,C1045,2,10872.7,0.4962,10954.52,7563.73,3390.79,0.3095334163432081,2024,1,Jan,Q1
SO04015,2025-06-24,West,Pune,Consumer,Distributor,Furniture,Storage,P10096,C1589,4,9772.07,0.2062,31028.47,22955.41,8073.07,0.2601826645013434,2025,6,Jun,Q2
SO04016,2025-04-05,West,Ahmedabad,Consumer,Distributor,Office Supplies,Paper,P10050,C1043,7,904.66,0.1532,5362.4,2820.29,2542.12,0.47406385200656426,2025,4,Apr,Q2
SO04017,2023-04-23,West,Surat,Corporate,Retail Store,Furniture,Bookcases,P10046,C1093,8,8006.43,0.5053,31683.18,22082.52,9600.66,0.30302071951110965,2023,4,Apr,Q2
SO04018,2023-06-08,East,Patna,Home Office,Distributor,Office Supplies,Paper,P10029,C1021,1,877.32,0.2406,666.25,348.97,317.27,0.47620262664165103,2023,6,Jun,Q2
SO04019,2024-02-26,South,Kochi,Consumer,Online,Technology,Printers,P10041,C1566,9,23511.3,0.2307,162795.17,115762.21,47032.95,0.28890875570816993,2024,2,Feb,Q1
SO04020,2025-11-18,West,Surat,Corporate,Retail Store,Furniture,Chairs,P10026,C1014,10,10933.45,0.5289,51506.71,38650.68,12856.03,0.24959912989977423,2025,11,Nov,Q4
SO04021,2023-04-12,East,Bhubaneswar,Consumer,Retail Store,Technology,Accessories,P10036,C1008,2,16792.42,0.2803,24171.45,14994.72,9176.73,0.3796516137840303,2023,4,Apr,Q2
SO04022,2024-07-15,Central,Raipur,Corporate,Online,Office Supplies,Paper,P10044,C1417,8,950.33,0.3808,4707.85,2686.34,2021.51,0.42939133574774047,2024,7,Jul,Q3
SO04023,2023-02-01,East,Bhubaneswar,Consumer,Distributor,Technology,Accessories,P10045,C1109,8,10541.61,0.0553,79667.06,52706.98,26960.08,0.3384093752173107,2023,2,Feb,Q1
SO04024,2025-05-14,North,Jaipur,Consumer,Online,Technology,Phones,P10002,C1312,3,25475.86,0.1896,61937.37,37612.62,24324.75,0.3927313994766003,2025,5,May,Q2
SO04025,2023-05-25,West,Surat,Corporate,Online,Technology,Accessories,P10006,C1523,9,33184.58,0.2785,215492.18,166767.1,48725.08,0.2261106644333915,2023,5,May,Q2
SO04026,2023-08-03,Central,Nagpur,Consumer,Online,Furniture,Tables,P10094,C1349,1,9562.19,0.3105,6593.52,4257.02,2336.49,0.35436155498125427,2023,8,Aug,Q3
SO04027,2025-08-08,East,Bhubaneswar,Corporate,Online,Office Supplies,Envelopes,P10034,C1419,6,665.56,0.2352,3054.23,1890.37,1163.86,0.381064949267082,2025,8,Aug,Q3
SO04028,2023-12-15,South,Chennai,Corporate,Online,Technology,Printers,P10097,C1299,3,19046.24,0.1401,49132.54,30539.47,18593.07,0.3784268022780829,2023,12,Dec,Q4
SO04029,2024-12-26,East,Bhubaneswar,Consumer,Online,Office Supplies,Binders,P10001,C1134,3,1133.97,0.2971,2391.08,1367.64,1023.44,0.42802415644813224,2024,12,Dec,Q4
SO04030,2023-10-11,West,Ahmedabad,Corporate,Online,Office Supplies,Paper,P10027,C1361,10,1519.64,0.4846,7832.51,5092.45,2740.06,0.3498316631577872,2023,10,Oct,Q4
SO04031,2023-01-30,Central,Indore,Consumer,Online,Technology,Phones,P10044,C1442,1,22819.23,0.1742,18844.31,13541.89,5302.42,0.2813804273013976,2023,1,Jan,Q1
SO04032,2023-05-17,East,Kolkata,Home Office,Online,Technology,Laptops,P10068,C1488,5,28559.09,0.0976,128853.14,91973.9,36879.25,0.2862114962817359,2023,5,May,Q2
SO04033,2023-10-11,Central,Indore,Consumer,Online,Technology,Accessories,P10036,C1571,9,21559.99,0.3772,120845.16,71689.33,49155.83,0.40676705628922166,2023,10,Oct,Q4
SO04034,2024-11-25,Central,Indore,Home Office,Online,Furniture,Tables,P10023,C1466,6,7679.55,0.433,26124.87,18784.16,7340.71,0.2809855130379596,2024,11,Nov,Q4
SO04035,2024-05-13,North,Lucknow,Consumer,Online,Technology,Accessories,P10052,C1094,10,21945.08,0.3419,144417.97,91066.43,53351.55,0.36942459446009385,2024,5,May,Q2
SO04036,2023-12-16,South,Kochi,Corporate,Online,Office Supplies,Binders,P10082,C1553,3,832.34,0.4523,1367.54,748.74,618.8,0.45249133480556325,2023,12,Dec,Q4
SO04037,2025-12-02,Central,Bhopal,Home Office,Distributor,Office Supplies,Pens,P10037,C1156,4,570.13,0.3061,1582.49,881.09,701.39,0.443219230453273,2025,12,Dec,Q4
SO04038,2025-02-26,East,Bhubaneswar,Consumer,Online,Furniture,Tables,P10093,C1572,2,7030.6,0.3914,8557.55,5571.49,2986.06,0.3489386565079959,2025,2,Feb,Q1
SO04039,2024-07-05,East,Bhubaneswar,Corporate,Online,Furniture,Storage,P10083,C1553,9,14459.7,0.4552,70898.67,54093.49,16805.18,0.23703096264006082,2024,7,Jul,Q3
SO04040,2025-05-31,South,Kochi,Corporate,Online,Office Supplies,Binders,P10055,C1441,10,622.74,0.2227,4840.45,2744.88,2095.57,0.43292875662386765,2025,5,May,Q2
SO04041,2025-05-01,South,Bengaluru,Consumer,Distributor,Technology,Phones,P10042,C1533,6,21691.72,0.2355,99500.51,61383.47,38117.05,0.38308396610228435,2025,5,May,Q2
SO04042,2025-05-13,West,Mumbai,Consumer,Online,Office Supplies,Envelopes,P10039,C1270,4,795.57,0.4738,1674.58,998.71,675.87,0.4036056802302667,2025,5,May,Q2
SO04043,2024-08-07,North,Chandigarh,Corporate,Online,Technology,Printers,P10064,C1116,6,21004.29,0.1583,106073.41,83251.08,22822.33,0.21515599432506224,2024,8,Aug,Q3
SO04044,2023-11-25,South,Hyderabad,Corporate,Distributor,Technology,Laptops,P10040,C1016,6,23159.1,0.2678,101735.75,73959.63,27776.12,0.27302221687066736,2023,11,Nov,Q4
SO04045,2025-04-16,West,Surat,Corporate,Distributor,Furniture,Tables,P10014,C1308,4,9140.74,0.1139,32397.0,21548.78,10848.21,0.33485230113899433,2025,4,Apr,Q2
SO04046,2025-07-19,North,Jaipur,Home Office,Distributor,Technology,Printers,P10079,C1306,3,24011.53,0.12,63391.3,41826.82,21564.49,0.3401805926049789,2025,7,Jul,Q3
SO04047,2023-02-18,West,Ahmedabad,Corporate,Retail Store,Office Supplies,Binders,P10033,C1036,2,704.67,0.3567,906.67,484.63,422.05,0.46549461215216126,2023,2,Feb,Q1
SO04048,2025-08-27,South,Kochi,Consumer,Distributor,Technology,Laptops,P10009,C1201,2,17592.31,0.1169,31073.06,21864.9,9208.16,0.2963390152112473,2025,8,Aug,Q3
SO04049,2025-05-22,East,Kolkata,Consumer,Online,Office Supplies,Pens,P10008,C1140,1,233.56,0.0962,211.1,139.24,71.86,0.34040738986262437,2025,5,May,Q2
SO04050,2024-03-23,North,Delhi,Consumer,Online,Office Supplies,Binders,P10032,C1281,4,807.0,0.2037,2570.37,1576.26,994.11,0.38675754852414246,2024,3,Mar,Q1
SO04051,2023-10-11,West,Ahmedabad,Corporate,Online,Furniture,Storage,P10087,C1168,3,8210.3,0.1531,20859.21,15981.09,4878.12,0.23385928805549203,2023,10,Oct,Q4
SO04052,2025-12-26,Central,Indore,Consumer,Retail Store,Furniture,Storage,P10061,C1453,5,7612.06,0.1143,33709.34,24140.85,9568.49,0.28385278382786494,2025,12,Dec,Q4
SO04053,2024-12-21,East,Guwahati,Home Office,Retail Store,Office Supplies,Pens,P10011,C1488,10,955.64,0.0293,9276.76,5869.24,3407.52,0.3673178997839763,2024,12,Dec,Q4
SO04054,2023-12-19,South,Chennai,Home Office,Retail Store,Office Supplies,Binders,P10042,C1101,6,577.81,0.2982,2433.15,1411.34,1021.82,0.4199576680434827,2023,12,Dec,Q4
SO04055,2025-08-21,North,Delhi,Corporate,Retail Store,Technology,Accessories,P10077,C1523,2,28659.48,0.0504,54430.4,37684.97,16745.43,0.30764848320056437,2025,8,Aug,Q3
SO04056,2023-12-13,East,Guwahati,Home Office,Online,Technology,Laptops,P10045,C1495,6,18863.49,0.2011,90417.89,60577.64,29840.25,0.33002594951065545,2023,12,Dec,Q4
SO04057,2024-04-06,East,Guwahati,Corporate,Retail Store,Furniture,Bookcases,P10067,C1449,2,9411.5,0.1253,16464.6,11411.37,5053.22,0.30691422810150265,2024,4,Apr,Q2
SO04058,2023-06-05,Central,Bhopal,Consumer,Distributor,Technology,Phones,P10030,C1548,3,31927.96,0.2718,69747.1,44096.71,25650.39,0.367762817378787,2023,6,Jun,Q2
SO04059,2023-12-15,West,Ahmedabad,Consumer,Distributor,Furniture,Bookcases,P10003,C1274,9,10034.07,0.3752,56422.61,36707.92,19714.69,0.3494111669063164,2023,12,Dec,Q4
SO04060,2025-08-19,South,Chennai,Consumer,Online,Furniture,Chairs,P10037,C1486,1,6310.04,0.2797,4545.04,3340.53,1204.51,0.26501636949289775,2025,8,Aug,Q3
SO04061,2023-05-15,South,Hyderabad,Consumer,Retail Store,Office Supplies,Paper,P10018,C1085,6,150.0,0.2534,671.94,389.11,282.83,0.4209155579367205,2023,5,May,Q2
SO04062,2023-12-26,East,Patna,Corporate,Retail Store,Technology,Accessories,P10019,C1076,9,21963.88,0.3325,131952.73,80123.32,51829.42,0.3927877808969924,2023,12,Dec,Q4
SO04063,2023-12-23,South,Bengaluru,Corporate,Online,Office Supplies,Envelopes,P10034,C1523,7,1387.13,0.55,4369.45,2106.95,2262.5,0.5177997230772752,2023,12,Dec,Q4
SO04064,2024-07-16,Central,Bhopal,Home Office,Retail Store,Technology,Printers,P10062,C1208,2,15527.01,0.1619,26027.56,17415.87,8611.69,0.33086812594034937,2024,7,Jul,Q3
SO04065,2024-02-18,Central,Nagpur,Home Office,Retail Store,Technology,Phones,P10072,C1162,6,19293.23,0.3341,77088.75,48211.14,28877.61,0.37460213066108866,2024,2,Feb,Q1
SO04066,2023-04-08,East,Kolkata,Corporate,Online,Furniture,Bookcases,P10095,C1322,10,9034.56,0.4544,49296.62,32827.96,16468.66,0.3340728025572544,2023,4,Apr,Q2
SO04067,2024-06-13,South,Bengaluru,Home Office,Online,Office Supplies,Binders,P10062,C1508,6,847.65,0.177,4185.84,2524.26,1661.58,0.39695258299409436,2024,6,Jun,Q2
SO04068,2023-02-28,West,Surat,Corporate,Online,Office Supplies,Binders,P10052,C1469,9,675.96,0.4181,3540.33,1970.03,1570.3,0.4435462230921976,2023,2,Feb,Q1
SO04069,2025-09-04,South,Chennai,Consumer,Retail Store,Technology,Phones,P10026,C1142,1,18541.23,0.091,16853.19,11517.44,5335.75,0.31660178280788387,2025,9,Sep,Q3
SO04070,2025-01-13,West,Surat,Consumer,Online,Technology,Accessories,P10032,C1339,1,16162.87,0.1948,13013.64,8197.65,4815.99,0.3700724778002158,2025,1,Jan,Q1
SO04071,2024-08-01,East,Guwahati,Consumer,Online,Furniture,Bookcases,P10079,C1027,8,10271.2,0.5473,37196.6,25677.06,11519.54,0.3096933590704527,2024,8,Aug,Q3
SO04072,2023-02-01,South,Bengaluru,Corporate,Retail Store,Office Supplies,Envelopes,P10008,C1181,2,697.62,0.2641,1026.75,637.82,388.93,0.37879717555393233,2023,2,Feb,Q1
SO04073,2024-01-11,South,Chennai,Home Office,Retail Store,Technology,Phones,P10097,C1033,9,14178.28,0.2309,98134.43,63132.59,35001.84,0.35667237278496444,2024,1,Jan,Q1
SO04074,2025-11-13,South,Hyderabad,Corporate,Distributor,Technology,Accessories,P10022,C1092,5,24655.42,0.0908,112084.11,77683.9,34400.21,0.30691424502545456,2025,11,Nov,Q4
SO04075,2024-08-09,West,Mumbai,Consumer,Online,Office Supplies,Pens,P10015,C1322,6,785.23,0.3142,3230.98,1578.18,1652.81,0.511550675027391,2024,8,Aug,Q3
SO04076,2025-09-16,West,Pune,Consumer,Online,Technology,Accessories,P10092,C1467,8,15066.41,0.1059,107772.09,70595.67,37176.42,0.3449540599982797,2025,9,Sep,Q3
SO04077,2025-08-20,Central,Bhopal,Consumer,Online,Technology,Phones,P10080,C1278,10,23411.91,0.2362,178828.44,117436.52,61391.92,0.34330065173078733,2025,8,Aug,Q3
SO04078,2024-12-04,West,Surat,Home Office,Online,Technology,Phones,P10016,C1504,2,32229.81,0.2147,50619.75,32724.48,17895.27,0.353523476508675,2024,12,Dec,Q4
SO04079,2023-09-16,North,Chandigarh,Consumer,Distributor,Furniture,Chairs,P10038,C1481,3,3647.49,0.3109,7540.89,4980.84,2560.06,0.339490431500791,2023,9,Sep,Q3
SO04080,2025-05-10,Central,Nagpur,Corporate,Online,Furniture,Chairs,P10030,C1013,9,9425.43,0.208,67183.07,51825.65,15357.42,0.2285906255846897,2025,5,May,Q2
SO04081,2023-08-12,North,Jaipur,Consumer,Retail Store,Office Supplies,Paper,P10017,C1592,10,472.6,0.2115,3726.6,2269.82,1456.78,0.39091396983845866,2023,8,Aug,Q3
SO04082,2023-12-10,West,Mumbai,Home Office,Retail Store,Technology,Laptops,P10083,C1169,3,14799.06,0.1577,37394.42,25373.46,12020.96,0.3214640045225999,2023,12,Dec,Q4
SO04083,2025-11-07,West,Pune,Corporate,Retail Store,Office Supplies,Envelopes,P10008,C1149,5,470.55,0.1911,1903.11,1211.63,691.47,0.36333685388653314,2025,11,Nov,Q4
SO04084,2025-01-06,West,Pune,Home Office,Online,Furniture,Storage,P10008,C1363,3,9614.95,0.1151,25526.15,17983.25,7542.91,0.29549736250864306,2025,1,Jan,Q1
SO04085,2023-05-21,South,Chennai,Home Office,Distributor,Furniture,Chairs,P10081,C1045,3,12962.8,0.2435,29417.34,19982.84,9434.5,0.3207122057942696,2023,5,May,Q2
SO04086,2024-12-27,South,Kochi,Consumer,Online,Furniture,Chairs,P10037,C1568,6,9208.85,0.2425,41856.07,28637.95,13218.13,0.31579959609203634,2024,12,Dec,Q4
SO04087,2023-01-09,South,Kochi,Consumer,Online,Technology,Accessories,P10051,C1501,8,22552.84,0.2146,141696.87,96084.96,45611.91,0.32189779491953496,2023,1,Jan,Q1
SO04088,2025-08-02,North,Delhi,Home Office,Distributor,Technology,Accessories,P10018,C1191,8,17477.95,0.2039,111317.65,75836.25,35481.4,0.31874010994662577,2025,8,Aug,Q3
SO04089,2023-08-05,Central,Raipur,Consumer,Distributor,Technology,Phones,P10088,C1284,9,20609.27,0.3748,115972.17,83586.58,32385.59,0.279253117364278,2023,8,Aug,Q3
SO04090,2024-03-12,West,Surat,Corporate,Online,Office Supplies,Binders,P10071,C1218,7,1176.47,0.1428,7059.05,4012.1,3046.96,0.431638818254581,2024,3,Mar,Q1
SO04091,2025-05-11,South,Hyderabad,Consumer,Retail Store,Technology,Phones,P10084,C1570,5,27376.97,0.2034,109038.94,75395.93,33643.02,0.30854133394913774,2025,5,May,Q2
SO04092,2024-12-27,South,Hyderabad,Corporate,Online,Technology,Laptops,P10063,C1441,3,26041.41,0.1639,65323.14,38547.18,26775.96,0.4099000752260225,2024,12,Dec,Q4
SO04093,2025-02-05,North,Delhi,Consumer,Online,Technology,Accessories,P10049,C1105,1,20889.86,0.5472,9458.66,6611.86,2846.8,0.3009728650781401,2025,2,Feb,Q1
SO04094,2025-12-30,North,Chandigarh,Home Office,Distributor,Office Supplies,Envelopes,P10036,C1386,6,1108.34,0.0909,6045.84,3476.54,2569.3,0.4249698966562132,2025,12,Dec,Q4
SO04095,2024-06-06,East,Bhubaneswar,Consumer,Online,Technology,Accessories,P10009,C1351,5,25601.5,0.268,93704.33,55813.6,37890.72,0.40436466489862316,2024,6,Jun,Q2
SO04096,2023-01-29,South,Hyderabad,Corporate,Online,Furniture,Chairs,P10074,C1532,10,5884.12,0.55,26478.53,17690.19,8788.33,0.3319039992023726,2023,1,Jan,Q1
SO04097,2025-09-20,North,Lucknow,Consumer,Distributor,Furniture,Storage,P10072,C1544,8,2377.66,0.1234,16674.92,11892.02,4782.9,0.2868319608130054,2025,9,Sep,Q3
SO04098,2024-02-10,North,Chandigarh,Corporate,Online,Office Supplies,Pens,P10035,C1273,8,654.14,0.55,2354.9,1363.36,991.54,0.4210539725678372,2024,2,Feb,Q1
SO04099,2024-05-13,North,Lucknow,Consumer,Online,Technology,Phones,P10021,C1098,3,24333.19,0.2354,55818.92,40341.52,15477.4,0.27727874347980935,2024,5,May,Q2
SO04100,2023-01-25,West,Mumbai,Consumer,Retail Store,Technology,Phones,P10013,C1058,8,12879.79,0.2133,81065.35,53914.64,27150.7,0.33492361409652827,2023,1,Jan,Q1
SO04101,2023-06-04,West,Mumbai,Consumer,Retail Store,Furniture,Storage,P10033,C1459,1,6729.66,0.4376,3784.69,2701.37,1083.32,0.2862374461316515,2023,6,Jun,Q2
SO04102,2023-02-24,West,Pune,Consumer,Distributor,Furniture,Bookcases,P10012,C1356,8,7623.14,0.1891,49451.84,32712.8,16739.04,0.3384917527841229,2023,2,Feb,Q1
SO04103,2025-01-01,West,Pune,Home Office,Online,Office Supplies,Binders,P10014,C1264,1,1259.62,0.3895,768.98,417.34,351.64,0.45728107363000337,2025,1,Jan,Q1
SO04104,2024-12-11,West,Surat,Consumer,Retail Store,Technology,Printers,P10030,C1373,7,11001.42,0.1781,63293.45,41111.98,22181.48,0.35045458890295916,2024,12,Dec,Q4
SO04105,2024-05-26,West,Mumbai,Corporate,Online,Office Supplies,Paper,P10019,C1087,1,525.83,0.2551,391.69,227.63,164.06,0.41885164288084964,2024,5,May,Q2
SO04106,2024-06-29,South,Bengaluru,Consumer,Distributor,Technology,Printers,P10055,C1122,10,29605.7,0.0991,266732.5,175912.21,90820.29,0.3404920285304565,2024,6,Jun,Q2
SO04107,2024-09-06,East,Bhubaneswar,Consumer,Distributor,Furniture,Tables,P10026,C1303,2,11322.53,0.5081,11139.94,7816.18,3323.76,0.29836426408041694,2024,9,Sep,Q3
SO04108,2023-10-08,South,Bengaluru,Consumer,Online,Furniture,Tables,P10080,C1392,10,11857.76,0.4608,63932.32,39042.52,24889.8,0.38931482542789,2023,10,Oct,Q4
SO04109,2024-04-28,East,Kolkata,Corporate,Online,Office Supplies,Envelopes,P10087,C1432,4,705.77,0.0788,2600.52,1170.23,1430.29,0.5500015381539076,2024,4,Apr,Q2
SO04110,2025-07-20,East,Guwahati,Home Office,Retail Store,Office Supplies,Pens,P10063,C1080,7,336.15,0.1654,1963.77,1149.62,814.15,0.41458521109905944,2025,7,Jul,Q3
SO04111,2024-10-05,East,Kolkata,Home Office,Retail Store,Office Supplies,Binders,P10021,C1269,9,1116.46,0.2839,7195.57,4627.15,2568.42,0.35694462009264033,2024,10,Oct,Q4
SO04112,2023-06-21,Central,Nagpur,Consumer,Online,Technology,Laptops,P10046,C1085,8,23375.86,0.1376,161279.44,99516.7,61762.74,0.38295482672806896,2023,6,Jun,Q2
SO04113,2024-12-23,West,Mumbai,Home Office,Retail Store,Office Supplies,Binders,P10035,C1478,1,961.2,0.3806,595.38,361.01,234.38,0.3936645503711915,2024,12,Dec,Q4
SO04114,2025-02-06,South,Kochi,Consumer,Online,Furniture,Storage,P10004,C1277,10,6248.38,0.368,39492.04,26172.4,13319.64,0.3372740430729838,2025,2,Feb,Q1
SO04115,2023-09-17,West,Surat,Corporate,Retail Store,Technology,Accessories,P10068,C1588,10,17111.96,0.121,150405.97,98588.81,51817.16,0.3445153141195127,2023,9,Sep,Q3
SO04116,2024-08-26,West,Pune,Consumer,Retail Store,Office Supplies,Pens,P10055,C1494,1,965.97,0.3357,641.69,370.9,270.78,0.421979460487151,2024,8,Aug,Q3
SO04117,2025-02-09,Central,Indore,Consumer,Online,Office Supplies,Paper,P10007,C1541,8,717.01,0.0609,5386.83,2958.87,2427.96,0.4507214818362562,2025,2,Feb,Q1
SO04118,2025-07-26,East,Patna,Consumer,Retail Store,Office Supplies,Pens,P10054,C1032,8,1207.74,0.3081,6685.42,4320.42,2365.0,0.3537548875014584,2025,7,Jul,Q3
SO04119,2023-10-02,Central,Indore,Corporate,Retail Store,Office Supplies,Paper,P10057,C1565,10,1398.08,0.2212,10888.29,6903.38,3984.91,0.3659812514178075,2023,10,Oct,Q4
SO04120,2023-05-24,Central,Nagpur,Consumer,Online,Office Supplies,Binders,P10100,C1208,7,800.88,0.386,3442.1,2165.38,1276.72,0.3709131053717208,2023,5,May,Q2
SO04121,2025-12-28,North,Jaipur,Corporate,Online,Furniture,Chairs,P10061,C1015,1,5563.03,0.3086,3846.17,2766.79,1079.37,0.28063502133291035,2025,12,Dec,Q4
SO04122,2025-02-16,West,Ahmedabad,Home Office,Distributor,Furniture,Tables,P10076,C1484,6,6560.82,0.2627,29024.53,21555.07,7469.46,0.25734990368491756,2025,2,Feb,Q1
SO04123,2024-06-22,South,Chennai,Consumer,Online,Furniture,Chairs,P10064,C1137,4,8892.36,0.1725,29434.92,20374.99,9059.92,0.3077949591845332,2024,6,Jun,Q2
SO04124,2025-11-30,West,Pune,Home Office,Online,Furniture,Storage,P10031,C1029,5,13007.46,0.2553,48433.89,37072.95,11360.94,0.2345659206807465,2025,11,Nov,Q4
SO04125,2023-09-25,North,Lucknow,Corporate,Retail Store,Technology,Laptops,P10041,C1473,10,24428.47,0.0987,220165.61,153028.64,67136.98,0.30493854149156174,2023,9,Sep,Q3
SO04126,2023-06-21,North,Chandigarh,Consumer,Online,Furniture,Storage,P10050,C1600,7,6786.7,0.4017,28424.81,20019.98,8404.83,0.29568640916157396,2023,6,Jun,Q2
SO04127,2025-11-30,South,Kochi,Consumer,Online,Furniture,Tables,P10011,C1022,1,6611.62,0.1583,5564.83,4040.47,1524.37,0.2739293024225358,2025,11,Nov,Q4
SO04128,2024-09-27,North,Jaipur,Consumer,Online,Furniture,Tables,P10051,C1168,1,10314.17,0.55,4641.38,3430.49,1210.89,0.26089008010548587,2024,9,Sep,Q3
SO04129,2024-01-28,Central,Indore,Consumer,Online,Furniture,Tables,P10035,C1091,9,11811.66,0.1528,90060.94,66370.05,23690.89,0.26305399432872895,2024,1,Jan,Q1
SO04130,2023-11-11,North,Chandigarh,Corporate,Online,Furniture,Bookcases,P10086,C1026,8,11717.72,0.55,42183.79,29644.28,12539.51,0.29725897080371394,2023,11,Nov,Q4
SO04131,2023-10-02,East,Patna,Consumer,Online,Technology,Accessories,P10070,C1490,1,22156.83,0.144,18966.83,13801.61,5165.23,0.2723296407465032,2023,10,Oct,Q4
SO04132,2023-12-27,Central,Indore,Corporate,Distributor,Office Supplies,Pens,P10011,C1382,7,1232.06,0.1819,7055.87,3909.91,3145.95,0.44586280642925674,2023,12,Dec,Q4
SO04133,2025-09-29,North,Delhi,Consumer,Online,Office Supplies,Binders,P10099,C1114,7,1124.6,0.2375,6002.49,3105.36,2897.13,0.48265469830020546,2025,9,Sep,Q3
SO04134,2024-02-25,South,Kochi,Consumer,Online,Furniture,Storage,P10011,C1292,3,5905.39,0.2132,13938.61,9471.46,4467.15,0.3204874804589553,2024,2,Feb,Q1
SO04135,2025-08-29,Central,Raipur,Home Office,Online,Technology,Phones,P10019,C1450,8,18309.22,0.1253,128118.79,86618.8,41499.98,0.32391798267841904,2025,8,Aug,Q3
SO04136,2024-12-12,South,Chennai,Home Office,Retail Store,Office Supplies,Pens,P10071,C1454,1,1068.77,0.4993,535.18,311.79,223.39,0.4174109645352965,2024,12,Dec,Q4
SO04137,2024-08-13,East,Kolkata,Consumer,Distributor,Technology,Accessories,P10082,C1257,4,36762.74,0.3905,89631.89,61211.54,28420.35,0.31707855318012373,2024,8,Aug,Q3
SO04138,2025-01-26,West,Mumbai,Corporate,Online,Technology,Laptops,P10026,C1244,3,15666.91,0.2085,37198.76,26895.23,10303.53,0.2769858457647513,2025,1,Jan,Q1
SO04139,2023-10-03,Central,Bhopal,Consumer,Distributor,Furniture,Storage,P10068,C1483,10,7874.55,0.1811,64481.29,51841.5,12639.79,0.1960225981831319,2023,10,Oct,Q4
SO04140,2023-11-19,West,Mumbai,Consumer,Distributor,Office Supplies,Binders,P10074,C1364,6,1493.7,0.2155,7030.7,4208.27,2822.43,0.4014436684825124,2023,11,Nov,Q4
SO04141,2025-07-14,North,Chandigarh,Consumer,Distributor,Furniture,Storage,P10083,C1051,4,10544.71,0.2225,32793.5,21334.41,11459.09,0.3494317471450135,2025,7,Jul,Q3
SO04142,2025-05-18,North,Lucknow,Corporate,Online,Furniture,Chairs,P10065,C1411,5,7534.27,0.3834,23227.92,17033.03,6194.9,0.2667005913572976,2025,5,May,Q2
SO04143,2024-08-04,East,Guwahati,Consumer,Online,Furniture,Bookcases,P10062,C1189,4,150.0,0.2227,466.37,330.09,136.27,0.2921928940540773,2024,8,Aug,Q3
SO04144,2023-05-30,Central,Raipur,Consumer,Online,Office Supplies,Binders,P10029,C1331,8,827.93,0.097,5980.7,3629.09,2351.61,0.3931997926664103,2023,5,May,Q2
SO04145,2023-07-06,South,Chennai,Corporate,Online,Technology,Printers,P10041,C1113,4,20070.97,0.4289,45846.27,26921.58,18924.69,0.4127858165996928,2023,7,Jul,Q3
SO04146,2024-12-31,East,Patna,Consumer,Online,Office Supplies,Paper,P10070,C1372,8,1206.1,0.55,4341.97,2492.4,1849.57,0.4259748455194301,2024,12,Dec,Q4
SO04147,2024-04-11,East,Bhubaneswar,Consumer,Retail Store,Technology,Printers,P10002,C1410,6,22580.95,0.0479,128991.37,78086.27,50905.09,0.3946395018519456,2024,4,Apr,Q2
SO04148,2023-03-25,South,Kochi,Corporate,Online,Technology,Accessories,P10062,C1396,7,25129.69,0.2537,131279.28,91309.57,39969.71,0.3044632024185385,2023,3,Mar,Q1
SO04149,2023-10-09,East,Guwahati,Home Office,Retail Store,Office Supplies,Envelopes,P10032,C1446,3,972.9,0.55,1313.41,760.31,553.1,0.4211175489755674,2023,10,Oct,Q4
SO04150,2023-06-17,South,Hyderabad,Consumer,Retail Store,Furniture,Storage,P10024,C1176,4,13102.19,0.2153,41126.96,30060.35,11066.61,0.26908407526352546,2023,6,Jun,Q2
SO04151,2024-12-21,West,Mumbai,Consumer,Online,Office Supplies,Envelopes,P10006,C1003,9,841.87,0.3822,4681.09,2964.76,1716.33,0.366651784093021,2024,12,Dec,Q4
SO04152,2023-06-09,North,Lucknow,Consumer,Retail Store,Technology,Phones,P10043,C1456,1,18951.67,0.1479,16149.19,11976.28,4172.92,0.2583980992235524,2023,6,Jun,Q2
SO04153,2025-06-11,West,Pune,Consumer,Distributor,Furniture,Storage,P10060,C1557,3,10222.65,0.1017,27548.06,17882.21,9665.85,0.3508722574293798,2025,6,Jun,Q2
SO04154,2024-07-01,East,Kolkata,Consumer,Retail Store,Furniture,Storage,P10053,C1193,5,8104.02,0.2637,29834.2,20006.47,9827.73,0.3294115478209571,2024,7,Jul,Q3
SO04155,2023-08-13,West,Surat,Consumer,Retail Store,Office Supplies,Pens,P10027,C1036,9,293.22,0.2774,1907.02,1124.51,782.51,0.4103313022411931,2023,8,Aug,Q3
SO04156,2025-06-28,North,Delhi,Consumer,Online,Technology,Accessories,P10035,C1109,9,18827.31,0.1614,142103.26,88779.06,53324.2,0.37524966000076276,2025,6,Jun,Q2
SO04157,2025-11-02,South,Hyderabad,Corporate,Online,Office Supplies,Paper,P10006,C1578,4,1311.8,0.2409,3983.16,1908.48,2074.68,0.5208628325249299,2025,11,Nov,Q4
SO04158,2023-08-01,North,Chandigarh,Consumer,Retail Store,Office Supplies,Pens,P10042,C1600,3,1348.83,0.55,1820.93,938.39,882.54,0.48466442971448653,2023,8,Aug,Q3
SO04159,2024-07-29,Central,Raipur,Corporate,Retail Store,Office Supplies,Envelopes,P10057,C1023,3,829.22,0.4036,1483.73,911.14,572.59,0.3859125312556867,2024,7,Jul,Q3
SO04160,2023-11-23,West,Surat,Consumer,Online,Office Supplies,Envelopes,P10046,C1089,2,1205.0,0.1339,2087.4,1162.35,925.05,0.44315895372233394,2023,11,Nov,Q4
SO04161,2024-04-18,East,Kolkata,Corporate,Online,Technology,Accessories,P10045,C1329,8,16527.34,0.2872,94251.28,59490.07,34761.21,0.3688141954146405,2024,4,Apr,Q2
SO04162,2025-08-29,South,Hyderabad,Consumer,Distributor,Technology,Accessories,P10055,C1197,6,21121.81,0.4014,75857.8,45031.68,30826.11,0.4063670446546037,2025,8,Aug,Q3
SO04163,2024-03-30,East,Guwahati,Consumer,Retail Store,Technology,Accessories,P10047,C1041,5,22030.47,0.1676,91690.83,60883.49,30807.34,0.3359915053664581,2024,3,Mar,Q1
SO04164,2024-01-14,West,Pune,Consumer,Retail Store,Office Supplies,Envelopes,P10022,C1232,10,551.75,0.1393,4749.19,2599.42,2149.77,0.45266034839625285,2024,1,Jan,Q1
SO04165,2023-11-01,West,Ahmedabad,Home Office,Retail Store,Technology,Printers,P10039,C1482,9,24537.43,0.2512,165372.49,117211.47,48161.02,0.291227519159928,2023,11,Nov,Q4
SO04166,2025-07-29,West,Surat,Home Office,Online,Furniture,Bookcases,P10024,C1332,4,3146.54,0.3737,7882.84,5405.48,2477.36,0.31427252107108605,2025,7,Jul,Q3
SO04167,2025-10-12,East,Bhubaneswar,Consumer,Distributor,Furniture,Tables,P10051,C1517,8,9143.93,0.4276,41872.74,30727.04,11145.69,0.2661800971228537,2025,10,Oct,Q4
SO04168,2023-12-19,South,Kochi,Consumer,Online,Technology,Accessories,P10060,C1023,4,20964.12,0.116,74128.99,50963.89,23165.1,0.31249717553146206,2023,12,Dec,Q4
SO04169,2025-03-23,South,Bengaluru,Corporate,Retail Store,Office Supplies,Binders,P10068,C1296,2,1474.07,0.1597,2477.23,1433.25,1043.98,0.4214303879736641,2025,3,Mar,Q1
SO04170,2025-05-13,South,Chennai,Corporate,Online,Technology,Printers,P10018,C1315,2,26640.0,0.1724,44094.49,29875.09,14219.4,0.3224756653268923,2025,5,May,Q2
SO04171,2023-07-19,Central,Indore,Home Office,Distributor,Technology,Phones,P10024,C1213,5,30493.42,0.2538,113763.47,78708.01,35055.46,0.30814337853794366,2023,7,Jul,Q3
SO04172,2023-04-26,North,Chandigarh,Consumer,Distributor,Technology,Laptops,P10011,C1318,1,32529.0,0.1397,27984.07,18733.21,9250.86,0.33057593123516343,2023,4,Apr,Q2
SO04173,2024-06-15,Central,Raipur,Corporate,Online,Furniture,Bookcases,P10004,C1260,3,6333.34,0.1675,15816.9,10924.92,4891.98,0.3092881664548679,2024,6,Jun,Q2
SO04174,2024-09-17,West,Pune,Home Office,Distributor,Office Supplies,Binders,P10042,C1508,6,901.58,0.1177,4772.74,2985.05,1787.69,0.3745626202139652,2024,9,Sep,Q3
SO04175,2023-05-04,West,Surat,Home Office,Distributor,Technology,Phones,P10025,C1307,7,19441.5,0.0743,125983.1,95682.72,30300.38,0.24051146542671198,2023,5,May,Q2
SO04176,2023-07-27,North,Chandigarh,Corporate,Online,Technology,Laptops,P10062,C1353,5,19356.0,0.4052,57561.26,36241.41,21319.85,0.370385394621313,2023,7,Jul,Q3
SO04177,2025-09-25,West,Ahmedabad,Corporate,Online,Technology,Accessories,P10040,C1195,2,14612.28,0.2094,23105.83,13412.78,9693.05,0.4195066786174744,2025,9,Sep,Q3
SO04178,2024-12-03,South,Kochi,Corporate,Retail Store,Furniture,Storage,P10086,C1006,1,6960.09,0.3297,4665.36,3098.78,1566.58,0.33578973541162954,2024,12,Dec,Q4
SO04179,2025-07-04,Central,Raipur,Consumer,Online,Office Supplies,Paper,P10003,C1222,7,1299.57,0.4335,5153.65,2773.67,2379.98,0.4618047403296693,2025,7,Jul,Q3
SO04180,2024-08-24,West,Ahmedabad,Consumer,Online,Office Supplies,Paper,P10074,C1051,7,876.34,0.2925,4340.27,2464.56,1875.71,0.4321643584385303,2024,8,Aug,Q3
SO04181,2023-08-28,West,Mumbai,Corporate,Online,Technology,Accessories,P10095,C1081,1,18856.39,0.3764,11758.46,7852.79,3905.67,0.33215829283766757,2023,8,Aug,Q3
SO04182,2025-05-25,West,Pune,Consumer,Distributor,Office Supplies,Binders,P10051,C1496,10,794.3,0.3551,5122.75,3107.97,2014.78,0.39330047337855645,2025,5,May,Q2
SO04183,2025-06-12,Central,Bhopal,Consumer,Online,Furniture,Chairs,P10038,C1299,7,11413.7,0.4032,47680.22,36772.76,10907.45,0.22876257701831074,2025,6,Jun,Q2
SO04184,2025-10-31,South,Kochi,Consumer,Online,Furniture,Storage,P10071,C1401,4,5788.39,0.4262,13285.5,8580.5,4705.0,0.3541454969703812,2025,10,Oct,Q4
SO04185,2024-01-13,West,Surat,Consumer,Distributor,Technology,Printers,P10078,C1562,1,21463.35,0.2555,15979.57,10137.7,5841.86,0.3655830538618999,2024,1,Jan,Q1
SO04186,2025-05-09,Central,Raipur,Home Office,Distributor,Office Supplies,Paper,P10079,C1269,6,852.78,0.3424,3364.53,2051.85,1312.67,0.39014958998730875,2025,5,May,Q2
SO04187,2023-07-08,West,Mumbai,Corporate,Online,Office Supplies,Binders,P10073,C1416,6,561.86,0.1217,2960.77,1649.1,1311.68,0.44301989009615744,2023,7,Jul,Q3
SO04188,2023-06-23,South,Bengaluru,Consumer,Distributor,Furniture,Chairs,P10001,C1096,3,10133.49,0.1477,25910.18,18448.18,7461.99,0.28799452570379674,2023,6,Jun,Q2
SO04189,2023-06-28,East,Patna,Consumer,Distributor,Furniture,Chairs,P10065,C1426,10,9882.31,0.3751,61753.25,40293.87,21459.38,0.3475020343058868,2023,6,Jun,Q2
SO04190,2025-05-23,North,Lucknow,Corporate,Distributor,Office Supplies,Pens,P10018,C1495,10,617.7,0.2755,4475.08,2861.71,1613.36,0.3605209292347846,2025,5,May,Q2
SO04191,2025-09-21,West,Surat,Consumer,Online,Furniture,Bookcases,P10003,C1346,9,9364.02,0.3116,58017.45,44255.6,13761.84,0.23720173844248585,2025,9,Sep,Q3
SO04192,2025-01-12,Central,Indore,Corporate,Retail Store,Furniture,Storage,P10068,C1514,6,9892.5,0.3557,38242.65,27661.15,10581.5,0.2766936914675107,2025,1,Jan,Q1
SO04193,2024-02-11,East,Guwahati,Corporate,Online,Office Supplies,Envelopes,P10062,C1550,1,561.8,0.1866,456.98,282.36,174.63,0.3821392621121274,2024,2,Feb,Q1
SO04194,2025-04-23,North,Jaipur,Home Office,Retail Store,Furniture,Storage,P10070,C1081,5,5398.96,0.4208,15634.66,12306.48,3328.18,0.2128719140678467,2025,4,Apr,Q2
SO04195,2025-09-10,Central,Raipur,Corporate,Online,Office Supplies,Paper,P10045,C1387,3,1071.81,0.2839,2302.64,1273.2,1029.44,0.4470694507174374,2025,9,Sep,Q3
SO04196,2024-08-09,East,Kolkata,Consumer,Retail Store,Technology,Printers,P10061,C1211,10,24186.29,0.1063,216156.35,144959.6,71196.75,0.3293761668347934,2024,8,Aug,Q3
SO04197,2023-10-23,West,Ahmedabad,Home Office,Online,Office Supplies,Pens,P10027,C1370,1,744.18,0.182,608.71,376.48,232.22,0.38149529332522875,2023,10,Oct,Q4
SO04198,2024-05-07,Central,Indore,Home Office,Retail Store,Office Supplies,Paper,P10012,C1346,2,349.22,0.2164,547.26,329.01,218.24,0.39878668274677487,2024,5,May,Q2
SO04199,2025-03-31,Central,Nagpur,Consumer,Retail Store,Furniture,Storage,P10009,C1546,2,12056.13,0.1902,19525.16,14634.57,4890.59,0.250476308516806,2025,3,Mar,Q1
SO04200,2023-11-12,East,Kolkata,Consumer,Online,Office Supplies,Pens,P10044,C1062,9,1263.2,0.3491,7399.78,4481.49,2918.29,0.39437523818275677,2023,11,Nov,Q4
SO04201,2025-05-10,West,Ahmedabad,Corporate,Online,Technology,Phones,P10066,C1356,1,24025.83,0.2206,18725.74,12557.77,6167.97,0.3293845797282243,2025,5,May,Q2
SO04202,2023-01-15,East,Bhubaneswar,Consumer,Distributor,Furniture,Tables,P10067,C1416,2,8733.29,0.4449,9696.52,7580.15,2116.37,0.21826077809358407,2023,1,Jan,Q1
SO04203,2025-10-30,West,Pune,Consumer,Online,Furniture,Tables,P10076,C1027,5,9936.27,0.2211,38697.2,26575.02,12122.19,0.31325754834975145,2025,10,Oct,Q4
SO04204,2024-12-03,West,Mumbai,Consumer,Online,Office Supplies,Envelopes,P10059,C1441,5,622.75,0.3933,1889.14,1041.94,847.2,0.44845802852091426,2024,12,Dec,Q4
SO04205,2025-06-14,East,Kolkata,Home Office,Online,Technology,Laptops,P10058,C1361,3,9908.61,0.1233,26061.48,18294.59,7766.89,0.29802183145393124,2025,6,Jun,Q2
SO04206,2023-11-16,West,Ahmedabad,Consumer,Retail Store,Office Supplies,Envelopes,P10014,C1090,10,417.18,0.1891,3382.79,1931.43,1451.36,0.4290422994037466,2023,11,Nov,Q4
SO04207,2024-07-04,Central,Raipur,Home Office,Online,Technology,Accessories,P10028,C1426,6,29047.81,0.2691,127383.11,84942.26,42440.86,0.33317493975457185,2024,7,Jul,Q3
SO04208,2023-07-30,Central,Bhopal,Home Office,Distributor,Furniture,Tables,P10078,C1511,4,6506.99,0.2598,19266.38,13430.2,5836.18,0.30292042407551395,2023,7,Jul,Q3
SO04209,2024-04-18,North,Delhi,Consumer,Online,Technology,Phones,P10076,C1599,8,24284.5,0.1979,155836.74,93375.4,62461.35,0.4008127351740033,2024,4,Apr,Q2
SO04210,2024-03-30,West,Pune,Consumer,Retail Store,Office Supplies,Paper,P10001,C1148,3,1190.9,0.3047,2484.07,1435.01,1049.06,0.4223149911234385,2024,3,Mar,Q1
SO04211,2023-12-18,Central,Raipur,Consumer,Distributor,Office Supplies,Pens,P10077,C1294,4,731.8,0.2287,2257.84,1419.46,838.38,0.37131949119512453,2023,12,Dec,Q4
SO04212,2025-02-12,East,Patna,Consumer,Distributor,Technology,Laptops,P10025,C1044,4,16423.96,0.4215,38007.64,28524.39,9483.25,0.24950904607599947,2025,2,Feb,Q1
SO04213,2024-10-23,Central,Nagpur,Consumer,Online,Technology,Printers,P10057,C1219,7,27132.66,0.4372,106887.53,71821.19,35066.34,0.3280676426894699,2024,10,Oct,Q4
SO04214,2024-11-21,West,Pune,Corporate,Online,Furniture,Tables,P10050,C1009,10,9050.49,0.1533,76632.09,50166.07,26466.01,0.3453645855150238,2024,11,Nov,Q4
SO04215,2025-09-05,South,Bengaluru,Home Office,Distributor,Technology,Phones,P10069,C1473,8,13624.17,0.2372,83139.53,49200.01,33939.52,0.40822362118236655,2025,9,Sep,Q3
SO04216,2024-08-26,South,Hyderabad,Consumer,Online,Office Supplies,Binders,P10078,C1255,10,940.61,0.2166,7369.19,4403.07,2966.12,0.4025028530951163,2024,8,Aug,Q3
SO04217,2024-06-28,East,Bhubaneswar,Home Office,Online,Technology,Laptops,P10015,C1573,4,23159.04,0.1126,82201.14,52603.48,29597.66,0.36006386286126935,2024,6,Jun,Q2
SO04218,2024-09-09,North,Jaipur,Consumer,Distributor,Technology,Printers,P10028,C1304,8,19880.32,0.3943,96339.15,69671.72,26667.43,0.27680781904345225,2024,9,Sep,Q3
SO04219,2024-12-27,South,Kochi,Consumer,Online,Technology,Printers,P10033,C1565,10,22669.11,0.2536,169210.07,112051.85,57158.21,0.3377943759493746,2024,12,Dec,Q4
SO04220,2023-10-04,West,Ahmedabad,Home Office,Online,Office Supplies,Envelopes,P10049,C1280,1,1086.54,0.2238,843.41,478.7,364.71,0.4324231393983946,2023,10,Oct,Q4
SO04221,2025-01-15,Central,Indore,Corporate,Retail Store,Technology,Phones,P10076,C1588,1,21567.98,0.2272,16666.79,11646.6,5020.19,0.3012091710521342,2025,1,Jan,Q1
SO04222,2025-01-30,South,Hyderabad,Consumer,Retail Store,Office Supplies,Binders,P10004,C1131,4,741.61,0.0494,2819.93,1707.67,1112.26,0.39442823048799086,2025,1,Jan,Q1
SO04223,2024-10-23,West,Mumbai,Consumer,Distributor,Office Supplies,Envelopes,P10016,C1091,2,471.14,0.1452,805.42,497.51,307.91,0.3822974348786969,2024,10,Oct,Q4
SO04224,2023-09-19,South,Chennai,Consumer,Retail Store,Technology,Phones,P10061,C1013,6,20272.03,0.5427,55626.49,35722.85,19903.63,0.35780848297277074,2023,9,Sep,Q3
SO04225,2024-01-18,Central,Raipur,Corporate,Retail Store,Office Supplies,Envelopes,P10006,C1017,3,780.66,0.3277,1574.45,734.12,840.33,0.5337292387817968,2024,1,Jan,Q1
SO04226,2024-09-19,North,Chandigarh,Consumer,Online,Technology,Phones,P10049,C1055,6,15413.82,0.4735,48694.26,29899.07,18795.19,0.3859836867836168,2024,9,Sep,Q3
SO04227,2025-06-02,South,Bengaluru,Consumer,Online,Technology,Printers,P10086,C1211,2,19835.88,0.2194,30966.06,21809.28,9156.78,0.29570374790980836,2025,6,Jun,Q2
SO04228,2025-10-26,North,Chandigarh,Consumer,Retail Store,Technology,Printers,P10005,C1505,7,21556.48,0.077,139280.29,88432.9,50847.39,0.36507240184522877,2025,10,Oct,Q4
SO04229,2023-08-29,North,Delhi,Consumer,Retail Store,Office Supplies,Binders,P10094,C1162,1,737.28,0.1998,589.96,314.94,275.01,0.466150247474405,2023,8,Aug,Q3
SO04230,2025-01-12,Central,Bhopal,Home Office,Retail Store,Furniture,Tables,P10057,C1320,6,5281.54,0.2609,23420.72,16940.93,6479.78,0.2766686933621169,2025,1,Jan,Q1
SO04231,2025-01-01,West,Pune,Corporate,Distributor,Furniture,Tables,P10050,C1266,4,7780.17,0.4572,16892.17,12612.24,4279.94,0.25336827654469496,2025,1,Jan,Q1
SO04232,2024-10-17,West,Ahmedabad,Home Office,Online,Furniture,Chairs,P10010,C1491,9,8031.2,0.55,32526.36,20011.46,12514.89,0.38476146731451044,2024,10,Oct,Q4
SO04233,2025-10-28,West,Surat,Consumer,Retail Store,Technology,Phones,P10024,C1570,7,29565.81,0.4937,104785.44,67249.7,37535.75,0.3582153207544865,2025,10,Oct,Q4
SO04234,2025-08-24,North,Chandigarh,Corporate,Online,Technology,Accessories,P10065,C1231,6,8096.29,0.0466,46313.27,29362.41,16950.86,0.3660043870795563,2025,8,Aug,Q3
SO04235,2024-07-28,South,Hyderabad,Corporate,Online,Technology,Phones,P10081,C1379,2,22694.15,0.4196,26344.9,16552.99,9791.91,0.3716814260065515,2024,7,Jul,Q3
SO04236,2023-07-24,West,Ahmedabad,Consumer,Retail Store,Office Supplies,Paper,P10082,C1564,4,724.51,0.0939,2625.95,1492.06,1133.89,0.4318018241017537,2023,7,Jul,Q3
SO04237,2025-02-19,Central,Nagpur,Home Office,Online,Furniture,Bookcases,P10075,C1308,3,8888.45,0.1737,22034.71,16103.38,5931.33,0.2691812145474118,2025,2,Feb,Q1
SO04238,2023-12-04,North,Delhi,Home Office,Distributor,Office Supplies,Paper,P10008,C1154,4,701.88,0.2148,2204.43,1242.3,962.12,0.4364484243092319,2023,12,Dec,Q4
SO04239,2023-10-09,Central,Nagpur,Corporate,Distributor,Office Supplies,Binders,P10039,C1364,4,927.74,0.3612,2370.49,1605.93,764.56,0.3225324721892942,2023,10,Oct,Q4
SO04240,2025-10-26,North,Jaipur,Corporate,Online,Furniture,Storage,P10042,C1101,9,5633.91,0.2782,36598.08,24239.72,12358.36,0.33767782353609804,2025,10,Oct,Q4
SO04241,2025-09-16,West,Mumbai,Home Office,Retail Store,Technology,Laptops,P10076,C1447,5,21896.47,0.2405,83146.75,55097.58,28049.18,0.3373454765219326,2025,9,Sep,Q3
SO04242,2024-10-04,East,Guwahati,Consumer,Online,Technology,Accessories,P10046,C1221,5,10503.45,0.2342,40217.81,24947.13,15270.68,0.379699441615543,2024,10,Oct,Q4
SO04243,2023-08-26,West,Pune,Home Office,Online,Technology,Phones,P10004,C1369,4,17498.32,0.3087,48389.61,34020.05,14369.55,0.29695527614295714,2023,8,Aug,Q3
SO04244,2024-07-10,East,Guwahati,Corporate,Online,Office Supplies,Binders,P10043,C1502,10,1161.96,0.3079,8042.0,4785.83,3256.17,0.40489554837105196,2024,7,Jul,Q3
SO04245,2024-01-11,North,Delhi,Consumer,Retail Store,Office Supplies,Envelopes,P10046,C1048,3,1046.77,0.3958,1897.3,1197.37,699.94,0.3689137194961261,2024,1,Jan,Q1
SO04246,2025-12-23,North,Delhi,Home Office,Online,Office Supplies,Binders,P10066,C1283,9,772.17,0.3962,4196.15,2462.97,1733.18,0.4130405252433779,2025,12,Dec,Q4
SO04247,2023-09-06,Central,Nagpur,Consumer,Online,Technology,Printers,P10057,C1387,9,18997.93,0.1066,152754.97,99827.27,52927.7,0.3464875807314158,2023,9,Sep,Q3
SO04248,2024-09-15,North,Lucknow,Home Office,Retail Store,Technology,Laptops,P10033,C1460,9,20165.56,0.4465,100454.38,71566.99,28887.39,0.2875672519207226,2024,9,Sep,Q3
SO04249,2023-08-28,West,Pune,Home Office,Online,Technology,Accessories,P10056,C1507,6,13153.17,0.2095,62388.98,41502.32,20886.66,0.3347812386097673,2023,8,Aug,Q3
SO04250,2024-01-27,East,Bhubaneswar,Corporate,Online,Furniture,Bookcases,P10051,C1315,3,9770.47,0.3001,20513.85,13832.75,6681.1,0.32568727956965665,2024,1,Jan,Q1
SO04251,2024-06-27,West,Ahmedabad,Corporate,Online,Office Supplies,Envelopes,P10059,C1115,7,1265.28,0.1974,7108.59,4368.11,2740.48,0.38551667770964426,2024,6,Jun,Q2
SO04252,2023-01-07,West,Ahmedabad,Home Office,Online,Technology,Accessories,P10005,C1319,3,27265.18,0.1895,66298.89,39398.49,26900.4,0.4057443495660335,2023,1,Jan,Q1
SO04253,2024-01-06,Central,Raipur,Consumer,Online,Furniture,Storage,P10025,C1390,8,7720.33,0.1417,53010.8,38609.74,14401.05,0.2716625668731654,2024,1,Jan,Q1
SO04254,2025-03-01,South,Bengaluru,Consumer,Retail Store,Office Supplies,Paper,P10044,C1273,4,620.63,0.2193,1938.02,1218.5,719.52,0.3712655184157026,2025,3,Mar,Q1
SO04255,2023-07-10,East,Bhubaneswar,Consumer,Retail Store,Office Supplies,Paper,P10093,C1330,10,703.83,0.3448,4611.37,2443.43,2167.94,0.4701292674411292,2023,7,Jul,Q3
SO04256,2025-07-18,East,Patna,Consumer,Distributor,Furniture,Chairs,P10037,C1221,9,10888.14,0.2476,73730.47,49881.27,23849.2,0.3234646408737121,2025,7,Jul,Q3
SO04257,2024-04-11,North,Jaipur,Corporate,Online,Office Supplies,Binders,P10036,C1414,10,1111.7,0.219,8682.65,5182.5,3500.14,0.40311886348061937,2024,4,Apr,Q2
SO04258,2023-09-19,South,Chennai,Consumer,Retail Store,Furniture,Storage,P10081,C1307,2,11150.98,0.1625,18677.16,14881.14,3796.02,0.20324396214413754,2023,9,Sep,Q3
SO04259,2024-02-03,North,Delhi,Corporate,Online,Office Supplies,Envelopes,P10001,C1522,1,1116.44,0.3137,766.23,425.73,340.51,0.44439659110188845,2024,2,Feb,Q1
SO04260,2024-07-12,East,Patna,Consumer,Online,Office Supplies,Binders,P10034,C1596,1,850.39,0.1753,701.36,394.13,307.23,0.43804893350062735,2024,7,Jul,Q3
SO04261,2024-06-09,South,Kochi,Corporate,Online,Office Supplies,Binders,P10090,C1189,3,1111.23,0.446,1846.74,919.86,926.88,0.501900646544722,2024,6,Jun,Q2
SO04262,2023-07-30,East,Guwahati,Consumer,Distributor,Furniture,Bookcases,P10086,C1517,3,6400.64,0.1043,17198.2,13786.68,3411.52,0.19836494516868045,2023,7,Jul,Q3
SO04263,2024-09-12,South,Bengaluru,Consumer,Distributor,Office Supplies,Binders,P10014,C1440,9,707.65,0.4689,3382.36,1994.45,1387.9,0.41033479582303484,2024,9,Sep,Q3
SO04264,2023-03-25,North,Jaipur,Corporate,Retail Store,Office Supplies,Binders,P10043,C1056,5,1169.82,0.3333,3899.45,2100.93,1798.52,0.4612240187718781,2023,3,Mar,Q1
SO04265,2025-03-12,North,Jaipur,Consumer,Retail Store,Office Supplies,Envelopes,P10081,C1594,2,868.64,0.1848,1416.16,883.97,532.19,0.37579793243701276,2025,3,Mar,Q1
SO04266,2024-03-19,Central,Nagpur,Consumer,Online,Furniture,Bookcases,P10079,C1576,7,12020.24,0.5006,42022.16,27230.35,14791.81,0.35200023035465094,2024,3,Mar,Q1
SO04267,2025-04-07,North,Jaipur,Corporate,Retail Store,Office Supplies,Binders,P10027,C1482,9,850.49,0.0516,7259.31,4584.23,2675.08,0.3685033426041869,2025,4,Apr,Q2
SO04268,2023-04-29,North,Chandigarh,Corporate,Retail Store,Furniture,Tables,P10063,C1413,8,9629.73,0.116,68103.91,47403.88,20700.03,0.30394774690616144,2023,4,Apr,Q2
SO04269,2025-06-23,North,Chandigarh,Consumer,Distributor,Technology,Printers,P10006,C1148,2,31714.22,0.0643,59351.12,42000.43,17350.69,0.29233972332788327,2025,6,Jun,Q2
SO04270,2023-10-09,East,Bhubaneswar,Consumer,Distributor,Office Supplies,Envelopes,P10056,C1033,8,857.83,0.3589,4399.41,2668.01,1731.4,0.3935527718489525,2023,10,Oct,Q4
SO04271,2025-04-08,South,Chennai,Consumer,Distributor,Furniture,Chairs,P10097,C1318,8,7460.89,0.18,48942.27,34896.83,14045.45,0.2869799459649093,2025,4,Apr,Q2
SO04272,2023-01-30,East,Bhubaneswar,Home Office,Distributor,Technology,Phones,P10071,C1139,7,9531.58,0.2363,50952.33,30106.74,20845.59,0.40911946519423154,2023,1,Jan,Q1
SO04273,2025-12-14,North,Chandigarh,Consumer,Distributor,Furniture,Chairs,P10088,C1425,7,6856.94,0.3109,33075.65,22764.36,10311.29,0.3117486731175351,2025,12,Dec,Q4
SO04274,2025-12-24,South,Kochi,Consumer,Online,Technology,Accessories,P10035,C1104,5,22991.68,0.4469,63580.02,34511.98,29068.04,0.4571882802175904,2025,12,Dec,Q4
SO04275,2024-09-18,West,Ahmedabad,Consumer,Online,Furniture,Bookcases,P10069,C1344,2,10318.29,0.3253,13923.59,10026.07,3897.52,0.27992206033070494,2024,9,Sep,Q3
SO04276,2024-12-16,North,Lucknow,Home Office,Online,Furniture,Bookcases,P10036,C1480,6,13194.46,0.2496,59405.8,40914.33,18491.47,0.31127381501469553,2024,12,Dec,Q4
SO04277,2024-07-02,Central,Nagpur,Home Office,Distributor,Furniture,Tables,P10079,C1065,7,8107.88,0.2551,42279.46,31572.38,10707.08,0.2532454293408667,2024,7,Jul,Q3
SO04278,2025-09-30,West,Pune,Consumer,Online,Technology,Accessories,P10075,C1269,5,28352.56,0.1256,123963.91,91936.1,32027.81,0.25836398674420646,2025,9,Sep,Q3
SO04279,2023-04-19,Central,Raipur,Consumer,Online,Furniture,Bookcases,P10023,C1417,3,4210.47,0.2866,9010.82,6925.92,2084.9,0.23137738851736026,2023,4,Apr,Q2
SO04280,2024-04-06,East,Patna,Consumer,Distributor,Technology,Phones,P10047,C1307,1,15600.7,0.0702,14504.99,9423.07,5081.91,0.3503559809417311,2024,4,Apr,Q2
SO04281,2025-04-08,Central,Raipur,Corporate,Retail Store,Office Supplies,Paper,P10043,C1063,6,310.58,0.3615,1189.77,697.66,492.11,0.4136177580540777,2025,4,Apr,Q2
SO04282,2025-03-05,South,Bengaluru,Consumer,Online,Office Supplies,Envelopes,P10038,C1544,9,527.58,0.2325,3644.38,2061.36,1583.02,0.4343729248870864,2025,3,Mar,Q1
SO04283,2024-11-09,East,Patna,Corporate,Online,Furniture,Tables,P10077,C1092,5,5527.13,0.2843,19778.11,15434.03,4344.08,0.21964080491007482,2024,11,Nov,Q4
SO04284,2023-11-25,South,Hyderabad,Corporate,Online,Furniture,Bookcases,P10009,C1213,2,6405.48,0.3936,7768.94,6094.98,1673.96,0.2154682620795115,2023,11,Nov,Q4
SO04285,2025-06-24,Central,Indore,Consumer,Online,Furniture,Chairs,P10093,C1532,8,6943.96,0.3887,33959.15,24543.45,9415.7,0.2772654792596399,2025,6,Jun,Q2
SO04286,2024-11-15,Central,Nagpur,Consumer,Online,Furniture,Tables,P10085,C1422,1,7147.82,0.4142,4186.87,3004.31,1182.56,0.2824448812597477,2024,11,Nov,Q4
SO04287,2025-09-23,Central,Raipur,Corporate,Distributor,Office Supplies,Envelopes,P10090,C1485,10,459.73,0.4308,2616.93,1710.94,906.0,0.34620719698272406,2025,9,Sep,Q3
SO04288,2023-11-28,West,Ahmedabad,Consumer,Retail Store,Office Supplies,Binders,P10082,C1473,6,371.69,0.1933,1799.09,1124.4,674.68,0.37501181152693863,2023,11,Nov,Q4
SO04289,2023-10-31,North,Delhi,Consumer,Online,Technology,Phones,P10056,C1199,5,28080.65,0.1349,121458.91,74061.73,47397.18,0.39023221927481483,2023,10,Oct,Q4
SO04290,2023-10-10,Central,Bhopal,Corporate,Distributor,Office Supplies,Pens,P10091,C1301,10,697.25,0.3366,4625.82,2801.08,1824.74,0.3944684401900636,2023,10,Oct,Q4
SO04291,2024-06-29,West,Pune,Consumer,Distributor,Technology,Phones,P10038,C1032,1,13025.55,0.2776,9410.07,7002.41,2407.66,0.2558599457814873,2024,6,Jun,Q2
SO04292,2024-06-26,East,Guwahati,Consumer,Online,Office Supplies,Paper,P10049,C1555,2,1296.26,0.2462,1954.12,1140.3,813.82,0.41646367674451934,2024,6,Jun,Q2
SO04293,2025-03-18,East,Kolkata,Home Office,Distributor,Technology,Accessories,P10090,C1549,10,15650.04,0.1094,139375.42,93374.92,46000.5,0.33004743591086577,2025,3,Mar,Q1
SO04294,2024-05-30,East,Kolkata,Consumer,Online,Furniture,Tables,P10042,C1431,9,11402.21,0.2771,74180.69,49264.99,24915.69,0.3358783802091892,2024,5,May,Q2
SO04295,2023-08-10,South,Hyderabad,Consumer,Distributor,Office Supplies,Paper,P10055,C1492,5,1159.97,0.1071,5178.66,3065.54,2113.12,0.4080437796650099,2023,8,Aug,Q3
SO04296,2025-07-20,Central,Nagpur,Consumer,Online,Furniture,Bookcases,P10025,C1597,5,6487.95,0.3453,21238.22,17034.48,4203.74,0.1979327834441869,2025,7,Jul,Q3
SO04297,2024-07-15,East,Kolkata,Consumer,Online,Furniture,Tables,P10075,C1270,1,8614.36,0.4405,4819.64,3140.67,1678.97,0.3483600434887253,2024,7,Jul,Q3
SO04298,2024-11-30,South,Bengaluru,Consumer,Online,Furniture,Tables,P10028,C1190,3,3145.65,0.1935,7611.2,5489.68,2121.52,0.27873659869665757,2024,11,Nov,Q4
SO04299,2024-03-19,North,Chandigarh,Corporate,Retail Store,Office Supplies,Binders,P10079,C1148,8,570.73,0.1262,3989.84,2216.53,1773.31,0.44445641930503477,2024,3,Mar,Q1
SO04300,2024-02-09,South,Kochi,Home Office,Online,Technology,Laptops,P10069,C1411,5,13805.73,0.3042,48027.81,28200.46,19827.35,0.41283060793319537,2024,2,Feb,Q1
SO04301,2025-05-30,North,Jaipur,Corporate,Online,Furniture,Chairs,P10073,C1022,4,10127.15,0.1239,35488.63,26251.85,9236.78,0.2602743470232579,2025,5,May,Q2
SO04302,2023-01-31,South,Chennai,Consumer,Online,Furniture,Bookcases,P10051,C1370,6,7588.92,0.264,33513.89,22000.24,11513.65,0.3435486002967725,2023,1,Jan,Q1
SO04303,2023-10-14,North,Lucknow,Corporate,Retail Store,Technology,Phones,P10038,C1284,8,14314.56,0.4,68713.41,43940.03,24773.38,0.36053195438852476,2023,10,Oct,Q4
SO04304,2023-04-30,North,Chandigarh,Consumer,Online,Office Supplies,Pens,P10003,C1181,7,844.28,0.1835,4825.24,2761.73,2063.5,0.4276471222156826,2023,4,Apr,Q2
SO04305,2025-10-11,West,Mumbai,Corporate,Retail Store,Office Supplies,Envelopes,P10016,C1561,10,835.06,0.1174,7370.55,4365.88,3004.67,0.4076588585655073,2025,10,Oct,Q4
SO04306,2025-11-12,North,Jaipur,Consumer,Distributor,Furniture,Storage,P10010,C1102,3,7987.52,0.2411,18184.38,13741.37,4443.02,0.2443316736671803,2025,11,Nov,Q4
SO04307,2023-03-24,Central,Nagpur,Home Office,Online,Technology,Printers,P10013,C1178,8,24123.18,0.523,92051.91,65429.45,26622.47,0.28921148947371106,2023,3,Mar,Q1
SO04308,2023-10-25,North,Jaipur,Corporate,Retail Store,Technology,Laptops,P10060,C1123,9,26268.01,0.3673,149585.88,102147.42,47438.46,0.3171319378540274,2023,10,Oct,Q4
SO04309,2024-08-26,West,Surat,Home Office,Retail Store,Technology,Printers,P10036,C1138,10,17353.19,0.2946,122413.09,77435.19,44977.9,0.3674272089692369,2024,8,Aug,Q3
SO04310,2024-03-12,North,Delhi,Corporate,Online,Office Supplies,Binders,P10061,C1485,7,537.49,0.2294,2899.24,1840.98,1058.26,0.3650128999323961,2024,3,Mar,Q1
SO04311,2025-11-12,East,Kolkata,Consumer,Online,Technology,Printers,P10020,C1103,7,15142.97,0.5189,50996.8,34308.85,16687.94,0.3272350421987261,2025,11,Nov,Q4
SO04312,2024-11-18,North,Delhi,Home Office,Online,Office Supplies,Envelopes,P10036,C1056,5,1279.19,0.2179,5002.24,3029.95,1972.3,0.3942833610542477,2024,11,Nov,Q4
SO04313,2024-05-03,North,Chandigarh,Consumer,Online,Technology,Laptops,P10030,C1542,5,17439.63,0.1106,77555.65,52287.52,25268.13,0.32580643705519846,2024,5,May,Q2
SO04314,2023-05-01,West,Ahmedabad,Corporate,Online,Office Supplies,Pens,P10042,C1519,7,911.28,0.463,3425.73,2062.02,1363.71,0.39807865768755857,2023,5,May,Q2
SO04315,2025-03-20,West,Ahmedabad,Consumer,Online,Technology,Printers,P10057,C1197,10,23922.82,0.5325,111842.8,70354.95,41487.85,0.3709478839943206,2025,3,Mar,Q1
SO04316,2024-06-10,West,Mumbai,Consumer,Online,Technology,Accessories,P10083,C1392,4,11425.43,0.2976,32101.3,21075.86,11025.44,0.3434577415867893,2024,6,Jun,Q2
SO04317,2023-04-10,West,Surat,Corporate,Distributor,Technology,Phones,P10073,C1286,6,29297.91,0.2883,125100.32,86190.65,38909.67,0.31102774157572094,2023,4,Apr,Q2
SO04318,2024-02-22,West,Mumbai,Home Office,Online,Furniture,Chairs,P10057,C1339,9,6573.16,0.2499,44373.51,27989.27,16384.24,0.3692347078245557,2024,2,Feb,Q1
SO04319,2024-12-19,West,Ahmedabad,Consumer,Retail Store,Office Supplies,Paper,P10064,C1368,9,656.47,0.2556,4397.79,2433.99,1963.8,0.4465424679213878,2024,12,Dec,Q4
SO04320,2024-11-23,South,Bengaluru,Consumer,Retail Store,Office Supplies,Envelopes,P10091,C1053,1,1152.43,0.1575,970.9,482.2,488.71,0.5033577093418478,2024,11,Nov,Q4
SO04321,2024-03-11,North,Jaipur,Home Office,Retail Store,Technology,Phones,P10090,C1171,7,24277.08,0.1706,140943.98,102046.53,38897.45,0.2759780871804528,2024,3,Mar,Q1
SO04322,2024-02-26,West,Ahmedabad,Consumer,Online,Furniture,Bookcases,P10019,C1299,5,8720.07,0.55,19620.15,13852.39,5767.76,0.2939712489455993,2024,2,Feb,Q1
SO04323,2024-10-23,South,Hyderabad,Consumer,Retail Store,Furniture,Tables,P10052,C1097,4,10668.45,0.1954,34333.99,25368.95,8965.04,0.26111267580610353,2024,10,Oct,Q4
SO04324,2025-06-17,Central,Bhopal,Consumer,Distributor,Furniture,Chairs,P10074,C1012,3,11865.64,0.2634,26219.71,18693.33,7526.38,0.2870504669960118,2025,6,Jun,Q2
SO04325,2024-07-03,West,Pune,Consumer,Retail Store,Technology,Phones,P10031,C1107,6,24353.67,0.3844,89948.67,63238.65,26710.02,0.2969473589770699,2024,7,Jul,Q3
SO04326,2024-05-31,North,Delhi,Consumer,Online,Office Supplies,Envelopes,P10088,C1136,6,448.66,0.226,2083.62,1180.05,903.57,0.4336539292193395,2024,5,May,Q2
SO04327,2024-04-08,Central,Indore,Consumer,Online,Office Supplies,Binders,P10074,C1491,7,1039.47,0.2419,5516.25,3024.34,2491.91,0.451739859506005,2024,4,Apr,Q2
SO04328,2025-04-16,North,Jaipur,Consumer,Retail Store,Technology,Printers,P10041,C1334,2,25840.41,0.2606,38211.35,24831.35,13380.0,0.35015774109001646,2025,4,Apr,Q2
SO04329,2025-01-30,West,Mumbai,Corporate,Online,Technology,Printers,P10054,C1428,2,22896.64,0.1444,39182.26,28227.82,10954.44,0.2795765226406032,2025,1,Jan,Q1
SO04330,2025-11-02,Central,Bhopal,Corporate,Retail Store,Furniture,Bookcases,P10032,C1232,10,7605.47,0.4636,40793.17,28097.17,12696.0,0.31122857086124955,2025,11,Nov,Q4
SO04331,2023-06-22,Central,Nagpur,Consumer,Retail Store,Furniture,Chairs,P10069,C1405,3,7290.63,0.178,17978.89,11607.57,6371.32,0.3543778286646172,2023,6,Jun,Q2
SO04332,2023-09-15,West,Pune,Consumer,Online,Office Supplies,Pens,P10039,C1014,7,1169.75,0.125,7164.92,4418.45,2746.47,0.38332179563763447,2023,9,Sep,Q3
SO04333,2025-03-03,North,Delhi,Consumer,Online,Office Supplies,Pens,P10081,C1361,4,1370.87,0.1203,4823.61,2966.86,1856.75,0.3849295444698058,2025,3,Mar,Q1
SO04334,2023-01-23,West,Pune,Consumer,Online,Office Supplies,Binders,P10099,C1477,2,744.99,0.4177,867.57,518.72,348.85,0.4021001187224086,2023,1,Jan,Q1
SO04335,2025-10-07,North,Delhi,Corporate,Retail Store,Office Supplies,Envelopes,P10052,C1248,9,1144.83,0.1419,8841.08,5476.07,3365.01,0.3806107398643605,2025,10,Oct,Q4
SO04336,2024-09-20,West,Ahmedabad,Corporate,Online,Office Supplies,Pens,P10040,C1300,3,856.17,0.5309,1205.01,753.87,451.14,0.374386934548261,2024,9,Sep,Q3
SO04337,2024-07-10,South,Bengaluru,Corporate,Retail Store,Office Supplies,Pens,P10089,C1372,4,1336.91,0.0827,4905.62,2605.67,2299.95,0.46883982045082984,2024,7,Jul,Q3
SO04338,2024-05-09,Central,Bhopal,Consumer,Retail Store,Office Supplies,Pens,P10075,C1076,10,735.56,0.1559,6208.72,3666.25,2542.47,0.40949986470641286,2024,5,May,Q2
SO04339,2024-01-23,East,Kolkata,Consumer,Online,Furniture,Storage,P10001,C1138,8,7666.28,0.4501,33723.59,23577.02,10146.57,0.3008745510190345,2024,1,Jan,Q1
SO04340,2023-06-12,South,Hyderabad,Corporate,Online,Furniture,Storage,P10056,C1500,3,10192.95,0.1753,25217.28,18099.99,7117.3,0.28223900436526067,2023,6,Jun,Q2
SO04341,2025-12-11,West,Surat,Consumer,Online,Office Supplies,Envelopes,P10041,C1512,5,877.19,0.181,3591.88,1994.93,1596.95,0.4446000423176721,2025,12,Dec,Q4
SO04342,2025-07-30,Central,Raipur,Consumer,Online,Technology,Accessories,P10098,C1351,8,18495.24,0.2993,103677.18,75525.06,28152.12,0.2715363207216863,2025,7,Jul,Q3
SO04343,2023-09-20,South,Kochi,Consumer,Online,Office Supplies,Paper,P10074,C1200,3,846.62,0.3609,1623.2,860.07,763.13,0.47013923114834894,2023,9,Sep,Q3
SO04344,2023-09-13,West,Pune,Consumer,Online,Furniture,Storage,P10050,C1181,3,5345.63,0.2873,11428.72,8619.83,2808.89,0.2457746799291609,2023,9,Sep,Q3
SO04345,2023-08-11,North,Jaipur,Consumer,Retail Store,Furniture,Bookcases,P10096,C1217,4,7349.39,0.0645,27501.87,21817.05,5684.82,0.20670667121908437,2023,8,Aug,Q3
SO04346,2025-12-08,South,Chennai,Consumer,Online,Office Supplies,Binders,P10092,C1254,9,1047.36,0.3895,5754.67,3227.87,2526.8,0.43908686336488456,2025,12,Dec,Q4
SO04347,2025-01-08,West,Pune,Consumer,Distributor,Furniture,Storage,P10077,C1133,8,3048.61,0.4241,14046.35,10062.07,3984.28,0.2836523367280468,2025,1,Jan,Q1
SO04348,2023-06-08,South,Bengaluru,Consumer,Retail Store,Furniture,Storage,P10034,C1039,3,10859.99,0.2197,25420.59,18237.42,7183.17,0.28257290645103045,2023,6,Jun,Q2
SO04349,2025-01-11,West,Surat,Corporate,Retail Store,Furniture,Chairs,P10019,C1370,4,3855.48,0.2901,10948.67,7964.08,2984.59,0.2725984069297915,2025,1,Jan,Q1
SO04350,2023-08-04,North,Chandigarh,Corporate,Online,Office Supplies,Paper,P10097,C1530,2,526.86,0.1195,927.81,466.29,461.52,0.4974294305946261,2023,8,Aug,Q3
SO04351,2023-11-25,South,Kochi,Consumer,Online,Office Supplies,Paper,P10096,C1122,2,814.0,0.3153,1114.65,608.29,506.36,0.4542771273493922,2023,11,Nov,Q4
SO04352,2024-01-03,North,Lucknow,Home Office,Distributor,Office Supplies,Paper,P10019,C1294,9,788.34,0.3735,4444.95,2561.43,1883.51,0.4237415493987559,2024,1,Jan,Q1
SO04353,2025-03-18,East,Guwahati,Consumer,Retail Store,Office Supplies,Paper,P10001,C1303,2,1123.27,0.1427,1925.97,1077.45,848.52,0.44056761008738454,2025,3,Mar,Q1
SO04354,2023-02-06,North,Jaipur,Consumer,Online,Furniture,Storage,P10008,C1149,1,5263.13,0.1816,4307.41,2921.38,1386.03,0.32177805224020933,2023,2,Feb,Q1
SO04355,2025-06-05,North,Delhi,Consumer,Retail Store,Office Supplies,Envelopes,P10058,C1090,5,657.56,0.55,1479.5,879.52,599.98,0.4055288948969247,2025,6,Jun,Q2
SO04356,2024-12-22,West,Ahmedabad,Consumer,Online,Furniture,Tables,P10059,C1039,1,5862.55,0.4469,3242.82,2350.6,892.22,0.2751370720545698,2024,12,Dec,Q4
SO04357,2024-10-21,South,Chennai,Home Office,Distributor,Technology,Printers,P10086,C1050,9,19844.79,0.4902,91049.48,65166.61,25882.87,0.28427257355011804,2024,10,Oct,Q4
SO04358,2025-04-16,South,Chennai,Corporate,Retail Store,Technology,Phones,P10074,C1223,6,25221.82,0.2999,105947.38,71199.16,34748.22,0.327976208566932,2025,4,Apr,Q2
SO04359,2023-04-25,Central,Indore,Consumer,Retail Store,Furniture,Bookcases,P10034,C1462,7,7969.46,0.2852,39873.41,28297.44,11575.97,0.2903180339980954,2023,4,Apr,Q2
SO04360,2024-03-26,North,Jaipur,Consumer,Retail Store,Furniture,Chairs,P10054,C1368,10,7780.19,0.2171,60910.36,39938.08,20972.29,0.3443140050395368,2024,3,Mar,Q1
SO04361,2024-08-29,South,Bengaluru,Consumer,Online,Furniture,Tables,P10080,C1327,3,10210.87,0.4277,17530.24,13646.8,3883.44,0.22152805666094702,2024,8,Aug,Q3
SO04362,2025-10-22,North,Delhi,Consumer,Retail Store,Office Supplies,Envelopes,P10058,C1443,4,920.51,0.4292,2101.83,1238.52,863.31,0.41074206762678234,2025,10,Oct,Q4
SO04363,2024-02-11,East,Bhubaneswar,Corporate,Online,Technology,Printers,P10001,C1120,1,10338.66,0.0922,9385.66,6380.44,3005.22,0.32019271953171113,2024,2,Feb,Q1
SO04364,2024-12-13,North,Lucknow,Consumer,Retail Store,Office Supplies,Paper,P10080,C1162,5,803.76,0.2639,2958.39,1537.15,1421.25,0.4804133329277073,2024,12,Dec,Q4
SO04365,2025-10-10,South,Chennai,Corporate,Retail Store,Technology,Laptops,P10088,C1241,10,8378.31,0.097,75652.35,43439.83,32212.53,0.4257968192660241,2025,10,Oct,Q4
SO04366,2023-04-16,Central,Nagpur,Consumer,Online,Technology,Laptops,P10030,C1146,5,18362.38,0.3759,57298.75,41664.9,15633.85,0.2728480115185759,2023,4,Apr,Q2
SO04367,2025-02-24,East,Patna,Corporate,Retail Store,Furniture,Chairs,P10053,C1473,3,8026.37,0.356,15507.54,11061.41,4446.13,0.28670762738641975,2025,2,Feb,Q1
SO04368,2023-03-06,South,Kochi,Corporate,Retail Store,Technology,Phones,P10081,C1451,3,14242.85,0.3233,28913.5,21811.0,7102.5,0.2456464973109447,2023,3,Mar,Q1
SO04369,2024-08-28,West,Mumbai,Home Office,Online,Furniture,Bookcases,P10080,C1588,5,8052.76,0.3155,27560.65,20420.59,7140.06,0.259067184554791,2024,8,Aug,Q3
SO04370,2023-06-28,East,Bhubaneswar,Home Office,Distributor,Technology,Phones,P10084,C1117,10,28374.41,0.4591,153465.68,97040.94,56424.74,0.36767008754009367,2023,6,Jun,Q2
SO04371,2023-02-08,Central,Nagpur,Home Office,Retail Store,Technology,Accessories,P10034,C1064,9,22467.42,0.3417,133121.12,93827.5,39293.62,0.2951719456687264,2023,2,Feb,Q1
SO04372,2024-05-24,South,Kochi,Corporate,Online,Technology,Printers,P10084,C1301,2,13892.2,0.2615,20519.95,12259.57,8260.39,0.40255409979069146,2024,5,May,Q2
SO04373,2025-11-07,West,Surat,Consumer,Retail Store,Technology,Printers,P10009,C1057,5,11090.63,0.2821,39807.38,25032.93,14774.45,0.37114851567724383,2025,11,Nov,Q4
SO04374,2023-04-11,South,Chennai,Consumer,Retail Store,Office Supplies,Pens,P10085,C1349,10,414.1,0.4629,2223.99,1235.9,988.09,0.44428706963610454,2023,4,Apr,Q2
SO04375,2023-11-15,North,Delhi,Consumer,Online,Technology,Phones,P10078,C1046,8,28688.01,0.1584,193143.49,129645.28,63498.21,0.32876184436762534,2023,11,Nov,Q4
SO04376,2025-01-01,East,Kolkata,Consumer,Retail Store,Furniture,Chairs,P10080,C1483,10,13445.19,0.4142,78764.78,58153.18,20611.6,0.26168548937735875,2025,1,Jan,Q1
SO04377,2025-09-02,South,Bengaluru,Corporate,Online,Technology,Accessories,P10025,C1586,10,25989.4,0.159,218572.15,154517.8,64054.35,0.2930581503636214,2025,9,Sep,Q3
SO04378,2025-11-03,North,Chandigarh,Home Office,Retail Store,Technology,Phones,P10030,C1010,8,13325.88,0.0823,97837.19,60906.21,36930.98,0.37747384200220796,2025,11,Nov,Q4
SO04379,2025-02-13,West,Mumbai,Home Office,Retail Store,Technology,Accessories,P10086,C1111,6,18836.17,0.1326,98027.55,64201.4,33826.15,0.3450677896162864,2025,2,Feb,Q1
SO04380,2024-01-06,North,Chandigarh,Consumer,Distributor,Office Supplies,Paper,P10001,C1548,8,723.05,0.1566,4878.82,2925.3,1953.52,0.4004082954484896,2024,1,Jan,Q1
SO04381,2025-06-23,South,Kochi,Home Office,Distributor,Furniture,Chairs,P10052,C1323,3,6233.94,0.239,14231.86,10411.43,3820.43,0.2684420729265184,2025,6,Jun,Q2
SO04382,2024-01-03,North,Chandigarh,Corporate,Online,Office Supplies,Binders,P10035,C1259,1,1081.83,0.1389,931.6,496.57,435.03,0.466970802919708,2024,1,Jan,Q1
SO04383,2024-09-16,North,Jaipur,Corporate,Online,Technology,Laptops,P10035,C1010,1,9558.62,0.3172,6526.22,4144.0,2382.23,0.3650244705204544,2024,9,Sep,Q3
SO04384,2023-08-04,Central,Bhopal,Consumer,Distributor,Furniture,Chairs,P10009,C1414,10,9007.09,0.2248,69825.1,50383.52,19441.58,0.2784325407339195,2023,8,Aug,Q3
SO04385,2024-02-05,East,Kolkata,Corporate,Online,Technology,Laptops,P10009,C1590,9,18986.18,0.1937,137783.99,91392.53,46391.45,0.33669695586548193,2024,2,Feb,Q1
SO04386,2025-02-16,Central,Bhopal,Consumer,Online,Technology,Printers,P10010,C1177,8,14529.38,0.1273,101436.23,68613.03,32823.2,0.32358458116986405,2025,2,Feb,Q1
SO04387,2024-06-23,South,Chennai,Consumer,Retail Store,Office Supplies,Envelopes,P10067,C1599,10,919.35,0.2903,6524.21,4145.26,2378.95,0.36463418559488425,2024,6,Jun,Q2
SO04388,2023-03-29,East,Kolkata,Consumer,Online,Furniture,Storage,P10007,C1261,3,11310.92,0.375,21208.84,13774.48,7434.36,0.3505311935966323,2023,3,Mar,Q1
SO04389,2024-04-03,Central,Nagpur,Consumer,Retail Store,Furniture,Chairs,P10031,C1111,1,8537.17,0.3877,5227.44,3994.1,1233.34,0.23593575440368517,2024,4,Apr,Q2
SO04390,2024-02-28,South,Kochi,Corporate,Online,Technology,Accessories,P10080,C1408,1,13622.04,0.3552,8783.84,5797.59,2986.24,0.33996976265505746,2024,2,Feb,Q1
SO04391,2025-06-01,West,Ahmedabad,Corporate,Online,Furniture,Tables,P10028,C1096,2,12487.97,0.4698,13241.46,10473.1,2768.36,0.20906758016110008,2025,6,Jun,Q2
SO04392,2025-05-29,West,Surat,Consumer,Online,Furniture,Chairs,P10012,C1415,3,5114.1,0.55,6904.03,5401.54,1502.49,0.21762506825723527,2025,5,May,Q2
SO04393,2023-09-26,Central,Indore,Corporate,Online,Furniture,Storage,P10039,C1164,4,5540.55,0.1255,19381.93,14159.65,5222.29,0.2694411753628251,2023,9,Sep,Q3
SO04394,2023-05-09,West,Mumbai,Consumer,Online,Furniture,Bookcases,P10042,C1349,9,8007.56,0.241,54697.18,41805.34,12891.84,0.23569478353363008,2023,5,May,Q2
SO04395,2025-09-01,West,Pune,Corporate,Distributor,Technology,Accessories,P10019,C1380,4,13230.91,0.0821,48579.93,30735.86,17844.07,0.3673136210776755,2025,9,Sep,Q3
SO04396,2023-08-28,Central,Bhopal,Consumer,Retail Store,Technology,Laptops,P10006,C1197,6,9260.67,0.4982,27884.52,20342.33,7542.19,0.270479463157336,2023,8,Aug,Q3
SO04397,2024-12-03,South,Chennai,Consumer,Online,Furniture,Bookcases,P10016,C1303,6,8144.44,0.151,41487.61,31922.15,9565.45,0.2305616062241233,2024,12,Dec,Q4
SO04398,2023-06-14,South,Kochi,Consumer,Retail Store,Office Supplies,Envelopes,P10085,C1444,9,808.47,0.294,5136.89,2899.08,2237.81,0.4356351800408418,2023,6,Jun,Q2
SO04399,2024-10-28,East,Guwahati,Consumer,Online,Office Supplies,Envelopes,P10077,C1140,5,938.03,0.2618,3462.29,1837.92,1624.37,0.4691605844686609,2024,10,Oct,Q4
SO04400,2025-06-12,West,Mumbai,Consumer,Online,Technology,Accessories,P10002,C1597,5,25992.93,0.1678,108151.77,70551.34,37600.43,0.347663565746543,2025,6,Jun,Q2
SO04401,2024-10-19,East,Patna,Consumer,Retail Store,Technology,Laptops,P10034,C1256,2,19148.62,0.1882,31090.94,22801.06,8289.88,0.2666333021774189,2024,10,Oct,Q4
SO04402,2024-09-27,West,Mumbai,Home Office,Retail Store,Technology,Accessories,P10095,C1598,8,19746.42,0.3022,110224.65,74450.21,35774.44,0.3245593431233395,2024,9,Sep,Q3
SO04403,2025-06-25,East,Kolkata,Consumer,Online,Technology,Printers,P10059,C1539,2,26576.93,0.2231,41293.6,26150.77,15142.83,0.3667113063525583,2025,6,Jun,Q2
SO04404,2024-01-18,Central,Indore,Consumer,Online,Technology,Laptops,P10003,C1092,1,28860.56,0.1343,24984.42,16524.61,8459.81,0.3386034176498794,2024,1,Jan,Q1
SO04405,2023-05-05,West,Surat,Corporate,Online,Technology,Phones,P10026,C1597,8,18535.81,0.3482,96655.96,67128.11,29527.84,0.30549424991485263,2023,5,May,Q2
SO04406,2023-05-18,East,Bhubaneswar,Consumer,Retail Store,Office Supplies,Pens,P10084,C1191,5,703.79,0.4508,1932.68,1197.93,734.75,0.38017157522197154,2023,5,May,Q2
SO04407,2025-08-22,East,Bhubaneswar,Home Office,Online,Office Supplies,Pens,P10088,C1332,7,1456.57,0.3518,6609.3,4204.64,2404.65,0.3638282420226045,2025,8,Aug,Q3
SO04408,2024-09-29,West,Mumbai,Consumer,Distributor,Technology,Accessories,P10067,C1108,7,30532.34,0.3125,146941.31,95221.81,51719.5,0.35197385949533183,2024,9,Sep,Q3
SO04409,2023-02-05,East,Patna,Consumer,Retail Store,Office Supplies,Pens,P10058,C1466,6,858.67,0.2206,4015.48,2535.88,1479.6,0.36847400559833443,2023,2,Feb,Q1
SO04410,2025-06-02,North,Jaipur,Consumer,Retail Store,Technology,Phones,P10041,C1381,6,30652.64,0.254,137208.84,81400.21,55808.63,0.40674223322637226,2025,6,Jun,Q2
SO04411,2023-05-21,South,Chennai,Consumer,Retail Store,Furniture,Bookcases,P10060,C1151,10,15238.58,0.378,94788.19,62900.95,31887.24,0.33640519984609896,2023,5,May,Q2
SO04412,2025-06-02,Central,Nagpur,Corporate,Retail Store,Office Supplies,Binders,P10006,C1093,4,1070.45,0.0981,3861.96,2112.83,1749.13,0.45291251074583894,2025,6,Jun,Q2
SO04413,2023-02-10,North,Delhi,Home Office,Retail Store,Technology,Printers,P10060,C1577,3,22982.42,0.0393,66235.57,44713.23,21522.34,0.3249362842351926,2023,2,Feb,Q1
SO04414,2024-01-03,Central,Nagpur,Home Office,Online,Technology,Laptops,P10003,C1351,10,14290.08,0.3779,88897.39,59873.63,29023.76,0.32648607568793636,2024,1,Jan,Q1
SO04415,2024-10-14,South,Hyderabad,Corporate,Online,Technology,Accessories,P10019,C1546,3,25128.95,0.2247,58449.05,37958.62,20490.43,0.35056908538291043,2024,10,Oct,Q4
SO04416,2024-08-25,South,Chennai,Corporate,Distributor,Furniture,Bookcases,P10029,C1073,8,4184.35,0.1507,28429.78,19789.81,8639.97,0.30390562290668444,2024,8,Aug,Q3
SO04417,2024-10-04,North,Jaipur,Consumer,Online,Office Supplies,Envelopes,P10073,C1443,8,1021.3,0.2864,5830.56,3458.4,2372.15,0.40684771274114323,2024,10,Oct,Q4
SO04418,2025-11-22,Central,Bhopal,Consumer,Retail Store,Office Supplies,Paper,P10064,C1511,9,686.59,0.1893,5009.29,3025.79,1983.5,0.395964298333696,2025,11,Nov,Q4
SO04419,2024-05-09,North,Lucknow,Home Office,Online,Furniture,Chairs,P10094,C1554,1,10742.04,0.2928,7596.41,5829.02,1767.4,0.23266253401277712,2024,5,May,Q2
SO04420,2023-10-29,West,Pune,Corporate,Retail Store,Technology,Phones,P10067,C1400,5,20242.97,0.3333,67483.96,40879.95,26604.01,0.3942271615358671,2023,10,Oct,Q4
SO04421,2025-10-10,South,Bengaluru,Consumer,Distributor,Office Supplies,Pens,P10070,C1340,1,1264.12,0.2427,957.28,547.0,410.28,0.4285893364532843,2025,10,Oct,Q4
SO04422,2024-03-30,North,Chandigarh,Consumer,Distributor,Technology,Phones,P10007,C1369,9,29268.22,0.55,118536.28,80035.59,38500.7,0.3248009807630204,2024,3,Mar,Q1
SO04423,2023-10-04,Central,Nagpur,Consumer,Online,Office Supplies,Envelopes,P10004,C1067,6,957.77,0.2148,4512.48,2415.9,2096.58,0.46461812573130523,2023,10,Oct,Q4
SO04424,2023-02-23,North,Jaipur,Consumer,Online,Technology,Printers,P10001,C1255,2,28228.41,0.4657,30162.67,18485.12,11677.55,0.3871523973176115,2023,2,Feb,Q1
SO04425,2024-05-28,West,Ahmedabad,Consumer,Distributor,Technology,Phones,P10036,C1188,5,14687.01,0.2757,53187.8,38812.82,14374.99,0.27026855782717085,2024,5,May,Q2
SO04426,2024-06-01,West,Surat,Consumer,Retail Store,Furniture,Tables,P10007,C1269,2,8854.77,0.4059,10522.09,7470.92,3051.17,0.289977561492061,2024,6,Jun,Q2
SO04427,2024-07-10,East,Guwahati,Consumer,Retail Store,Furniture,Tables,P10061,C1247,6,11393.37,0.1859,55650.03,38072.26,17577.77,0.3158627228053606,2024,7,Jul,Q3
SO04428,2023-08-09,North,Delhi,Consumer,Distributor,Technology,Laptops,P10087,C1404,9,10162.86,0.2435,69190.11,48314.97,20875.14,0.3017069925167051,2023,8,Aug,Q3
SO04429,2024-07-14,North,Lucknow,Home Office,Retail Store,Technology,Accessories,P10087,C1263,5,28026.97,0.4223,80957.24,43687.33,37269.91,0.4603653731278389,2024,7,Jul,Q3
SO04430,2023-01-19,East,Patna,Consumer,Online,Furniture,Chairs,P10090,C1584,4,13035.02,0.1924,42107.43,30698.27,11409.17,0.2709538435378269,2023,1,Jan,Q1
SO04431,2024-10-01,South,Hyderabad,Home Office,Online,Furniture,Chairs,P10038,C1529,1,11972.64,0.458,6488.61,5159.23,1329.38,0.20487901106708528,2024,10,Oct,Q4
SO04432,2025-12-16,West,Ahmedabad,Consumer,Distributor,Office Supplies,Binders,P10025,C1299,8,1234.75,0.2503,7405.72,3990.67,3415.06,0.46113814726994806,2025,12,Dec,Q4
SO04433,2024-06-10,Central,Nagpur,Consumer,Online,Technology,Phones,P10044,C1143,8,21962.18,0.1567,148160.19,85503.06,62657.13,0.42290125302890064,2024,6,Jun,Q2
SO04434,2024-10-02,North,Jaipur,Consumer,Online,Office Supplies,Paper,P10090,C1534,9,989.38,0.2978,6252.76,3409.24,2843.52,0.4547623769343458,2024,10,Oct,Q4
SO04435,2024-03-19,West,Pune,Consumer,Online,Technology,Laptops,P10029,C1181,1,15790.41,0.55,7105.68,4594.13,2511.56,0.3534580786075365,2024,3,Mar,Q1
SO04436,2024-01-23,West,Ahmedabad,Corporate,Retail Store,Furniture,Bookcases,P10058,C1183,9,9524.54,0.3406,56524.07,41840.71,14683.36,0.2597718104871075,2024,1,Jan,Q1
SO04437,2024-05-04,North,Delhi,Consumer,Online,Furniture,Chairs,P10071,C1314,8,8667.41,0.4401,38826.04,28585.11,10240.93,0.2637644735337418,2024,5,May,Q2
SO04438,2023-08-07,North,Chandigarh,Consumer,Online,Furniture,Chairs,P10006,C1161,5,14058.15,0.486,36126.76,27678.37,8448.4,0.23385435062540896,2023,8,Aug,Q3
SO04439,2025-06-04,East,Kolkata,Consumer,Retail Store,Technology,Accessories,P10071,C1581,6,27532.96,0.2775,119359.66,89318.4,30041.26,0.2516868764539041,2025,6,Jun,Q2
SO04440,2023-08-30,Central,Raipur,Consumer,Online,Technology,Laptops,P10013,C1275,1,18937.51,0.2841,13556.96,8564.29,4992.66,0.3682728281266597,2023,8,Aug,Q3
SO04441,2023-01-23,East,Kolkata,Corporate,Online,Technology,Phones,P10033,C1082,3,12769.3,0.178,31490.05,17779.42,13710.63,0.43539562496725154,2023,1,Jan,Q1
SO04442,2023-07-08,Central,Bhopal,Consumer,Online,Furniture,Storage,P10039,C1106,4,8826.21,0.5453,16054.09,11098.59,4955.5,0.30867523478440695,2023,7,Jul,Q3
SO04443,2024-05-02,North,Lucknow,Corporate,Online,Furniture,Bookcases,P10093,C1093,1,6049.57,0.379,3756.58,2587.32,1169.27,0.3112591772303531,2024,5,May,Q2
SO04444,2024-05-13,East,Guwahati,Home Office,Online,Technology,Phones,P10023,C1361,3,22999.48,0.3732,43249.47,27621.58,15627.89,0.3613429251271749,2024,5,May,Q2
SO04445,2023-02-16,West,Mumbai,Home Office,Retail Store,Furniture,Bookcases,P10044,C1598,9,6860.14,0.2065,48993.56,34669.76,14323.81,0.2923610776600027,2023,2,Feb,Q1
SO04446,2025-08-04,Central,Bhopal,Corporate,Online,Furniture,Tables,P10015,C1103,10,7796.11,0.1534,66005.64,48913.82,17091.82,0.25894484168322585,2025,8,Aug,Q3
SO04447,2025-02-25,Central,Indore,Consumer,Online,Technology,Phones,P10100,C1191,1,18936.11,0.3395,12507.55,7500.84,5006.71,0.4002950218068287,2025,2,Feb,Q1
SO04448,2024-05-31,Central,Nagpur,Consumer,Retail Store,Furniture,Tables,P10096,C1246,5,8936.58,0.3111,30784.28,20657.74,10126.54,0.32895165974321966,2024,5,May,Q2
SO04449,2024-01-11,East,Patna,Home Office,Online,Furniture,Storage,P10013,C1145,4,5786.17,0.2353,17698.24,13558.89,4139.35,0.23388483826640388,2024,1,Jan,Q1
SO04450,2025-05-02,West,Surat,Consumer,Distributor,Office Supplies,Pens,P10074,C1567,6,630.07,0.1499,3213.89,1950.41,1263.48,0.3931310654689489,2025,5,May,Q2
SO04451,2024-09-14,Central,Nagpur,Corporate,Online,Office Supplies,Binders,P10021,C1541,8,1178.93,0.1611,7912.15,4571.7,3340.45,0.4221924508509065,2024,9,Sep,Q3
SO04452,2025-04-16,Central,Raipur,Consumer,Online,Office Supplies,Envelopes,P10009,C1154,6,513.38,0.2546,2295.96,1294.43,1001.53,0.43621404554086307,2025,4,Apr,Q2
SO04453,2023-12-24,East,Guwahati,Corporate,Distributor,Office Supplies,Pens,P10082,C1030,10,1199.08,0.2754,8688.51,5785.75,2902.75,0.3340906553597797,2023,12,Dec,Q4
SO04454,2025-09-06,Central,Bhopal,Corporate,Retail Store,Technology,Phones,P10054,C1209,8,33680.64,0.2195,210305.72,132713.37,77592.35,0.36895025965056966,2025,9,Sep,Q3
SO04455,2024-08-29,South,Bengaluru,Consumer,Online,Technology,Printers,P10086,C1197,4,16187.53,0.3044,45039.14,32177.54,12861.6,0.28556495528111775,2024,8,Aug,Q3
SO04456,2024-04-05,North,Jaipur,Consumer,Retail Store,Furniture,Bookcases,P10084,C1538,6,12266.78,0.0919,66835.72,48769.84,18065.89,0.2703029158659471,2024,4,Apr,Q2
SO04457,2025-01-11,South,Bengaluru,Consumer,Retail Store,Office Supplies,Pens,P10075,C1019,9,598.54,0.2709,3927.35,2000.93,1926.42,0.4905139597947726,2025,1,Jan,Q1
SO04458,2024-10-07,South,Hyderabad,Home Office,Online,Furniture,Bookcases,P10053,C1574,4,4511.72,0.3446,11827.75,8129.66,3698.09,0.3126621715880028,2024,10,Oct,Q4
SO04459,2025-03-24,East,Kolkata,Consumer,Retail Store,Office Supplies,Binders,P10060,C1274,6,952.68,0.3735,3581.17,1968.41,1612.76,0.45034444050408107,2025,3,Mar,Q1
SO04460,2023-11-25,North,Chandigarh,Consumer,Online,Furniture,Storage,P10037,C1201,4,12202.52,0.2074,38688.28,28066.67,10621.61,0.27454335007914543,2023,11,Nov,Q4
SO04461,2023-04-28,South,Chennai,Consumer,Online,Furniture,Chairs,P10017,C1561,8,12468.81,0.3665,63193.57,45695.66,17497.91,0.27689383587602345,2023,4,Apr,Q2
SO04462,2024-06-22,South,Kochi,Corporate,Online,Technology,Phones,P10023,C1383,9,18521.82,0.3152,114155.53,87436.03,26719.5,0.23406224823274002,2024,6,Jun,Q2
SO04463,2023-12-30,East,Patna,Corporate,Retail Store,Office Supplies,Binders,P10020,C1063,5,796.78,0.3862,2445.19,1459.96,985.23,0.40292574401171277,2023,12,Dec,Q4
SO04464,2023-11-15,East,Kolkata,Home Office,Retail Store,Office Supplies,Pens,P10034,C1346,1,951.1,0.2629,701.02,373.66,327.37,0.4669909560354912,2023,11,Nov,Q4
SO04465,2024-06-01,Central,Raipur,Consumer,Online,Technology,Accessories,P10004,C1560,4,20556.34,0.4385,46166.62,31404.51,14762.11,0.3197572185271523,2024,6,Jun,Q2
SO04466,2023-06-05,North,Chandigarh,Consumer,Online,Technology,Printers,P10052,C1193,1,27219.13,0.0448,25998.68,17801.14,8197.54,0.3153060078434752,2023,6,Jun,Q2
SO04467,2023-11-15,South,Bengaluru,Consumer,Retail Store,Technology,Laptops,P10040,C1038,7,28091.4,0.2538,146742.36,90059.55,56682.81,0.3862743518640426,2023,11,Nov,Q4
SO04468,2024-01-05,North,Jaipur,Consumer,Online,Technology,Printers,P10055,C1409,3,17301.39,0.2025,41394.79,28698.75,12696.04,0.30670623042175116,2024,1,Jan,Q1
SO04469,2023-06-22,West,Pune,Corporate,Retail Store,Furniture,Chairs,P10011,C1255,1,10321.07,0.303,7194.07,5494.49,1699.58,0.23624735372327485,2023,6,Jun,Q2
SO04470,2023-03-29,South,Kochi,Home Office,Online,Technology,Printers,P10054,C1042,6,28576.88,0.2178,134115.17,78412.66,55702.51,0.4153334033726386,2023,3,Mar,Q1
SO04471,2025-10-31,Central,Bhopal,Consumer,Distributor,Technology,Phones,P10054,C1424,1,32178.09,0.1865,26175.77,17540.83,8634.94,0.3298829413614194,2025,10,Oct,Q4
SO04472,2024-12-10,West,Pune,Home Office,Online,Furniture,Tables,P10030,C1272,1,12080.45,0.4052,7185.88,5023.45,2162.43,0.300927652563082,2024,12,Dec,Q4
SO04473,2024-08-02,East,Bhubaneswar,Consumer,Online,Technology,Printers,P10052,C1078,9,18875.56,0.4753,89131.32,64396.2,24735.12,0.2775132243076844,2024,8,Aug,Q3
SO04474,2025-05-10,South,Chennai,Corporate,Online,Office Supplies,Envelopes,P10031,C1517,6,781.42,0.2689,3427.98,1949.22,1478.76,0.43137941294873366,2025,5,May,Q2
SO04475,2024-07-21,South,Chennai,Corporate,Retail Store,Furniture,Storage,P10027,C1442,3,9918.18,0.1045,26643.84,19963.13,6680.7,0.2507408841968725,2024,7,Jul,Q3
SO04476,2024-05-28,West,Surat,Corporate,Retail Store,Furniture,Chairs,P10035,C1274,9,12120.24,0.0594,102597.34,70895.93,31701.41,0.3089886151044462,2024,5,May,Q2
SO04477,2025-10-15,North,Delhi,Corporate,Online,Office Supplies,Binders,P10099,C1584,5,775.96,0.5071,1912.48,1060.25,852.23,0.44561511754371286,2025,10,Oct,Q4
SO04478,2024-10-24,South,Chennai,Consumer,Distributor,Office Supplies,Binders,P10070,C1541,10,502.63,0.0403,4823.57,3067.45,1756.11,0.364068521862438,2024,10,Oct,Q4
SO04479,2023-05-26,North,Lucknow,Corporate,Online,Office Supplies,Binders,P10075,C1109,6,420.94,0.3188,1720.55,875.08,845.48,0.49140100549242977,2023,5,May,Q2
SO04480,2024-08-12,Central,Indore,Corporate,Distributor,Office Supplies,Envelopes,P10025,C1214,9,685.19,0.1736,5096.08,2718.02,2378.06,0.4666449506287185,2024,8,Aug,Q3
SO04481,2024-09-13,North,Chandigarh,Consumer,Online,Technology,Accessories,P10094,C1014,7,15392.0,0.1437,92261.37,66653.92,25607.46,0.2775534332516415,2024,9,Sep,Q3
SO04482,2025-11-12,West,Mumbai,Home Office,Retail Store,Office Supplies,Paper,P10093,C1459,8,1060.88,0.107,7579.34,4476.17,3103.17,0.40942483118582884,2025,11,Nov,Q4
SO04483,2023-02-06,South,Chennai,Consumer,Retail Store,Furniture,Tables,P10088,C1152,9,12658.63,0.1099,101402.91,82917.84,18485.07,0.1822932892162562,2023,2,Feb,Q1
SO04484,2023-12-11,North,Jaipur,Consumer,Online,Technology,Accessories,P10023,C1443,7,10357.68,0.2916,51361.35,38141.57,13219.78,0.2573877049571322,2023,12,Dec,Q4
SO04485,2024-06-07,West,Surat,Corporate,Retail Store,Furniture,Storage,P10019,C1162,7,5921.33,0.2575,30775.5,23374.5,7401.0,0.2404835014865721,2024,6,Jun,Q2
SO04486,2024-01-17,South,Chennai,Consumer,Retail Store,Technology,Phones,P10027,C1497,4,20810.5,0.1407,71530.06,46886.85,24643.22,0.3445155784854647,2024,1,Jan,Q1
SO04487,2024-03-23,East,Patna,Home Office,Online,Office Supplies,Envelopes,P10014,C1023,3,727.52,0.55,982.16,586.44,395.71,0.4028976948765985,2024,3,Mar,Q1
SO04488,2023-03-28,South,Hyderabad,Corporate,Online,Office Supplies,Paper,P10061,C1422,5,1349.58,0.1499,5736.55,3561.83,2174.71,0.37909719256347457,2023,3,Mar,Q1
SO04489,2024-07-13,West,Surat,Home Office,Online,Furniture,Bookcases,P10075,C1369,5,8288.92,0.4293,23650.7,15942.9,7707.8,0.32590155893905887,2024,7,Jul,Q3
SO04490,2025-09-25,East,Patna,Corporate,Online,Office Supplies,Pens,P10088,C1210,7,1095.47,0.1635,6414.63,3766.59,2648.04,0.4128125862286679,2025,9,Sep,Q3
SO04491,2024-12-07,Central,Raipur,Consumer,Online,Furniture,Storage,P10087,C1041,8,4879.88,0.55,17567.55,14176.68,3390.87,0.1930189468651007,2024,12,Dec,Q4
SO04492,2025-04-20,West,Ahmedabad,Corporate,Distributor,Technology,Accessories,P10081,C1487,10,15208.0,0.0919,138099.42,100915.49,37183.92,0.26925471518996963,2025,4,Apr,Q2
SO04493,2023-02-26,Central,Indore,Corporate,Retail Store,Furniture,Chairs,P10044,C1166,3,11998.67,0.3583,23098.75,15357.56,7741.19,0.3351345852048271,2023,2,Feb,Q1
SO04494,2023-01-25,East,Kolkata,Consumer,Retail Store,Furniture,Chairs,P10034,C1526,7,6235.99,0.4178,25413.38,18993.06,6420.32,0.2526354227576182,2023,1,Jan,Q1
SO04495,2024-07-25,North,Jaipur,Home Office,Retail Store,Furniture,Chairs,P10066,C1312,10,11135.48,0.2682,81490.71,57459.57,24031.14,0.29489422782056995,2024,7,Jul,Q3
SO04496,2024-09-22,Central,Bhopal,Corporate,Retail Store,Technology,Printers,P10013,C1240,2,13911.84,0.3589,17836.53,11178.22,6658.32,0.37329682398986797,2024,9,Sep,Q3
SO04497,2024-02-20,North,Chandigarh,Home Office,Retail Store,Office Supplies,Pens,P10052,C1327,9,813.57,0.2504,5488.91,3583.58,1905.34,0.34712538555013656,2024,2,Feb,Q1
SO04498,2024-03-13,East,Patna,Consumer,Online,Furniture,Bookcases,P10092,C1165,10,2241.03,0.3622,14293.87,10555.73,3738.14,0.26152049794772164,2024,3,Mar,Q1
SO04499,2023-02-18,North,Lucknow,Corporate,Distributor,Technology,Laptops,P10016,C1284,2,37200.73,0.1699,61759.2,39342.41,22416.78,0.36297069910232,2023,2,Feb,Q1
SO04500,2023-03-05,North,Delhi,Consumer,Online,Furniture,Storage,P10072,C1012,6,7111.86,0.1239,37382.87,27570.12,9812.75,0.2624932221629853,2023,3,Mar,Q1
SO04501,2025-06-24,East,Bhubaneswar,Corporate,Distributor,Technology,Accessories,P10038,C1391,4,13311.12,0.0221,52065.38,36394.03,15671.35,0.30099367372330715,2025,6,Jun,Q2
SO04502,2025-12-23,West,Mumbai,Home Office,Retail Store,Technology,Phones,P10012,C1446,2,36360.72,0.2554,54148.5,36455.86,17692.64,0.32674293840087903,2025,12,Dec,Q4
SO04503,2023-09-16,Central,Bhopal,Corporate,Distributor,Furniture,Tables,P10007,C1303,6,12078.9,0.3433,47593.25,36219.71,11373.54,0.23897380405834862,2023,9,Sep,Q3
SO04504,2024-07-04,Central,Raipur,Consumer,Online,Furniture,Bookcases,P10071,C1183,5,8554.08,0.4183,24879.71,18144.62,6735.1,0.2707065315471925,2024,7,Jul,Q3
SO04505,2025-08-19,East,Bhubaneswar,Consumer,Online,Furniture,Tables,P10094,C1551,8,9260.58,0.164,61936.34,48951.92,12984.42,0.20964138339462746,2025,8,Aug,Q3
SO04506,2025-11-17,East,Bhubaneswar,Corporate,Online,Technology,Laptops,P10042,C1040,4,28404.79,0.3361,75436.63,50262.41,25174.22,0.3337134758008145,2025,11,Nov,Q4
SO04507,2023-03-15,West,Pune,Consumer,Retail Store,Furniture,Storage,P10006,C1195,9,10251.29,0.1456,78831.38,55807.95,23023.43,0.29205920281999376,2023,3,Mar,Q1
SO04508,2025-10-15,Central,Raipur,Home Office,Distributor,Office Supplies,Paper,P10079,C1380,7,968.71,0.55,3051.44,1659.16,1392.27,0.4562665495634848,2025,10,Oct,Q4
SO04509,2025-10-02,North,Lucknow,Corporate,Distributor,Technology,Printers,P10054,C1133,3,33885.36,0.2281,78464.78,51824.06,26640.73,0.3395246886564902,2025,10,Oct,Q4
SO04510,2025-10-30,Central,Nagpur,Consumer,Online,Technology,Printers,P10003,C1240,3,11139.53,0.0872,30505.57,21531.04,8974.53,0.2941931588231264,2025,10,Oct,Q4
SO04511,2025-10-23,Central,Bhopal,Corporate,Retail Store,Furniture,Storage,P10066,C1384,8,6276.31,0.4996,25126.83,17054.32,8072.51,0.32127053034545144,2025,10,Oct,Q4
SO04512,2023-08-28,South,Kochi,Consumer,Distributor,Office Supplies,Pens,P10054,C1004,3,1032.9,0.0912,2816.22,1530.4,1285.82,0.4565765458664451,2023,8,Aug,Q3
SO04513,2024-03-28,East,Kolkata,Home Office,Retail Store,Technology,Phones,P10036,C1185,7,30172.27,0.2012,168704.93,105769.05,62935.88,0.37305299851047624,2024,3,Mar,Q1
SO04514,2025-03-01,West,Mumbai,Consumer,Distributor,Furniture,Bookcases,P10004,C1004,10,5746.13,0.2329,44077.27,36817.5,7259.76,0.16470530048707646,2025,3,Mar,Q1
SO04515,2023-06-10,North,Lucknow,Home Office,Distributor,Office Supplies,Envelopes,P10038,C1394,5,842.62,0.5345,1961.34,1316.38,644.96,0.32883640776204026,2023,6,Jun,Q2
SO04516,2023-07-05,West,Pune,Consumer,Online,Office Supplies,Envelopes,P10030,C1019,8,767.11,0.4072,3637.92,2380.72,1257.2,0.3455820908651097,2023,7,Jul,Q3
SO04517,2023-09-29,South,Bengaluru,Home Office,Online,Office Supplies,Paper,P10027,C1076,7,962.14,0.1567,5679.29,3013.49,2665.8,0.4693896596229459,2023,9,Sep,Q3
SO04518,2025-08-23,West,Mumbai,Consumer,Retail Store,Furniture,Chairs,P10036,C1190,8,9539.95,0.3094,52703.33,38844.35,13858.99,0.26296232135616476,2025,8,Aug,Q3
SO04519,2025-08-09,East,Bhubaneswar,Consumer,Online,Furniture,Tables,P10071,C1132,3,9402.24,0.1953,22697.84,19453.56,3244.29,0.14293386507262365,2025,8,Aug,Q3
SO04520,2025-07-24,West,Surat,Consumer,Online,Technology,Laptops,P10057,C1374,10,361.51,0.0957,3269.33,2065.91,1203.42,0.3680937684479695,2025,7,Jul,Q3
SO04521,2024-06-06,Central,Bhopal,Corporate,Distributor,Technology,Phones,P10018,C1247,7,9453.55,0.3361,43930.38,29131.12,14799.26,0.3368798539871497,2024,6,Jun,Q2
SO04522,2025-02-22,East,Bhubaneswar,Consumer,Online,Furniture,Storage,P10040,C1139,8,10624.99,0.3009,59427.37,45783.15,13644.22,0.2295948819542241,2025,2,Feb,Q1
SO04523,2025-12-24,West,Pune,Corporate,Online,Office Supplies,Envelopes,P10039,C1402,9,938.81,0.1813,6917.42,3896.24,3021.19,0.43675098519390176,2025,12,Dec,Q4
SO04524,2024-10-09,West,Mumbai,Corporate,Distributor,Office Supplies,Paper,P10046,C1144,2,1088.71,0.2744,1579.86,997.09,582.77,0.36887445723038753,2024,10,Oct,Q4
SO04525,2025-06-22,Central,Raipur,Corporate,Retail Store,Technology,Laptops,P10059,C1004,5,24421.45,0.1649,101967.17,71843.61,30123.56,0.2954241056214466,2025,6,Jun,Q2
SO04526,2023-08-06,North,Lucknow,Home Office,Online,Technology,Laptops,P10048,C1242,6,19093.37,0.1473,97683.44,58849.43,38834.01,0.397549574421212,2023,8,Aug,Q3
SO04527,2023-08-01,Central,Nagpur,Consumer,Retail Store,Office Supplies,Paper,P10006,C1419,6,983.91,0.0919,5360.8,3433.08,1927.72,0.35959558274884346,2023,8,Aug,Q3
SO04528,2024-05-29,North,Lucknow,Corporate,Online,Furniture,Tables,P10023,C1167,9,8753.58,0.3909,47985.54,35216.06,12769.48,0.266110999271864,2024,5,May,Q2
SO04529,2025-11-13,West,Pune,Home Office,Online,Furniture,Bookcases,P10091,C1569,4,9170.86,0.129,31950.13,21899.87,10050.26,0.314560848422213,2025,11,Nov,Q4
SO04530,2024-02-29,North,Jaipur,Consumer,Online,Furniture,Tables,P10096,C1200,8,11441.52,0.379,56844.96,36384.53,20460.42,0.35993375666022104,2024,2,Feb,Q1
SO04531,2023-10-17,North,Chandigarh,Consumer,Retail Store,Furniture,Tables,P10069,C1492,3,9904.07,0.0622,27863.99,22250.83,5613.16,0.20144853626490677,2023,10,Oct,Q4
SO04532,2024-07-15,East,Bhubaneswar,Consumer,Retail Store,Furniture,Storage,P10072,C1184,1,8239.67,0.3703,5188.59,3916.65,1271.94,0.2451417437107191,2024,7,Jul,Q3
SO04533,2024-01-21,South,Chennai,Home Office,Online,Technology,Printers,P10042,C1528,9,25937.45,0.55,105046.69,60428.02,44618.66,0.424750746548987,2024,1,Jan,Q1
SO04534,2024-11-07,South,Bengaluru,Consumer,Online,Office Supplies,Binders,P10078,C1515,10,322.33,0.151,2736.47,1486.82,1249.65,0.4566649734877416,2024,11,Nov,Q4
SO04535,2023-01-30,East,Bhubaneswar,Consumer,Retail Store,Technology,Printers,P10085,C1132,10,6182.48,0.4957,31180.06,23006.12,8173.94,0.2621527989362432,2023,1,Jan,Q1
SO04536,2025-11-14,West,Pune,Consumer,Online,Furniture,Chairs,P10072,C1353,3,12224.88,0.3997,22015.38,16559.93,5455.45,0.24780176403950327,2025,11,Nov,Q4
SO04537,2025-11-01,South,Bengaluru,Consumer,Retail Store,Technology,Printers,P10041,C1585,8,17199.13,0.2872,98072.51,62729.59,35342.92,0.3603753997934793,2025,11,Nov,Q4
SO04538,2023-06-12,North,Lucknow,Consumer,Online,Office Supplies,Binders,P10057,C1252,1,937.38,0.3674,593.02,365.52,227.5,0.3836295571818826,2023,6,Jun,Q2
SO04539,2025-11-05,West,Mumbai,Consumer,Online,Technology,Laptops,P10027,C1570,3,19028.39,0.1265,49864.75,27590.27,22274.48,0.4466979178678325,2025,11,Nov,Q4
SO04540,2025-10-07,East,Kolkata,Corporate,Retail Store,Furniture,Chairs,P10047,C1563,10,7656.73,0.4952,38651.73,26892.37,11759.35,0.30423864598039985,2025,10,Oct,Q4
SO04541,2025-05-29,Central,Bhopal,Consumer,Distributor,Technology,Accessories,P10093,C1255,3,9420.77,0.2102,22321.72,14074.91,8246.81,0.3694522644312355,2025,5,May,Q2
SO04542,2024-04-08,Central,Raipur,Home Office,Distributor,Office Supplies,Binders,P10040,C1502,7,479.33,0.1305,2917.45,1521.86,1395.58,0.4783560986477917,2024,4,Apr,Q2
SO04543,2024-12-10,East,Kolkata,Home Office,Online,Office Supplies,Envelopes,P10030,C1480,5,210.88,0.2192,823.24,458.74,364.5,0.4427627423351635,2024,12,Dec,Q4
SO04544,2024-02-08,Central,Raipur,Corporate,Online,Furniture,Storage,P10038,C1026,2,5514.71,0.2868,7866.7,5214.43,2652.27,0.3371515374934852,2024,2,Feb,Q1
SO04545,2025-09-29,North,Lucknow,Corporate,Online,Furniture,Bookcases,P10012,C1315,6,10155.16,0.2377,46450.47,39055.47,7394.99,0.1592016184120419,2025,9,Sep,Q3
SO04546,2024-07-23,Central,Nagpur,Consumer,Online,Furniture,Chairs,P10002,C1598,3,12025.67,0.3304,24158.78,17253.52,6905.25,0.2858277611700591,2024,7,Jul,Q3
SO04547,2025-04-23,North,Delhi,Consumer,Online,Furniture,Chairs,P10056,C1590,5,8879.58,0.2364,33900.89,23990.01,9910.89,0.292348961929908,2025,4,Apr,Q2
SO04548,2023-02-27,South,Chennai,Consumer,Online,Office Supplies,Binders,P10060,C1384,7,937.17,0.1371,5660.5,3223.72,2436.78,0.4304884727497571,2023,2,Feb,Q1
SO04549,2025-11-06,North,Delhi,Corporate,Retail Store,Furniture,Storage,P10023,C1423,1,8086.54,0.4792,4211.8,3206.17,1005.63,0.238764898618168,2025,11,Nov,Q4
SO04550,2024-01-30,East,Bhubaneswar,Home Office,Retail Store,Office Supplies,Paper,P10017,C1113,1,827.63,0.1513,702.39,376.3,326.09,0.464257748544256,2024,1,Jan,Q1
SO04551,2023-06-05,East,Patna,Home Office,Online,Office Supplies,Envelopes,P10020,C1214,8,1119.3,0.2457,6754.67,4022.17,2732.5,0.4045349365698102,2023,6,Jun,Q2
SO04552,2025-06-06,West,Pune,Consumer,Retail Store,Furniture,Tables,P10080,C1190,8,12757.3,0.2019,81450.71,55775.9,25674.8,0.31521886058451787,2025,6,Jun,Q2
SO04553,2024-09-08,Central,Nagpur,Consumer,Online,Technology,Laptops,P10030,C1450,4,21125.7,0.2336,64764.31,42358.98,22405.33,0.3459518058634455,2024,9,Sep,Q3
SO04554,2023-04-11,North,Lucknow,Consumer,Retail Store,Technology,Laptops,P10009,C1206,6,25787.06,0.1315,134377.59,91982.3,42395.29,0.31549375159950405,2023,4,Apr,Q2
SO04555,2024-02-02,South,Hyderabad,Consumer,Online,Technology,Accessories,P10002,C1157,10,18646.26,0.2842,133461.55,81224.4,52237.15,0.3914022428182499,2024,2,Feb,Q1
SO04556,2025-12-08,Central,Raipur,Corporate,Online,Technology,Phones,P10049,C1260,4,27258.28,0.2548,81254.48,46832.32,34422.16,0.4236339953193966,2025,12,Dec,Q4
SO04557,2025-02-27,West,Mumbai,Consumer,Online,Technology,Laptops,P10010,C1466,10,8348.11,0.2279,64458.8,39599.86,24858.95,0.3856564192941848,2025,2,Feb,Q1
SO04558,2023-04-13,West,Mumbai,Corporate,Online,Office Supplies,Binders,P10090,C1156,6,1166.45,0.2509,5242.74,2970.11,2272.62,0.43347944014007944,2023,4,Apr,Q2
SO04559,2025-03-19,East,Bhubaneswar,Consumer,Online,Technology,Accessories,P10093,C1274,7,24607.61,0.55,77513.98,52249.77,25264.21,0.3259310127024828,2025,3,Mar,Q1
SO04560,2024-06-28,West,Surat,Corporate,Retail Store,Office Supplies,Paper,P10009,C1556,1,759.26,0.1864,617.71,362.65,255.06,0.4129122079940425,2024,6,Jun,Q2
SO04561,2025-12-30,Central,Raipur,Consumer,Online,Technology,Phones,P10040,C1088,9,25071.57,0.189,183002.49,114416.84,68585.65,0.37477987321374695,2025,12,Dec,Q4
SO04562,2024-06-27,East,Patna,Corporate,Online,Technology,Printers,P10089,C1425,5,26371.76,0.5309,61860.89,40412.77,21448.12,0.3467153479363132,2024,6,Jun,Q2
SO04563,2023-04-21,South,Bengaluru,Home Office,Distributor,Furniture,Tables,P10027,C1558,1,4379.03,0.3377,2900.04,2076.63,823.41,0.2839305664749452,2023,4,Apr,Q2
SO04564,2023-01-28,North,Chandigarh,Corporate,Online,Technology,Printers,P10088,C1252,10,17995.88,0.1777,147982.65,95059.31,52923.34,0.3576320602449003,2023,1,Jan,Q1
SO04565,2023-09-26,Central,Raipur,Consumer,Retail Store,Office Supplies,Pens,P10022,C1560,10,1346.86,0.1556,11372.74,5886.82,5485.92,0.48237452012443793,2023,9,Sep,Q3
SO04566,2025-07-24,West,Surat,Consumer,Retail Store,Furniture,Chairs,P10071,C1126,3,9401.74,0.2884,20071.68,15370.14,4701.55,0.23423799104011225,2025,7,Jul,Q3
SO04567,2023-03-03,North,Chandigarh,Consumer,Online,Office Supplies,Paper,P10055,C1504,4,942.45,0.1367,3254.38,1813.46,1440.92,0.442763291318162,2023,3,Mar,Q1
SO04568,2025-12-26,Central,Bhopal,Consumer,Distributor,Office Supplies,Paper,P10072,C1199,7,530.87,0.0442,3551.67,2088.61,1463.06,0.41193579358442645,2025,12,Dec,Q4
SO04569,2024-09-20,North,Lucknow,Consumer,Online,Furniture,Storage,P10001,C1251,7,10291.02,0.3489,46899.98,34902.83,11997.14,0.2558026677196877,2024,9,Sep,Q3
SO04570,2023-11-18,West,Mumbai,Consumer,Online,Office Supplies,Pens,P10037,C1493,5,997.9,0.2587,3698.54,2292.2,1406.33,0.380239229533816,2023,11,Nov,Q4
SO04571,2023-04-25,North,Lucknow,Corporate,Online,Technology,Phones,P10060,C1408,3,21538.49,0.55,29076.96,16772.9,12304.06,0.42315496530586416,2023,4,Apr,Q2
SO04572,2023-04-15,East,Bhubaneswar,Consumer,Online,Office Supplies,Envelopes,P10039,C1438,1,794.34,0.38,492.53,307.45,185.08,0.3757740645239884,2023,4,Apr,Q2
SO04573,2023-09-17,North,Jaipur,Consumer,Distributor,Office Supplies,Paper,P10042,C1081,7,941.65,0.3904,4018.23,1996.79,2021.44,0.5030672709128149,2023,9,Sep,Q3
SO04574,2023-01-30,West,Surat,Corporate,Online,Technology,Accessories,P10072,C1358,5,23110.09,0.2468,87031.68,61674.0,25357.69,0.2913616053372749,2023,1,Jan,Q1
SO04575,2023-03-14,East,Guwahati,Consumer,Distributor,Technology,Accessories,P10045,C1177,9,32058.54,0.0014,288128.42,181318.51,106809.91,0.37070244580524203,2023,3,Mar,Q1
SO04576,2025-09-19,South,Kochi,Consumer,Retail Store,Furniture,Chairs,P10026,C1539,2,9574.29,0.55,8616.86,7048.74,1568.12,0.1819827640230896,2025,9,Sep,Q3
SO04577,2024-04-27,East,Patna,Home Office,Retail Store,Office Supplies,Binders,P10035,C1167,2,1093.25,0.2887,1555.22,947.94,607.28,0.3904785175087769,2024,4,Apr,Q2
SO04578,2024-11-03,North,Jaipur,Corporate,Retail Store,Office Supplies,Binders,P10062,C1551,4,461.61,0.2413,1400.87,856.66,544.22,0.38848715441118736,2024,11,Nov,Q4
SO04579,2023-07-14,North,Chandigarh,Corporate,Online,Technology,Printers,P10100,C1432,10,20761.4,0.2935,146688.95,101715.4,44973.55,0.30659125994152936,2023,7,Jul,Q3
SO04580,2023-02-21,West,Ahmedabad,Home Office,Online,Furniture,Storage,P10080,C1509,6,7425.16,0.3548,28746.41,21900.68,6845.72,0.23814173665511626,2023,2,Feb,Q1
SO04581,2025-12-03,North,Jaipur,Home Office,Online,Technology,Accessories,P10069,C1020,3,39936.84,0.1811,98111.51,58865.72,39245.79,0.4000120882860737,2025,12,Dec,Q4
SO04582,2025-03-18,West,Ahmedabad,Consumer,Retail Store,Technology,Phones,P10025,C1222,6,30702.28,0.4001,110514.9,76060.21,34454.69,0.3117651104059272,2025,3,Mar,Q1
SO04583,2025-10-20,North,Jaipur,Consumer,Retail Store,Furniture,Storage,P10011,C1029,5,7517.77,0.2522,28107.95,21805.0,6302.95,0.2242408286623535,2025,10,Oct,Q4
SO04584,2025-09-02,West,Ahmedabad,Corporate,Distributor,Technology,Phones,P10086,C1024,3,18949.5,0.1139,50376.28,32697.17,17679.11,0.35094115722717123,2025,9,Sep,Q3
SO04585,2024-07-24,West,Pune,Home Office,Retail Store,Technology,Printers,P10097,C1423,5,28660.59,0.2419,108635.84,65395.85,43240.0,0.39802702312606963,2024,7,Jul,Q3
SO04586,2023-07-11,South,Chennai,Consumer,Online,Technology,Phones,P10028,C1007,6,16261.24,0.1609,81872.05,48574.0,33298.05,0.40670839437878986,2023,7,Jul,Q3
SO04587,2025-09-08,East,Bhubaneswar,Consumer,Retail Store,Technology,Laptops,P10009,C1471,10,22161.81,0.3244,149718.67,100420.61,49298.06,0.32927129261834875,2025,9,Sep,Q3
SO04588,2023-06-25,West,Mumbai,Consumer,Retail Store,Furniture,Bookcases,P10083,C1013,4,4965.9,0.2788,14325.9,10650.9,3675.0,0.25652838565116326,2023,6,Jun,Q2
SO04589,2025-01-27,South,Hyderabad,Corporate,Online,Technology,Accessories,P10044,C1109,7,18629.55,0.3871,79927.54,53855.62,26071.92,0.3261944506236524,2025,1,Jan,Q1
SO04590,2024-06-10,North,Lucknow,Consumer,Retail Store,Furniture,Tables,P10018,C1017,5,10079.52,0.5125,24570.6,18567.59,6003.01,0.24431678510089297,2024,6,Jun,Q2
SO04591,2023-08-26,East,Kolkata,Home Office,Online,Furniture,Tables,P10083,C1284,4,9055.68,0.5001,18107.52,12281.11,5826.41,0.32176742038666806,2023,8,Aug,Q3
SO04592,2025-02-09,Central,Bhopal,Consumer,Distributor,Technology,Accessories,P10041,C1148,8,23597.54,0.2013,150782.62,101734.65,49047.97,0.3252892806876549,2025,2,Feb,Q1
SO04593,2024-08-10,West,Pune,Consumer,Retail Store,Furniture,Tables,P10058,C1373,9,6329.8,0.2973,40034.22,29007.11,11027.11,0.2754421092755148,2024,8,Aug,Q3
SO04594,2024-02-08,South,Kochi,Consumer,Distributor,Office Supplies,Binders,P10021,C1083,3,1062.34,0.2177,2493.23,1520.06,973.17,0.3903250001002715,2024,2,Feb,Q1
SO04595,2024-04-15,West,Surat,Consumer,Online,Furniture,Bookcases,P10007,C1143,7,5010.09,0.3163,23977.84,17453.87,6523.97,0.27208330692005617,2024,4,Apr,Q2
SO04596,2023-02-27,North,Chandigarh,Consumer,Retail Store,Technology,Printers,P10007,C1520,7,25699.03,0.3812,111311.42,84827.5,26483.92,0.23792635113270497,2023,2,Feb,Q1
SO04597,2025-08-01,Central,Nagpur,Home Office,Online,Office Supplies,Binders,P10084,C1141,6,1359.1,0.1083,7271.74,4352.13,2919.61,0.4015008787442896,2025,8,Aug,Q3
SO04598,2025-12-30,Central,Bhopal,Consumer,Distributor,Office Supplies,Paper,P10029,C1534,1,697.22,0.0328,674.34,399.94,274.4,0.40691639232434673,2025,12,Dec,Q4
SO04599,2023-12-16,East,Kolkata,Home Office,Retail Store,Office Supplies,Pens,P10019,C1584,2,1059.01,0.4614,1140.66,626.39,514.27,0.45085301492118596,2023,12,Dec,Q4
SO04600,2025-08-23,East,Guwahati,Consumer,Retail Store,Office Supplies,Paper,P10007,C1117,5,1052.0,0.1563,4437.75,2541.84,1895.91,0.4272232550278858,2025,8,Aug,Q3
SO04601,2023-12-09,South,Kochi,Home Office,Retail Store,Office Supplies,Paper,P10042,C1304,2,649.8,0.2223,1010.72,582.53,428.2,0.4236583821434225,2023,12,Dec,Q4
SO04602,2024-03-31,South,Bengaluru,Consumer,Retail Store,Furniture,Storage,P10089,C1398,4,7490.34,0.4158,17503.87,12096.69,5407.18,0.30891340029376363,2024,3,Mar,Q1
SO04603,2025-11-17,East,Guwahati,Consumer,Online,Furniture,Tables,P10095,C1009,7,9491.06,0.2053,52800.92,37859.26,14941.66,0.28298105411799646,2025,11,Nov,Q4
SO04604,2023-01-22,West,Mumbai,Consumer,Retail Store,Office Supplies,Paper,P10007,C1409,3,469.19,0.4495,774.89,464.78,310.12,0.4002116429428693,2023,1,Jan,Q1
SO04605,2024-03-05,East,Bhubaneswar,Corporate,Retail Store,Furniture,Bookcases,P10075,C1125,1,5632.37,0.3076,3899.76,2822.89,1076.87,0.2761375058977988,2024,3,Mar,Q1
SO04606,2025-07-10,East,Kolkata,Consumer,Online,Office Supplies,Pens,P10048,C1397,6,1205.86,0.1923,5844.1,3525.69,2318.41,0.3967095018907958,2025,7,Jul,Q3
SO04607,2024-02-26,North,Jaipur,Consumer,Online,Office Supplies,Pens,P10089,C1302,3,587.27,0.0742,1631.1,1025.87,605.23,0.3710563423456563,2024,2,Feb,Q1
SO04608,2024-11-02,North,Lucknow,Corporate,Retail Store,Furniture,Tables,P10039,C1294,4,7153.45,0.081,26296.79,17595.5,8701.29,0.3308879144564793,2024,11,Nov,Q4
SO04609,2024-06-06,South,Kochi,Consumer,Online,Office Supplies,Paper,P10072,C1517,2,909.43,0.2863,1298.16,846.71,451.44,0.3477537437603993,2024,6,Jun,Q2
SO04610,2023-05-06,South,Kochi,Consumer,Online,Office Supplies,Binders,P10048,C1042,3,551.47,0.2197,1290.92,606.37,684.55,0.5302807300219997,2023,5,May,Q2
SO04611,2023-05-30,South,Chennai,Consumer,Online,Technology,Accessories,P10003,C1246,7,4468.03,0.1757,25782.47,14492.18,11290.3,0.43790606563296686,2023,5,May,Q2
SO04612,2024-08-17,West,Surat,Home Office,Online,Furniture,Tables,P10092,C1051,5,7090.36,0.2773,25621.1,17147.84,8473.26,0.3307141379566061,2024,8,Aug,Q3
SO04613,2025-10-01,North,Lucknow,Home Office,Online,Furniture,Chairs,P10039,C1564,8,10746.76,0.4782,44857.35,33793.94,11063.41,0.24663538974103463,2025,10,Oct,Q4
SO04614,2024-05-07,South,Chennai,Home Office,Retail Store,Furniture,Chairs,P10058,C1196,2,11575.84,0.1079,20653.76,12269.98,8383.78,0.40592027795423213,2024,5,May,Q2
SO04615,2024-11-22,West,Ahmedabad,Home Office,Retail Store,Furniture,Bookcases,P10026,C1357,4,10553.64,0.0869,38547.13,27126.12,11421.02,0.2962871684610502,2024,11,Nov,Q4
SO04616,2023-12-19,Central,Nagpur,Consumer,Online,Technology,Printers,P10086,C1083,7,13522.79,0.2336,72545.28,46782.32,25762.96,0.35512937574987646,2023,12,Dec,Q4
SO04617,2023-06-29,East,Guwahati,Home Office,Online,Office Supplies,Paper,P10093,C1113,3,900.7,0.1163,2387.77,1174.85,1212.92,0.5079718733378843,2023,6,Jun,Q2
SO04618,2024-05-03,East,Guwahati,Corporate,Distributor,Furniture,Storage,P10080,C1425,4,8893.72,0.1982,28525.06,21687.57,6837.5,0.23970151158314829,2024,5,May,Q2
SO04619,2024-11-01,West,Pune,Home Office,Online,Office Supplies,Envelopes,P10028,C1164,1,1010.45,0.3215,685.57,390.33,295.24,0.43064894904969586,2024,11,Nov,Q4
SO04620,2023-06-19,North,Lucknow,Consumer,Online,Office Supplies,Envelopes,P10001,C1033,3,795.97,0.2767,1727.13,843.1,884.03,0.5118491370076369,2023,6,Jun,Q2
SO04621,2024-12-25,North,Lucknow,Home Office,Online,Furniture,Chairs,P10069,C1289,7,7323.96,0.494,25939.59,18589.55,7350.04,0.28335220410191525,2024,12,Dec,Q4
SO04622,2025-09-21,West,Surat,Home Office,Online,Technology,Printers,P10051,C1274,2,15538.37,0.0571,29300.94,19283.18,10017.75,0.341891761834262,2025,9,Sep,Q3
SO04623,2025-03-07,South,Chennai,Consumer,Online,Office Supplies,Envelopes,P10078,C1593,6,590.78,0.3833,2185.93,1282.77,903.16,0.41316968063936177,2025,3,Mar,Q1
SO04624,2023-04-21,East,Guwahati,Consumer,Online,Furniture,Bookcases,P10005,C1460,9,6271.62,0.1533,47789.82,33339.6,14450.22,0.30237025374860166,2023,4,Apr,Q2
SO04625,2024-01-05,North,Chandigarh,Consumer,Online,Office Supplies,Paper,P10003,C1323,1,624.99,0.4627,335.81,198.73,137.08,0.4082070218278193,2024,1,Jan,Q1
SO04626,2023-02-24,East,Patna,Home Office,Online,Office Supplies,Envelopes,P10079,C1472,8,715.48,0.2476,4306.4,2382.88,1923.53,0.44666775032509753,2023,2,Feb,Q1
SO04627,2023-12-28,South,Bengaluru,Consumer,Online,Office Supplies,Pens,P10024,C1221,8,548.82,0.1468,3746.01,2064.42,1681.59,0.4489016313357412,2023,12,Dec,Q4
SO04628,2024-09-11,North,Chandigarh,Home Office,Online,Technology,Printers,P10073,C1266,9,16756.74,0.2455,113787.2,74714.23,39072.97,0.3433863387094506,2024,9,Sep,Q3
SO04629,2025-06-21,South,Kochi,Home Office,Online,Office Supplies,Envelopes,P10019,C1462,3,857.38,0.3484,1675.98,950.01,725.97,0.433161493573909,2025,6,Jun,Q2
SO04630,2025-11-21,Central,Indore,Consumer,Online,Furniture,Storage,P10052,C1385,2,8921.29,0.3465,11659.81,8883.44,2776.37,0.23811451473051448,2025,11,Nov,Q4
SO04631,2025-09-20,East,Patna,Consumer,Distributor,Furniture,Chairs,P10082,C1052,5,8506.29,0.2179,33262.91,23334.58,9928.33,0.29848049975182567,2025,9,Sep,Q3
SO04632,2023-04-09,South,Kochi,Corporate,Distributor,Technology,Printers,P10034,C1417,10,19343.61,0.2679,141618.25,110530.99,31087.27,0.21951457527543236,2023,4,Apr,Q2
SO04633,2025-05-05,West,Ahmedabad,Corporate,Retail Store,Furniture,Tables,P10097,C1011,10,6231.48,0.2386,47443.51,35856.87,11586.64,0.24421970465507292,2025,5,May,Q2
SO04634,2023-12-02,West,Ahmedabad,Consumer,Retail Store,Office Supplies,Envelopes,P10065,C1198,4,832.03,0.0349,3211.91,1889.14,1322.77,0.4118328346684683,2023,12,Dec,Q4
SO04635,2024-07-21,North,Delhi,Home Office,Online,Furniture,Chairs,P10030,C1337,7,11395.13,0.2078,63187.91,50698.63,12489.27,0.19765284213388287,2024,7,Jul,Q3
SO04636,2023-04-10,South,Chennai,Corporate,Retail Store,Technology,Printers,P10040,C1479,7,17915.09,0.4147,73404.48,44320.98,29083.5,0.39620878725658165,2023,4,Apr,Q2
SO04637,2023-05-23,South,Hyderabad,Consumer,Online,Technology,Accessories,P10030,C1200,10,26493.12,0.2732,192539.18,115349.48,77189.7,0.40090385759407515,2023,5,May,Q2
SO04638,2024-12-08,East,Patna,Home Office,Retail Store,Technology,Laptops,P10062,C1447,1,25209.41,0.048,23998.68,16589.74,7408.94,0.30872281308805316,2024,12,Dec,Q4
SO04639,2024-02-09,North,Delhi,Corporate,Retail Store,Office Supplies,Paper,P10027,C1154,9,1257.07,0.1386,9745.95,5173.21,4572.74,0.469193870274319,2024,2,Feb,Q1
SO04640,2025-03-31,East,Kolkata,Consumer,Retail Store,Office Supplies,Envelopes,P10042,C1551,9,894.16,0.2326,6175.65,3247.66,2927.98,0.47411689457789874,2025,3,Mar,Q1
SO04641,2025-03-28,West,Ahmedabad,Home Office,Online,Technology,Laptops,P10059,C1115,6,17890.75,0.4698,56917.26,38806.62,18110.65,0.3181925834096722,2025,3,Mar,Q1
SO04642,2023-04-09,North,Jaipur,Consumer,Online,Technology,Accessories,P10053,C1279,3,18554.83,0.2893,39559.01,27565.08,11993.93,0.3031908533605871,2023,4,Apr,Q2
SO04643,2023-03-13,West,Mumbai,Consumer,Online,Technology,Accessories,P10072,C1063,7,10309.38,0.36,46185.17,31436.36,14748.81,0.3193408187086894,2023,3,Mar,Q1
SO04644,2024-01-10,West,Pune,Corporate,Distributor,Technology,Accessories,P10076,C1519,5,8980.26,0.0937,40692.67,25804.14,14888.53,0.3658774418095446,2024,1,Jan,Q1
SO04645,2025-01-03,East,Patna,Consumer,Online,Office Supplies,Binders,P10040,C1258,8,1155.36,0.2895,6567.47,3681.86,2885.6,0.4393777207965929,2025,1,Jan,Q1
SO04646,2024-05-19,South,Chennai,Consumer,Retail Store,Furniture,Tables,P10007,C1473,3,6930.43,0.1954,16728.01,11778.52,4949.49,0.2958803826635685,2024,5,May,Q2
SO04647,2025-07-08,South,Chennai,Consumer,Online,Furniture,Storage,P10058,C1173,8,11799.61,0.2295,72732.43,52529.33,20203.1,0.2777729274272838,2025,7,Jul,Q3
SO04648,2023-10-03,East,Patna,Corporate,Retail Store,Furniture,Chairs,P10002,C1432,2,10404.67,0.208,16481.72,11338.92,5142.8,0.3120305405018408,2023,10,Oct,Q4
SO04649,2025-01-10,West,Surat,Consumer,Retail Store,Furniture,Bookcases,P10088,C1105,6,8582.2,0.4388,28897.58,19809.07,9088.52,0.3145079968634052,2025,1,Jan,Q1
SO04650,2023-08-17,North,Chandigarh,Consumer,Online,Technology,Accessories,P10016,C1237,10,24717.93,0.1321,214520.62,139445.11,75075.5,0.34996868832469347,2023,8,Aug,Q3
SO04651,2023-05-19,South,Chennai,Consumer,Online,Furniture,Bookcases,P10059,C1295,6,8593.04,0.4629,27690.04,19129.38,8560.66,0.30916026123472556,2023,5,May,Q2
SO04652,2024-11-26,South,Kochi,Consumer,Retail Store,Technology,Phones,P10019,C1357,8,17057.82,0.2375,104055.7,67506.02,36549.68,0.3512511087811624,2024,11,Nov,Q4
SO04653,2023-10-30,East,Patna,Consumer,Online,Furniture,Tables,P10053,C1342,6,9426.4,0.55,25451.29,19818.22,5633.07,0.2213274847758208,2023,10,Oct,Q4
SO04654,2023-10-23,East,Kolkata,Consumer,Online,Technology,Laptops,P10056,C1488,8,31094.5,0.1777,204553.81,129238.14,75315.68,0.3681949507564782,2023,10,Oct,Q4
SO04655,2024-10-23,South,Chennai,Consumer,Online,Technology,Accessories,P10054,C1406,9,3111.05,0.55,12599.75,7958.49,4641.26,0.36836127700946447,2024,10,Oct,Q4
SO04656,2024-04-13,West,Mumbai,Corporate,Online,Furniture,Tables,P10079,C1475,9,6070.68,0.55,24586.27,17291.43,7294.83,0.29670340397303047,2024,4,Apr,Q2
SO04657,2025-05-04,East,Kolkata,Consumer,Distributor,Office Supplies,Binders,P10057,C1124,5,1083.46,0.1235,4748.39,2970.11,1778.28,0.3745016731987052,2025,5,May,Q2
SO04658,2024-04-27,North,Jaipur,Consumer,Online,Furniture,Storage,P10096,C1038,3,14307.96,0.4194,24921.95,18855.7,6066.24,0.24340952453560014,2024,4,Apr,Q2
SO04659,2024-06-16,South,Kochi,Corporate,Online,Office Supplies,Envelopes,P10016,C1232,9,1054.63,0.342,6245.82,3931.63,2314.19,0.37051820257388146,2024,6,Jun,Q2
SO04660,2025-05-17,North,Jaipur,Corporate,Distributor,Furniture,Storage,P10028,C1188,1,8955.32,0.2495,6721.38,4936.82,1784.55,0.26550351267150496,2025,5,May,Q2
SO04661,2023-10-25,West,Ahmedabad,Corporate,Distributor,Technology,Laptops,P10088,C1309,5,23123.17,0.2839,82796.64,60841.12,21955.52,0.2651740457100675,2023,10,Oct,Q4
SO04662,2025-10-01,West,Pune,Consumer,Online,Furniture,Chairs,P10081,C1418,4,1484.3,0.149,5052.76,3621.67,1431.09,0.28322936375367125,2025,10,Oct,Q4
SO04663,2024-08-19,South,Chennai,Corporate,Online,Office Supplies,Binders,P10072,C1081,9,936.77,0.1509,7158.96,4335.53,2823.43,0.3943910847385654,2024,8,Aug,Q3
SO04664,2024-05-27,East,Kolkata,Consumer,Online,Office Supplies,Paper,P10006,C1307,8,929.22,0.2023,5929.84,3596.95,2332.89,0.39341533667012935,2024,5,May,Q2
SO04665,2023-09-26,East,Kolkata,Corporate,Online,Technology,Accessories,P10041,C1338,3,13914.27,0.0639,39077.09,23891.21,15185.87,0.3886131234439412,2023,9,Sep,Q3
SO04666,2024-06-04,West,Pune,Home Office,Online,Office Supplies,Envelopes,P10029,C1235,8,1040.0,0.3537,5377.49,3451.82,1925.68,0.3581001545330629,2024,6,Jun,Q2
SO04667,2024-05-29,East,Kolkata,Consumer,Retail Store,Office Supplies,Pens,P10001,C1275,9,1586.94,0.3483,9307.43,5120.64,4186.8,0.4498341647479487,2024,5,May,Q2
SO04668,2025-01-04,East,Patna,Consumer,Online,Furniture,Bookcases,P10075,C1109,8,2084.68,0.4931,8454.33,5715.13,2739.19,0.32399847178901225,2025,1,Jan,Q1
SO04669,2023-10-13,East,Bhubaneswar,Consumer,Online,Technology,Accessories,P10071,C1180,1,5687.39,0.419,3304.35,2250.12,1054.23,0.31904307957692135,2023,10,Oct,Q4
SO04670,2024-11-02,West,Surat,Consumer,Online,Technology,Laptops,P10046,C1590,6,27535.59,0.1001,148676.88,104251.16,44425.72,0.2988071850848632,2024,11,Nov,Q4
SO04671,2024-06-28,South,Chennai,Consumer,Retail Store,Office Supplies,Envelopes,P10088,C1484,5,896.63,0.3476,2924.97,1925.63,999.34,0.34165820504141925,2024,6,Jun,Q2
SO04672,2025-12-08,Central,Bhopal,Consumer,Online,Technology,Phones,P10060,C1228,7,13991.64,0.2047,77892.22,50728.71,27163.51,0.3487320043003011,2025,12,Dec,Q4
SO04673,2025-08-30,Central,Nagpur,Consumer,Online,Furniture,Bookcases,P10075,C1302,8,13588.02,0.3398,71770.02,50184.67,21585.35,0.30075719638924436,2025,8,Aug,Q3
SO04674,2023-11-30,West,Mumbai,Consumer,Retail Store,Technology,Laptops,P10088,C1531,9,20088.35,0.5406,83059.15,55147.09,27912.06,0.3360503930030587,2023,11,Nov,Q4
SO04675,2025-03-13,North,Chandigarh,Consumer,Online,Office Supplies,Pens,P10027,C1493,3,563.1,0.3892,1031.86,580.39,451.47,0.437530285116198,2025,3,Mar,Q1
SO04676,2023-06-07,South,Hyderabad,Corporate,Distributor,Furniture,Tables,P10066,C1433,3,5040.71,0.2025,12059.92,8918.99,3140.92,0.260442855342324,2023,6,Jun,Q2
SO04677,2024-03-05,North,Lucknow,Corporate,Distributor,Office Supplies,Paper,P10057,C1368,1,1144.11,0.3229,774.72,439.73,334.99,0.43240138372573317,2024,3,Mar,Q1
SO04678,2023-06-29,South,Kochi,Consumer,Retail Store,Furniture,Tables,P10066,C1176,6,6119.78,0.3136,25202.75,17068.42,8134.33,0.32275565166499687,2023,6,Jun,Q2
SO04679,2024-10-04,East,Kolkata,Corporate,Online,Furniture,Chairs,P10048,C1087,6,12830.79,0.2175,60239.77,45291.41,14948.36,0.24814769379099558,2024,10,Oct,Q4
SO04680,2025-10-13,West,Surat,Home Office,Retail Store,Office Supplies,Paper,P10046,C1399,6,512.63,0.3741,1925.27,1130.3,794.96,0.4129083193526103,2025,10,Oct,Q4
SO04681,2024-01-20,South,Chennai,Corporate,Distributor,Technology,Accessories,P10073,C1075,4,19812.62,0.2769,57304.77,41069.38,16235.39,0.28331655462538285,2024,1,Jan,Q1
SO04682,2025-10-30,North,Jaipur,Corporate,Retail Store,Office Supplies,Binders,P10087,C1324,7,918.26,0.2835,4605.35,2577.24,2028.11,0.44038129566699596,2025,10,Oct,Q4
SO04683,2025-06-23,North,Chandigarh,Consumer,Retail Store,Office Supplies,Binders,P10039,C1199,3,321.09,0.1159,851.64,474.24,377.4,0.4431449908412005,2025,6,Jun,Q2
SO04684,2025-01-13,West,Mumbai,Corporate,Online,Office Supplies,Envelopes,P10011,C1209,3,841.56,0.2506,1892.03,1079.31,812.72,0.4295492143359249,2025,1,Jan,Q1
SO04685,2023-10-10,Central,Raipur,Corporate,Online,Office Supplies,Pens,P10041,C1205,7,1387.84,0.4435,5405.9,3041.37,2364.53,0.4373980280804307,2023,10,Oct,Q4
SO04686,2024-08-17,Central,Bhopal,Home Office,Online,Technology,Phones,P10087,C1300,5,17205.25,0.55,38711.8,25496.33,13215.47,0.34138092261274333,2024,8,Aug,Q3
SO04687,2023-12-12,South,Bengaluru,Consumer,Distributor,Office Supplies,Binders,P10045,C1194,3,1118.92,0.4233,1935.7,1093.82,841.88,0.4349227669576897,2023,12,Dec,Q4
SO04688,2025-01-25,West,Surat,Home Office,Retail Store,Technology,Accessories,P10031,C1135,8,9302.04,0.2825,53393.02,34078.53,19314.49,0.36174185314859514,2025,1,Jan,Q1
SO04689,2024-09-12,Central,Raipur,Corporate,Online,Office Supplies,Binders,P10079,C1543,10,895.42,0.1642,7484.13,4436.7,3047.43,0.407185604739629,2024,9,Sep,Q3
SO04690,2024-04-13,West,Pune,Consumer,Retail Store,Furniture,Tables,P10015,C1246,3,10195.51,0.1363,26417.57,18486.95,7930.63,0.30020285741648456,2024,4,Apr,Q2
SO04691,2023-02-11,North,Delhi,Corporate,Retail Store,Office Supplies,Pens,P10012,C1446,9,599.98,0.1264,4717.36,3141.49,1575.87,0.33405760849288585,2023,2,Feb,Q1
SO04692,2025-08-22,North,Jaipur,Consumer,Distributor,Technology,Printers,P10013,C1497,2,21288.49,0.1727,35223.87,24716.02,10507.86,0.29831645415452646,2025,8,Aug,Q3
SO04693,2024-07-17,West,Mumbai,Consumer,Online,Furniture,Chairs,P10041,C1140,4,8483.86,0.2045,26996.74,20385.53,6611.21,0.24488919773276327,2024,7,Jul,Q3
SO04694,2023-02-20,South,Hyderabad,Home Office,Online,Technology,Accessories,P10020,C1225,9,16536.0,0.287,106112.58,76889.15,29223.43,0.275400240009243,2023,2,Feb,Q1
SO04695,2024-11-04,North,Lucknow,Consumer,Online,Furniture,Chairs,P10069,C1527,9,8692.8,0.3724,49096.87,30475.49,18621.38,0.3792783531821886,2024,11,Nov,Q4
SO04696,2024-02-10,North,Jaipur,Consumer,Distributor,Furniture,Chairs,P10009,C1590,4,6390.37,0.2151,20062.19,12898.23,7163.96,0.35708763599587084,2024,2,Feb,Q1
SO04697,2025-03-28,Central,Bhopal,Corporate,Online,Technology,Phones,P10086,C1145,4,20392.89,0.3259,54984.67,36453.43,18531.24,0.33702557458287924,2025,3,Mar,Q1
SO04698,2023-12-09,East,Kolkata,Consumer,Online,Furniture,Storage,P10018,C1189,7,4945.35,0.2723,25192.14,18638.68,6553.46,0.26013907512422524,2023,12,Dec,Q4
SO04699,2023-05-22,East,Bhubaneswar,Corporate,Retail Store,Furniture,Chairs,P10085,C1464,6,8736.02,0.2223,40763.91,30749.0,10014.9,0.24568055419610138,2023,5,May,Q2
SO04700,2025-08-21,East,Bhubaneswar,Corporate,Retail Store,Technology,Phones,P10086,C1180,2,15824.27,0.0716,29381.08,19794.33,9586.75,0.32628991173911914,2025,8,Aug,Q3
SO04701,2024-09-30,East,Kolkata,Corporate,Online,Technology,Accessories,P10024,C1213,8,31579.53,0.3113,174002.54,105570.17,68432.37,0.39328374172009206,2024,9,Sep,Q3
SO04702,2025-01-06,South,Kochi,Home Office,Online,Technology,Phones,P10099,C1435,8,26681.63,0.4153,124812.14,71483.98,53328.16,0.427267411647617,2025,1,Jan,Q1
SO04703,2023-04-30,South,Chennai,Corporate,Distributor,Technology,Printers,P10042,C1411,8,19957.1,0.0954,144429.17,91596.12,52833.04,0.3658058825651355,2023,4,Apr,Q2
SO04704,2025-06-04,South,Bengaluru,Consumer,Online,Furniture,Tables,P10044,C1311,6,10089.03,0.2256,46877.46,32824.13,14053.33,0.2997886404254838,2025,6,Jun,Q2
SO04705,2023-11-23,North,Chandigarh,Consumer,Online,Furniture,Bookcases,P10068,C1190,8,7693.07,0.3709,38718.78,29373.0,9345.78,0.2413758904593585,2023,11,Nov,Q4
SO04706,2024-11-06,South,Hyderabad,Home Office,Online,Technology,Printers,P10004,C1250,10,26790.24,0.1823,219055.6,143678.65,75376.94,0.3440995801979041,2024,11,Nov,Q4
SO04707,2023-10-09,West,Mumbai,Consumer,Online,Technology,Printers,P10045,C1568,5,9843.85,0.2259,38100.27,24338.82,13761.45,0.36119035376914654,2023,10,Oct,Q4
SO04708,2024-06-15,Central,Nagpur,Consumer,Distributor,Office Supplies,Pens,P10058,C1250,2,1116.7,0.1073,1993.71,1231.2,762.5,0.3824528141003456,2024,6,Jun,Q2
SO04709,2024-04-13,South,Hyderabad,Consumer,Online,Technology,Laptops,P10015,C1547,4,22756.8,0.5361,42225.48,30912.8,11312.68,0.26791122327087813,2024,4,Apr,Q2
SO04710,2025-03-29,West,Pune,Corporate,Retail Store,Office Supplies,Binders,P10066,C1376,9,974.34,0.2,7015.14,3754.9,3260.25,0.46474482333923484,2025,3,Mar,Q1
SO04711,2023-01-19,North,Lucknow,Corporate,Distributor,Office Supplies,Pens,P10094,C1302,1,1014.73,0.503,504.27,282.56,221.72,0.4396850893370615,2023,1,Jan,Q1
SO04712,2023-01-19,North,Chandigarh,Home Office,Online,Office Supplies,Envelopes,P10019,C1095,1,466.76,0.2764,337.75,181.01,156.75,0.46410066617320506,2023,1,Jan,Q1
SO04713,2023-03-12,North,Jaipur,Consumer,Online,Office Supplies,Pens,P10095,C1481,4,749.11,0.2864,2138.18,1263.33,874.85,0.4091563853370624,2023,3,Mar,Q1
SO04714,2024-03-16,North,Jaipur,Corporate,Distributor,Office Supplies,Envelopes,P10080,C1287,8,1086.76,0.2185,6794.41,4288.48,2505.93,0.368822311282363,2024,3,Mar,Q1
SO04715,2025-09-25,East,Guwahati,Consumer,Online,Furniture,Bookcases,P10046,C1573,3,8693.68,0.2252,20207.74,13871.68,6336.06,0.3135461956656212,2025,9,Sep,Q3
SO04716,2023-10-20,Central,Bhopal,Corporate,Online,Technology,Printers,P10087,C1074,10,27208.75,0.318,185566.18,128173.68,57392.5,0.30928318942600425,2023,10,Oct,Q4
SO04717,2023-08-29,North,Lucknow,Corporate,Online,Technology,Printers,P10044,C1505,7,28580.13,0.3899,122052.76,80046.96,42005.79,0.3441609186060193,2023,8,Aug,Q3
SO04718,2023-10-07,West,Pune,Consumer,Retail Store,Technology,Printers,P10082,C1415,3,17749.92,0.2077,42190.56,27617.37,14573.18,0.34541328676367417,2023,10,Oct,Q4
SO04719,2025-05-01,North,Delhi,Corporate,Online,Office Supplies,Binders,P10050,C1070,4,1191.89,0.3321,3184.06,1855.31,1328.75,0.4173131159588701,2025,5,May,Q2
SO04720,2025-04-15,East,Patna,Consumer,Online,Technology,Accessories,P10082,C1390,8,30408.34,0.2757,176209.19,113680.26,62528.93,0.35485623649935627,2025,4,Apr,Q2
SO04721,2023-08-06,North,Delhi,Consumer,Distributor,Technology,Laptops,P10055,C1404,6,13557.29,0.1924,65693.3,44201.37,21491.93,0.3271555851205526,2023,8,Aug,Q3
SO04722,2023-11-03,Central,Bhopal,Corporate,Online,Furniture,Chairs,P10045,C1128,6,3399.37,0.424,11747.62,8171.97,3575.65,0.30437228987658776,2023,11,Nov,Q4
SO04723,2024-11-28,West,Surat,Consumer,Retail Store,Office Supplies,Binders,P10083,C1089,6,945.59,0.2669,4159.37,2017.76,2141.62,0.5148904762019249,2024,11,Nov,Q4
SO04724,2024-04-04,East,Guwahati,Consumer,Online,Furniture,Chairs,P10012,C1109,4,9540.57,0.2909,27061.49,18507.39,8554.09,0.3160982636211088,2024,4,Apr,Q2
SO04725,2023-06-05,Central,Nagpur,Corporate,Online,Technology,Printers,P10043,C1076,3,30206.13,0.381,56093.31,40019.4,16073.91,0.28655663215452964,2023,6,Jun,Q2
SO04726,2025-01-15,West,Ahmedabad,Consumer,Online,Office Supplies,Pens,P10026,C1381,4,999.84,0.2604,2957.92,1817.3,1140.62,0.3856155676962189,2025,1,Jan,Q1
SO04727,2024-07-22,North,Lucknow,Consumer,Online,Technology,Accessories,P10008,C1260,1,10758.39,0.0966,9719.16,6414.37,3304.8,0.34002938525551596,2024,7,Jul,Q3
SO04728,2024-06-22,North,Delhi,Corporate,Retail Store,Furniture,Chairs,P10096,C1411,10,11485.68,0.1333,99548.95,77124.33,22424.62,0.22526224535768583,2024,6,Jun,Q2
SO04729,2023-04-16,West,Ahmedabad,Consumer,Online,Office Supplies,Paper,P10059,C1518,8,931.6,0.1791,6117.91,3449.14,2668.77,0.43622250082135894,2023,4,Apr,Q2
SO04730,2023-08-25,North,Delhi,Consumer,Online,Office Supplies,Paper,P10046,C1174,6,1262.48,0.55,3408.68,2083.38,1325.3,0.38880153021110814,2023,8,Aug,Q3
SO04731,2024-12-04,West,Surat,Corporate,Distributor,Technology,Phones,P10081,C1530,8,22141.51,0.2262,137065.15,88255.81,48809.34,0.35610321077239543,2024,12,Dec,Q4
SO04732,2023-01-03,South,Kochi,Home Office,Online,Technology,Accessories,P10007,C1489,10,30173.96,0.3948,182622.05,113481.42,69140.63,0.3785995721765253,2023,1,Jan,Q1
SO04733,2024-02-02,West,Pune,Consumer,Online,Technology,Phones,P10013,C1410,5,18012.59,0.1208,79186.32,48267.92,30918.4,0.3904512799685602,2024,2,Feb,Q1
SO04734,2023-10-26,East,Kolkata,Corporate,Online,Furniture,Bookcases,P10071,C1481,5,8440.94,0.55,18992.12,14616.89,4375.23,0.23037080641866203,2023,10,Oct,Q4
SO04735,2025-04-18,Central,Nagpur,Consumer,Online,Technology,Laptops,P10095,C1542,9,28965.37,0.1195,229531.91,145987.27,83544.64,0.36397832440814004,2025,4,Apr,Q2
SO04736,2025-11-21,North,Jaipur,Consumer,Online,Office Supplies,Paper,P10003,C1390,6,776.0,0.1174,4109.3,2497.26,1612.04,0.3922906577762636,2025,11,Nov,Q4
SO04737,2024-02-21,West,Mumbai,Consumer,Online,Technology,Accessories,P10097,C1373,1,30833.05,0.1269,26919.18,16064.46,10854.72,0.4032336794805785,2024,2,Feb,Q1
SO04738,2024-02-10,North,Jaipur,Consumer,Retail Store,Technology,Laptops,P10034,C1408,10,17148.3,0.1772,141104.48,93876.74,47227.74,0.3347004999416035,2024,2,Feb,Q1
SO04739,2025-05-24,East,Kolkata,Consumer,Retail Store,Office Supplies,Pens,P10100,C1596,2,837.46,0.2539,1249.61,755.14,494.46,0.39569145573418907,2025,5,May,Q2
SO04740,2023-01-20,South,Kochi,Home Office,Retail Store,Office Supplies,Envelopes,P10015,C1193,6,606.08,0.1277,3172.17,1917.26,1254.91,0.3955998575107892,2023,1,Jan,Q1
SO04741,2025-04-23,East,Patna,Home Office,Retail Store,Furniture,Tables,P10078,C1124,7,11238.16,0.1236,68940.99,50563.19,18377.8,0.2665729053209128,2025,4,Apr,Q2
SO04742,2023-05-13,East,Kolkata,Home Office,Retail Store,Technology,Laptops,P10100,C1312,10,23898.13,0.2873,170332.5,109519.99,60812.51,0.3570223533383236,2023,5,May,Q2
SO04743,2025-01-16,Central,Indore,Consumer,Distributor,Office Supplies,Paper,P10026,C1084,10,1048.58,0.1581,8827.53,4154.21,4673.32,0.5294029020575404,2025,1,Jan,Q1
SO04744,2023-04-18,Central,Nagpur,Corporate,Retail Store,Office Supplies,Paper,P10040,C1325,3,679.6,0.3441,1337.14,819.95,517.2,0.3867956982814066,2023,4,Apr,Q2
SO04745,2024-07-12,West,Pune,Home Office,Retail Store,Furniture,Tables,P10084,C1284,1,9712.67,0.1395,8357.5,5650.06,2707.44,0.3239533353275501,2024,7,Jul,Q3
SO04746,2024-06-11,South,Bengaluru,Consumer,Online,Office Supplies,Paper,P10062,C1266,8,909.55,0.1878,5910.19,3241.55,2668.64,0.45153201504520163,2024,6,Jun,Q2
SO04747,2024-11-28,South,Bengaluru,Consumer,Distributor,Technology,Printers,P10089,C1094,3,15165.97,0.2015,36329.03,21414.38,14914.65,0.4105435790606025,2024,11,Nov,Q4
SO04748,2023-07-22,Central,Raipur,Consumer,Online,Office Supplies,Pens,P10099,C1004,8,704.7,0.2979,3958.3,2019.33,1938.97,0.4898491776772857,2023,7,Jul,Q3
SO04749,2023-05-04,North,Chandigarh,Consumer,Online,Office Supplies,Binders,P10013,C1035,8,1531.0,0.328,8230.52,4230.33,4000.19,0.48601910936368536,2023,5,May,Q2
SO04750,2024-08-02,North,Chandigarh,Corporate,Distributor,Technology,Printers,P10092,C1056,6,6663.37,0.3164,27329.26,19318.67,8010.59,0.29311404699578403,2024,8,Aug,Q3
SO04751,2023-07-16,East,Patna,Consumer,Online,Office Supplies,Pens,P10027,C1295,4,600.79,0.1158,2124.77,1224.89,899.88,0.4235187808562809,2023,7,Jul,Q3
SO04752,2024-09-11,Central,Nagpur,Consumer,Retail Store,Furniture,Chairs,P10074,C1372,5,8021.88,0.2752,29072.79,22610.58,6462.21,0.22227691253574217,2024,9,Sep,Q3
SO04753,2024-05-10,West,Mumbai,Home Office,Online,Furniture,Tables,P10010,C1194,1,7440.08,0.1956,5985.08,4262.25,1722.83,0.2878541306047705,2024,5,May,Q2
SO04754,2023-07-19,South,Bengaluru,Consumer,Online,Office Supplies,Pens,P10038,C1596,2,808.7,0.2521,1209.61,655.65,553.96,0.457965790626731,2023,7,Jul,Q3
SO04755,2025-11-12,North,Chandigarh,Consumer,Online,Furniture,Bookcases,P10051,C1580,8,8482.17,0.2954,47812.63,34272.57,13540.06,0.2831900274048928,2025,11,Nov,Q4
SO04756,2024-12-02,Central,Raipur,Corporate,Retail Store,Office Supplies,Envelopes,P10095,C1274,6,997.09,0.3388,3955.8,2193.21,1762.59,0.4455710602153799,2024,12,Dec,Q4
SO04757,2024-10-29,South,Bengaluru,Corporate,Retail Store,Office Supplies,Paper,P10026,C1516,3,630.17,0.1523,1602.5,896.99,705.51,0.44025585023400937,2024,10,Oct,Q4
SO04758,2023-05-28,North,Delhi,Corporate,Online,Office Supplies,Binders,P10055,C1122,7,1140.04,0.4639,4278.02,2356.27,1921.74,0.4492124861501348,2023,5,May,Q2
SO04759,2024-07-27,West,Pune,Consumer,Online,Furniture,Bookcases,P10008,C1549,8,9586.35,0.4882,39248.4,28169.0,11079.4,0.28228921433739973,2024,7,Jul,Q3
SO04760,2024-04-22,West,Surat,Consumer,Retail Store,Furniture,Storage,P10060,C1500,1,10260.71,0.3024,7157.78,5378.68,1779.09,0.24855332239884434,2024,4,Apr,Q2
SO04761,2023-08-11,North,Lucknow,Corporate,Online,Office Supplies,Binders,P10038,C1220,2,1347.53,0.2121,2123.54,1361.5,762.03,0.3588489032464658,2023,8,Aug,Q3
SO04762,2023-06-06,South,Hyderabad,Consumer,Online,Technology,Printers,P10091,C1560,2,23860.44,0.461,25720.93,16622.26,9098.67,0.3537457626920955,2023,6,Jun,Q2
SO04763,2023-02-14,Central,Indore,Corporate,Online,Office Supplies,Binders,P10047,C1171,2,372.18,0.359,477.17,300.73,176.44,0.36976339669300246,2023,2,Feb,Q1
SO04764,2024-04-30,West,Mumbai,Home Office,Distributor,Furniture,Chairs,P10047,C1577,9,5985.49,0.3913,32790.12,23473.7,9316.42,0.28412277844667844,2024,4,Apr,Q2
SO04765,2023-12-29,North,Lucknow,Corporate,Retail Store,Furniture,Chairs,P10048,C1427,6,9874.81,0.248,44555.14,31121.84,13433.3,0.30149832320131864,2023,12,Dec,Q4
SO04766,2025-08-11,North,Delhi,Corporate,Distributor,Technology,Accessories,P10010,C1366,6,19648.19,0.2663,86492.14,57837.15,28654.99,0.33130166509927955,2025,8,Aug,Q3
SO04767,2023-08-12,East,Guwahati,Corporate,Retail Store,Technology,Phones,P10099,C1073,10,10706.17,0.3154,73297.78,52349.41,20948.38,0.2857982874788295,2023,8,Aug,Q3
SO04768,2024-12-03,East,Bhubaneswar,Consumer,Online,Furniture,Tables,P10093,C1255,5,7029.34,0.1886,28517.15,20749.79,7767.36,0.2723750444907713,2024,12,Dec,Q4
SO04769,2024-10-30,South,Kochi,Consumer,Retail Store,Technology,Accessories,P10071,C1049,7,31241.08,0.3475,142688.03,100059.48,42628.55,0.2987535114192831,2024,10,Oct,Q4
SO04770,2025-04-25,North,Lucknow,Consumer,Online,Office Supplies,Envelopes,P10023,C1411,3,1086.79,0.1974,2616.77,1551.55,1065.22,0.4070743703114909,2025,4,Apr,Q2
SO04771,2025-01-24,East,Patna,Consumer,Retail Store,Furniture,Storage,P10038,C1487,10,10541.71,0.3158,72130.97,49530.94,22600.02,0.3133192302834691,2025,1,Jan,Q1
SO04772,2023-08-18,North,Delhi,Corporate,Online,Furniture,Tables,P10084,C1075,6,12053.5,0.1658,60328.29,42620.5,17707.79,0.29352381776443526,2023,8,Aug,Q3
SO04773,2023-02-21,West,Surat,Consumer,Online,Technology,Laptops,P10024,C1366,7,29217.71,0.1652,170735.39,106188.23,64547.16,0.3780537825227681,2023,2,Feb,Q1
SO04774,2023-12-04,East,Patna,Consumer,Retail Store,Office Supplies,Pens,P10055,C1458,6,945.61,0.2188,4432.04,3097.84,1334.2,0.30103518921309375,2023,12,Dec,Q4
SO04775,2023-09-16,Central,Indore,Consumer,Distributor,Office Supplies,Paper,P10037,C1540,1,834.12,0.2959,587.29,317.14,270.15,0.4599942106965894,2023,9,Sep,Q3
SO04776,2023-09-05,West,Ahmedabad,Consumer,Online,Technology,Phones,P10088,C1292,2,14083.34,0.2619,20790.1,14077.02,6713.08,0.32289791775893334,2023,9,Sep,Q3
SO04777,2024-08-31,North,Delhi,Corporate,Online,Furniture,Chairs,P10086,C1088,1,11665.03,0.2429,8831.69,6405.92,2425.76,0.27466543775879815,2024,8,Aug,Q3
SO04778,2023-03-03,East,Guwahati,Consumer,Online,Office Supplies,Pens,P10053,C1388,1,933.97,0.4084,552.54,328.09,224.45,0.4062149346653636,2023,3,Mar,Q1
SO04779,2024-04-17,East,Kolkata,Home Office,Online,Furniture,Tables,P10062,C1302,6,7421.52,0.2542,33210.6,22849.57,10361.03,0.3119796089200436,2024,4,Apr,Q2
SO04780,2025-05-09,South,Bengaluru,Corporate,Retail Store,Office Supplies,Pens,P10077,C1492,6,856.11,0.0936,4655.99,2361.35,2294.65,0.49283825781412766,2025,5,May,Q2
SO04781,2025-07-14,Central,Bhopal,Consumer,Distributor,Furniture,Bookcases,P10100,C1502,6,7015.5,0.2329,32289.95,22544.25,9745.7,0.3018183676345117,2025,7,Jul,Q3
SO04782,2025-04-02,West,Surat,Corporate,Retail Store,Furniture,Chairs,P10085,C1173,1,12530.47,0.3297,8399.24,6342.71,2056.53,0.24484715283763772,2025,4,Apr,Q2
SO04783,2025-09-08,Central,Indore,Home Office,Online,Technology,Accessories,P10047,C1426,6,24271.2,0.2255,112792.1,75411.19,37380.91,0.3314142568495489,2025,9,Sep,Q3
SO04784,2025-12-15,West,Surat,Corporate,Online,Furniture,Bookcases,P10098,C1357,5,8147.89,0.3714,25609.64,17744.84,7864.8,0.3071031064864637,2025,12,Dec,Q4
SO04785,2025-05-14,East,Patna,Consumer,Online,Office Supplies,Binders,P10082,C1033,5,766.52,0.2657,2814.39,1606.45,1207.94,0.4292013544675756,2025,5,May,Q2
SO04786,2023-10-18,East,Patna,Home Office,Online,Office Supplies,Envelopes,P10062,C1490,10,758.7,0.2634,5588.45,3337.68,2250.77,0.4027538941924863,2023,10,Oct,Q4
SO04787,2025-07-12,North,Delhi,Consumer,Online,Furniture,Storage,P10019,C1167,9,5281.81,0.277,34370.03,26274.58,8095.45,0.23553805452017354,2025,7,Jul,Q3
SO04788,2024-03-06,Central,Nagpur,Consumer,Retail Store,Technology,Accessories,P10090,C1596,4,4709.58,0.4476,10405.69,7058.39,3347.3,0.3216797732778893,2024,3,Mar,Q1
SO04789,2023-11-03,East,Bhubaneswar,Corporate,Online,Furniture,Bookcases,P10098,C1322,8,9807.71,0.2941,55384.09,39621.46,15762.63,0.2846057414683531,2023,11,Nov,Q4
SO04790,2023-12-26,East,Guwahati,Consumer,Online,Technology,Phones,P10035,C1502,7,29553.74,0.2539,154346.96,113767.06,40579.9,0.26291350344703907,2023,12,Dec,Q4
SO04791,2023-05-21,West,Pune,Corporate,Retail Store,Furniture,Chairs,P10049,C1287,5,4783.08,0.1261,20900.18,12778.57,8121.61,0.3885904331924414,2023,5,May,Q2
SO04792,2025-05-30,North,Jaipur,Consumer,Retail Store,Technology,Printers,P10061,C1025,7,17928.52,0.1131,111300.07,78278.97,33021.11,0.2966854378438396,2025,5,May,Q2
SO04793,2025-09-26,Central,Nagpur,Consumer,Online,Furniture,Tables,P10071,C1277,3,6002.12,0.1171,15898.14,12535.14,3363.0,0.2115341794700512,2025,9,Sep,Q3
SO04794,2023-04-30,North,Chandigarh,Corporate,Online,Technology,Phones,P10058,C1521,1,15323.89,0.55,6895.75,4579.82,2315.94,0.33585034260232755,2023,4,Apr,Q2
SO04795,2025-02-02,East,Guwahati,Consumer,Retail Store,Office Supplies,Paper,P10039,C1371,1,451.4,0.1514,383.06,234.63,148.43,0.38748498929671593,2025,2,Feb,Q1
SO04796,2024-10-26,East,Kolkata,Corporate,Retail Store,Furniture,Chairs,P10072,C1133,10,11528.31,0.1622,96586.27,69567.71,27018.55,0.27973489399683826,2024,10,Oct,Q4
SO04797,2023-09-28,Central,Nagpur,Consumer,Retail Store,Technology,Accessories,P10031,C1194,2,21077.89,0.0406,40445.71,28742.6,11703.12,0.2893538029125957,2023,9,Sep,Q3
SO04798,2025-12-22,North,Jaipur,Corporate,Online,Furniture,Storage,P10039,C1421,9,5411.31,0.1566,41077.23,31388.58,9688.65,0.23586424887948867,2025,12,Dec,Q4
SO04799,2024-07-30,North,Jaipur,Home Office,Distributor,Furniture,Storage,P10091,C1570,5,10382.89,0.4779,27102.63,20327.12,6775.51,0.24999455772373383,2024,7,Jul,Q3
SO04800,2024-06-05,Central,Indore,Corporate,Retail Store,Technology,Laptops,P10100,C1042,5,30277.72,0.509,74336.09,51397.78,22938.3,0.30857555192908315,2024,6,Jun,Q2
SO04801,2024-05-14,Central,Indore,Consumer,Online,Furniture,Tables,P10018,C1449,3,7104.8,0.3049,14814.58,11310.15,3504.43,0.23655277436147362,2024,5,May,Q2
SO04802,2024-09-02,East,Guwahati,Consumer,Retail Store,Technology,Phones,P10026,C1270,2,16711.17,0.344,21926.5,14318.55,7607.96,0.34697557749754865,2024,9,Sep,Q3
SO04803,2024-04-11,West,Surat,Home Office,Distributor,Technology,Phones,P10023,C1240,3,10578.91,0.3328,21174.44,13758.31,7416.13,0.35023972298677086,2024,4,Apr,Q2
SO04804,2025-12-20,West,Ahmedabad,Consumer,Online,Office Supplies,Envelopes,P10085,C1345,9,752.83,0.1792,5561.16,2952.39,2608.77,0.4691053665062685,2025,12,Dec,Q4
SO04805,2024-04-16,East,Guwahati,Corporate,Online,Office Supplies,Paper,P10087,C1353,8,883.49,0.3991,4246.83,2400.55,1846.28,0.43474309072884953,2024,4,Apr,Q2
SO04806,2025-03-25,Central,Raipur,Consumer,Retail Store,Furniture,Chairs,P10093,C1320,5,9249.64,0.2462,34863.05,25629.43,9233.62,0.2648540503484348,2025,3,Mar,Q1
SO04807,2025-12-17,West,Pune,Home Office,Online,Technology,Phones,P10080,C1551,5,27750.87,0.1649,115869.16,81081.57,34787.58,0.300231571541556,2025,12,Dec,Q4
SO04808,2025-09-24,Central,Bhopal,Home Office,Online,Technology,Phones,P10098,C1306,9,19009.99,0.1037,153351.45,101113.66,52237.79,0.3406409916567466,2025,9,Sep,Q3
SO04809,2023-07-25,South,Kochi,Consumer,Retail Store,Furniture,Chairs,P10015,C1321,9,9818.58,0.198,70874.09,50659.63,20214.46,0.285216501545205,2023,7,Jul,Q3
SO04810,2025-05-26,South,Bengaluru,Corporate,Online,Technology,Phones,P10069,C1008,3,30430.96,0.3358,60640.65,40024.91,20615.74,0.33996568308552105,2025,5,May,Q2
SO04811,2023-10-30,South,Bengaluru,Consumer,Online,Technology,Printers,P10059,C1349,8,32822.8,0.429,149932.77,106174.32,43758.45,0.29185380887713874,2023,10,Oct,Q4
SO04812,2023-11-17,South,Chennai,Consumer,Retail Store,Technology,Phones,P10024,C1073,8,19259.46,0.2296,118697.47,77949.81,40747.66,0.343290046535954,2023,11,Nov,Q4
SO04813,2024-03-07,Central,Bhopal,Corporate,Distributor,Technology,Accessories,P10034,C1230,4,16822.06,0.1345,58236.07,37195.47,21040.6,0.3612984186604625,2024,3,Mar,Q1
SO04814,2025-07-09,North,Lucknow,Consumer,Online,Technology,Accessories,P10086,C1454,2,26965.0,0.2583,40001.25,29134.08,10867.17,0.271670760288741,2025,7,Jul,Q3
SO04815,2024-12-20,North,Chandigarh,Corporate,Distributor,Furniture,Storage,P10020,C1280,3,6175.93,0.4456,10271.99,6637.17,3634.81,0.35385645819359246,2024,12,Dec,Q4
SO04816,2024-12-27,West,Ahmedabad,Consumer,Retail Store,Office Supplies,Pens,P10072,C1121,1,984.3,0.3859,604.43,366.25,238.18,0.39405721092599644,2024,12,Dec,Q4
SO04817,2025-06-16,East,Guwahati,Home Office,Online,Technology,Printers,P10030,C1487,4,10471.77,0.4788,21831.17,14128.34,7702.82,0.35283587640973896,2025,6,Jun,Q2
SO04818,2024-06-24,South,Kochi,Corporate,Retail Store,Office Supplies,Pens,P10020,C1524,2,1312.76,0.0186,2576.76,1403.76,1173.01,0.4552267188251913,2024,6,Jun,Q2
SO04819,2025-07-13,West,Pune,Consumer,Retail Store,Office Supplies,Binders,P10078,C1381,7,1174.83,0.1136,7289.58,4402.82,2886.76,0.3960118415601448,2025,7,Jul,Q3
SO04820,2023-11-19,North,Delhi,Corporate,Distributor,Office Supplies,Envelopes,P10088,C1340,8,435.39,0.0571,3284.1,2098.98,1185.12,0.36086599068237873,2023,11,Nov,Q4
SO04821,2023-07-31,East,Guwahati,Corporate,Online,Office Supplies,Envelopes,P10085,C1150,2,1350.47,0.319,1839.45,1253.06,586.39,0.31878550653728016,2023,7,Jul,Q3
SO04822,2023-12-09,Central,Bhopal,Corporate,Online,Furniture,Tables,P10055,C1175,10,6776.04,0.5331,31639.76,21448.72,10191.04,0.32209599567126934,2023,12,Dec,Q4
SO04823,2025-06-16,East,Bhubaneswar,Consumer,Online,Technology,Laptops,P10098,C1223,10,19153.63,0.2813,137652.74,88227.5,49425.24,0.3590574368516021,2025,6,Jun,Q2
SO04824,2024-08-02,Central,Bhopal,Consumer,Distributor,Office Supplies,Binders,P10073,C1141,1,1198.92,0.1473,1022.35,626.93,395.42,0.3867755660977161,2024,8,Aug,Q3
SO04825,2023-10-26,West,Ahmedabad,Corporate,Online,Furniture,Bookcases,P10060,C1131,6,7022.56,0.481,21868.17,15463.01,6405.16,0.29289876564888606,2023,10,Oct,Q4
SO04826,2024-09-01,South,Kochi,Corporate,Retail Store,Technology,Accessories,P10053,C1504,8,28458.67,0.0846,208415.93,135044.01,73371.92,0.3520456425763616,2024,9,Sep,Q3
SO04827,2025-08-16,West,Surat,Consumer,Distributor,Furniture,Tables,P10063,C1324,6,11402.14,0.3851,42065.69,28334.42,13731.26,0.32642421888241935,2025,8,Aug,Q3
SO04828,2023-01-03,East,Kolkata,Corporate,Distributor,Furniture,Bookcases,P10010,C1078,4,9449.31,0.4351,21353.32,17297.25,4056.07,0.18995032154250488,2023,1,Jan,Q1
SO04829,2023-11-19,Central,Indore,Home Office,Online,Furniture,Bookcases,P10054,C1463,7,5228.33,0.1666,30501.84,19868.49,10633.34,0.3486130672772528,2023,11,Nov,Q4
SO04830,2024-06-01,North,Jaipur,Consumer,Online,Furniture,Storage,P10095,C1339,9,6681.13,0.3517,38983.82,28616.92,10366.9,0.26592827485864645,2024,6,Jun,Q2
SO04831,2024-10-24,North,Delhi,Consumer,Retail Store,Technology,Phones,P10090,C1216,4,10768.74,0.2935,30432.84,18335.74,12097.1,0.39750151481097395,2024,10,Oct,Q4
SO04832,2023-06-29,East,Bhubaneswar,Consumer,Retail Store,Furniture,Bookcases,P10004,C1006,1,5879.24,0.37,3704.17,2950.49,753.68,0.20346798338089234,2023,6,Jun,Q2
SO04833,2024-09-05,North,Jaipur,Consumer,Online,Office Supplies,Envelopes,P10067,C1171,6,1103.49,0.0752,6122.7,3487.64,2635.06,0.43037548793832786,2024,9,Sep,Q3
SO04834,2025-09-02,Central,Raipur,Consumer,Online,Furniture,Tables,P10086,C1478,6,6770.95,0.2288,31331.84,20774.76,10557.08,0.3369441437208922,2025,9,Sep,Q3
SO04835,2025-08-06,East,Patna,Home Office,Retail Store,Office Supplies,Binders,P10098,C1390,5,939.22,0.0587,4420.31,2232.5,2187.81,0.49494492467722845,2025,8,Aug,Q3
SO04836,2024-01-16,North,Jaipur,Consumer,Online,Office Supplies,Pens,P10046,C1156,2,1265.56,0.3328,1688.73,1044.58,644.15,0.38144049078301445,2024,1,Jan,Q1
SO04837,2025-07-09,South,Chennai,Corporate,Retail Store,Technology,Accessories,P10094,C1127,9,11923.7,0.1928,86620.52,61299.31,25321.21,0.2923234586908506,2025,7,Jul,Q3
SO04838,2024-12-24,Central,Bhopal,Consumer,Online,Office Supplies,Pens,P10062,C1045,10,836.83,0.3035,5828.65,4007.02,1821.63,0.31253034579190725,2024,12,Dec,Q4
SO04839,2023-05-15,West,Pune,Home Office,Retail Store,Office Supplies,Binders,P10056,C1017,4,826.47,0.2667,2424.27,1533.59,890.67,0.3673971958568971,2023,5,May,Q2
SO04840,2024-05-09,West,Mumbai,Consumer,Distributor,Technology,Printers,P10004,C1027,8,19412.54,0.1286,135331.5,87696.06,47635.44,0.3519907782001973,2024,5,May,Q2
SO04841,2023-04-25,South,Bengaluru,Home Office,Retail Store,Technology,Printers,P10026,C1256,8,19422.35,0.1869,126333.62,75479.58,50854.04,0.40253766178789147,2023,4,Apr,Q2
SO04842,2023-07-13,West,Surat,Consumer,Online,Office Supplies,Pens,P10097,C1169,3,630.81,0.1998,1514.23,828.47,685.76,0.45287703981561583,2023,7,Jul,Q3
SO04843,2025-01-04,South,Bengaluru,Consumer,Online,Technology,Accessories,P10072,C1072,2,19582.12,0.354,25301.96,15700.22,9601.74,0.37948601610310034,2025,1,Jan,Q1
SO04844,2025-01-11,West,Pune,Home Office,Distributor,Office Supplies,Binders,P10082,C1315,2,846.04,0.0706,1572.63,995.38,577.25,0.3670602748262465,2025,1,Jan,Q1
SO04845,2023-05-25,Central,Nagpur,Home Office,Online,Technology,Printers,P10030,C1459,1,17076.66,0.1336,14794.45,10968.19,3826.26,0.25862806660605836,2023,5,May,Q2
SO04846,2024-09-04,East,Bhubaneswar,Home Office,Online,Technology,Phones,P10085,C1164,7,5380.74,0.4188,21892.29,16442.46,5449.83,0.24893832486231451,2024,9,Sep,Q3
SO04847,2023-08-03,South,Chennai,Consumer,Retail Store,Office Supplies,Paper,P10021,C1211,2,798.47,0.3958,964.94,545.59,419.36,0.4345969697597778,2023,8,Aug,Q3
SO04848,2023-08-05,South,Chennai,Corporate,Online,Furniture,Storage,P10083,C1487,4,13510.28,0.3205,36719.12,28860.9,7858.22,0.21400894139075227,2023,8,Aug,Q3
SO04849,2024-04-13,South,Hyderabad,Corporate,Retail Store,Office Supplies,Pens,P10024,C1572,8,1009.6,0.2616,5963.9,3444.12,2519.78,0.42250540753533766,2024,4,Apr,Q2
SO04850,2025-02-19,East,Guwahati,Home Office,Online,Office Supplies,Paper,P10083,C1237,6,1029.6,0.0933,5601.06,3432.34,2168.72,0.3871981374954026,2025,2,Feb,Q1
SO04851,2023-03-25,Central,Indore,Corporate,Retail Store,Furniture,Bookcases,P10079,C1586,6,7771.87,0.2624,34395.66,24652.77,9742.89,0.2832592832932992,2023,3,Mar,Q1
SO04852,2024-09-12,Central,Bhopal,Corporate,Distributor,Furniture,Storage,P10064,C1300,2,6998.79,0.186,11394.64,8349.17,3045.47,0.2672721560312568,2024,9,Sep,Q3
SO04853,2023-01-27,West,Ahmedabad,Consumer,Retail Store,Technology,Accessories,P10031,C1501,2,15671.53,0.4833,16193.58,9655.39,6538.18,0.40375136319454996,2023,1,Jan,Q1
SO04854,2025-10-08,North,Delhi,Corporate,Retail Store,Technology,Phones,P10008,C1299,4,27628.4,0.2305,85039.53,53505.44,31534.09,0.3708168424731416,2025,10,Oct,Q4
SO04855,2025-09-20,North,Jaipur,Corporate,Online,Furniture,Bookcases,P10054,C1127,10,13703.23,0.1918,110753.97,78933.96,31820.02,0.2873036515079324,2025,9,Sep,Q3
SO04856,2023-08-23,West,Mumbai,Consumer,Online,Office Supplies,Pens,P10025,C1110,3,1187.65,0.3025,2485.33,1398.56,1086.76,0.4372698997718613,2023,8,Aug,Q3
SO04857,2025-08-08,East,Patna,Corporate,Distributor,Furniture,Chairs,P10089,C1233,1,13952.86,0.3405,9201.32,6484.2,2717.12,0.2952967617689636,2025,8,Aug,Q3
SO04858,2025-02-16,West,Mumbai,Consumer,Online,Office Supplies,Pens,P10048,C1516,7,1033.68,0.1836,5906.95,3315.15,2591.8,0.4387712779014551,2025,2,Feb,Q1
SO04859,2023-04-02,East,Bhubaneswar,Home Office,Distributor,Office Supplies,Envelopes,P10015,C1191,4,200.69,0.55,361.25,174.28,186.97,0.5175640138408304,2023,4,Apr,Q2
SO04860,2023-02-25,North,Lucknow,Corporate,Distributor,Technology,Printers,P10032,C1272,5,33730.85,0.098,152125.99,97143.13,54982.86,0.361429759635418,2023,2,Feb,Q1
SO04861,2025-10-30,West,Ahmedabad,Consumer,Online,Technology,Printers,P10080,C1344,10,23081.87,0.2415,175081.36,121193.13,53888.23,0.3077896470532329,2025,10,Oct,Q4
SO04862,2024-06-11,Central,Bhopal,Consumer,Online,Technology,Printers,P10076,C1178,3,20774.76,0.1496,53000.18,34886.88,18113.3,0.3417592166668113,2024,6,Jun,Q2
SO04863,2024-01-10,North,Lucknow,Consumer,Retail Store,Technology,Accessories,P10084,C1123,10,29072.83,0.0701,270342.65,181398.0,88944.64,0.3290070582647614,2024,1,Jan,Q1
SO04864,2023-09-12,South,Hyderabad,Consumer,Online,Office Supplies,Envelopes,P10036,C1198,8,1694.28,0.228,10464.53,6855.38,3609.15,0.3448936550423191,2023,9,Sep,Q3
SO04865,2024-10-01,Central,Bhopal,Consumer,Retail Store,Technology,Laptops,P10095,C1020,4,7299.92,0.3477,19046.0,11792.77,7253.23,0.38082694529034966,2024,10,Oct,Q4
SO04866,2024-04-13,West,Ahmedabad,Consumer,Distributor,Furniture,Chairs,P10086,C1556,4,8651.56,0.2105,27320.14,19984.52,7335.61,0.2685055786683377,2024,4,Apr,Q2
SO04867,2024-01-31,North,Lucknow,Home Office,Online,Technology,Laptops,P10061,C1522,2,27055.09,0.1019,48595.02,33160.21,15434.81,0.31762122950047145,2024,1,Jan,Q1
SO04868,2024-04-21,Central,Nagpur,Consumer,Distributor,Technology,Laptops,P10006,C1040,1,8863.71,0.1097,7890.98,5648.64,2242.35,0.28416622523438156,2024,4,Apr,Q2
SO04869,2023-07-16,West,Pune,Consumer,Retail Store,Office Supplies,Envelopes,P10038,C1070,1,760.02,0.2358,580.78,364.89,215.89,0.3717242329281311,2023,7,Jul,Q3
SO04870,2025-05-19,North,Delhi,Consumer,Retail Store,Technology,Phones,P10086,C1393,5,22925.64,0.228,88487.57,53384.98,35102.59,0.39669515164672275,2025,5,May,Q2
SO04871,2023-12-24,West,Ahmedabad,Corporate,Retail Store,Office Supplies,Paper,P10029,C1185,7,1077.69,0.2017,6021.96,3339.0,2682.96,0.44552936253312875,2023,12,Dec,Q4
SO04872,2024-12-25,Central,Bhopal,Consumer,Distributor,Technology,Laptops,P10078,C1492,4,26173.1,0.3555,67469.05,51208.57,16260.48,0.24100650594605968,2024,12,Dec,Q4
SO04873,2023-12-30,West,Mumbai,Consumer,Online,Furniture,Bookcases,P10047,C1581,9,10279.35,0.0838,84757.42,62627.5,22129.92,0.2610971405217384,2023,12,Dec,Q4
SO04874,2024-06-28,South,Hyderabad,Home Office,Retail Store,Office Supplies,Pens,P10052,C1451,1,1134.2,0.2319,871.15,526.53,344.62,0.3955920335189118,2024,6,Jun,Q2
SO04875,2024-10-24,Central,Indore,Corporate,Retail Store,Furniture,Chairs,P10052,C1500,2,12170.17,0.4409,13608.5,9740.71,3867.79,0.2842186868501304,2024,10,Oct,Q4
SO04876,2023-04-11,North,Lucknow,Corporate,Retail Store,Office Supplies,Binders,P10045,C1598,5,1139.28,0.164,4761.95,2760.82,2001.13,0.4202333077835761,2023,4,Apr,Q2
SO04877,2025-01-12,Central,Raipur,Consumer,Online,Furniture,Storage,P10008,C1204,8,11128.2,0.417,51899.25,36606.66,15292.59,0.2946591713753089,2025,1,Jan,Q1
SO04878,2023-10-16,East,Guwahati,Home Office,Retail Store,Technology,Printers,P10059,C1109,8,22404.75,0.3816,110837.3,70820.35,40016.94,0.36104217623489565,2023,10,Oct,Q4
SO04879,2025-02-09,East,Patna,Consumer,Retail Store,Technology,Laptops,P10050,C1281,9,17400.73,0.5012,78117.02,46057.06,32059.96,0.41040940885865845,2025,2,Feb,Q1
SO04880,2024-02-13,Central,Nagpur,Consumer,Online,Technology,Phones,P10075,C1301,5,12354.51,0.2053,49090.15,31242.53,17847.61,0.36356804776518303,2024,2,Feb,Q1
SO04881,2025-08-02,Central,Bhopal,Consumer,Online,Office Supplies,Envelopes,P10011,C1050,8,862.59,0.3441,4526.38,2300.09,2226.28,0.4918455807952492,2025,8,Aug,Q3
SO04882,2025-08-13,North,Delhi,Consumer,Online,Furniture,Storage,P10019,C1512,6,6397.1,0.1435,32872.87,25900.09,6972.79,0.21211381908546467,2025,8,Aug,Q3
SO04883,2025-08-28,Central,Raipur,Home Office,Distributor,Technology,Printers,P10025,C1368,8,38323.79,0.0743,283800.07,192494.01,91306.07,0.3217267353034832,2025,8,Aug,Q3
SO04884,2024-01-12,Central,Nagpur,Home Office,Online,Office Supplies,Pens,P10016,C1078,8,919.77,0.1923,5943.44,3162.98,2780.46,0.46781998304012495,2024,1,Jan,Q1
SO04885,2024-03-11,South,Hyderabad,Consumer,Online,Furniture,Chairs,P10038,C1437,10,6385.4,0.2194,49844.82,36541.39,13303.43,0.2668969413471651,2024,3,Mar,Q1
SO04886,2023-01-06,North,Delhi,Consumer,Online,Technology,Accessories,P10072,C1274,1,26464.18,0.5102,12963.34,8990.88,3972.46,0.30643800131756166,2023,1,Jan,Q1
SO04887,2023-05-16,North,Delhi,Consumer,Online,Furniture,Bookcases,P10064,C1597,5,9339.78,0.4435,25986.08,19104.28,6881.81,0.264826784185995,2023,5,May,Q2
SO04888,2024-04-08,Central,Raipur,Consumer,Online,Office Supplies,Pens,P10013,C1382,9,1083.91,0.358,6262.77,3680.15,2582.62,0.412376632065364,2024,4,Apr,Q2
SO04889,2024-01-21,East,Kolkata,Home Office,Online,Technology,Printers,P10094,C1578,4,33328.06,0.5095,65386.02,44063.7,21322.32,0.3260990652130226,2024,1,Jan,Q1
SO04890,2023-06-01,North,Delhi,Consumer,Online,Furniture,Bookcases,P10030,C1342,7,7586.48,0.2539,39621.85,26593.55,13028.3,0.3288160446824164,2023,6,Jun,Q2
SO04891,2025-04-05,West,Surat,Consumer,Distributor,Technology,Printers,P10086,C1183,1,25117.89,0.103,22530.46,14236.36,8294.1,0.3681283027510313,2025,4,Apr,Q2
SO04892,2025-03-19,East,Bhubaneswar,Consumer,Online,Furniture,Chairs,P10096,C1327,9,8104.93,0.1759,60113.32,42234.07,17879.26,0.29742592823021585,2025,3,Mar,Q1
SO04893,2025-09-27,North,Delhi,Consumer,Distributor,Furniture,Tables,P10090,C1580,2,5892.3,0.1249,10312.84,7141.06,3171.78,0.3075564054130579,2025,9,Sep,Q3
SO04894,2025-09-17,North,Chandigarh,Home Office,Online,Office Supplies,Binders,P10086,C1340,3,888.28,0.2685,1949.29,971.7,977.59,0.5015108064987766,2025,9,Sep,Q3
SO04895,2025-04-17,West,Surat,Home Office,Distributor,Technology,Phones,P10077,C1081,8,25124.5,0.0358,193796.64,128022.31,65774.33,0.33939871196941285,2025,4,Apr,Q2
SO04896,2024-06-19,East,Kolkata,Home Office,Retail Store,Technology,Printers,P10062,C1175,9,17966.4,0.0976,145912.86,98873.21,47039.65,0.32238179691632396,2024,6,Jun,Q2
SO04897,2023-11-28,Central,Raipur,Corporate,Retail Store,Furniture,Tables,P10034,C1402,8,7138.82,0.1735,47201.32,32863.02,14338.29,0.3037688352783355,2023,11,Nov,Q4
SO04898,2023-11-06,East,Patna,Consumer,Online,Furniture,Storage,P10009,C1080,2,9994.18,0.2534,14922.96,11269.58,3653.38,0.24481604185764758,2023,11,Nov,Q4
SO04899,2023-07-12,Central,Raipur,Home Office,Retail Store,Furniture,Storage,P10091,C1005,4,11691.78,0.2814,33607.04,25413.71,8193.33,0.2437980256517682,2023,7,Jul,Q3
SO04900,2025-02-11,West,Surat,Corporate,Online,Technology,Laptops,P10019,C1184,1,35627.19,0.1825,29123.5,20371.61,8751.89,0.30050955414012737,2025,2,Feb,Q1
SO04901,2025-05-12,South,Bengaluru,Consumer,Online,Furniture,Tables,P10059,C1035,1,6353.49,0.3604,4063.54,2629.3,1434.24,0.3529533362536114,2025,5,May,Q2
SO04902,2025-10-19,South,Bengaluru,Consumer,Distributor,Furniture,Chairs,P10022,C1165,8,3241.19,0.2111,20456.36,15281.18,5175.18,0.25298635729914803,2025,10,Oct,Q4
SO04903,2024-01-20,South,Bengaluru,Consumer,Distributor,Office Supplies,Binders,P10037,C1075,4,750.29,0.1616,2516.05,1526.04,990.0,0.3934738975775521,2024,1,Jan,Q1
SO04904,2024-08-12,West,Mumbai,Consumer,Online,Technology,Accessories,P10073,C1044,1,20071.75,0.1828,16403.51,11860.47,4543.05,0.27695596857014143,2024,8,Aug,Q3
SO04905,2024-06-08,West,Pune,Home Office,Retail Store,Office Supplies,Envelopes,P10093,C1377,8,542.66,0.2468,3269.7,1741.16,1528.54,0.46748631372908833,2024,6,Jun,Q2
SO04906,2025-09-28,West,Ahmedabad,Consumer,Online,Technology,Printers,P10008,C1313,7,27607.51,0.3118,133001.83,86395.89,46605.94,0.3504157799934032,2025,9,Sep,Q3
SO04907,2024-09-03,South,Bengaluru,Consumer,Online,Office Supplies,Paper,P10050,C1353,4,610.44,0.2328,1873.29,1121.39,751.9,0.4013793913382338,2024,9,Sep,Q3
SO04908,2025-05-16,North,Chandigarh,Consumer,Retail Store,Furniture,Storage,P10002,C1410,2,7049.53,0.1133,12501.29,8215.09,4286.2,0.3428606167843478,2025,5,May,Q2
SO04909,2023-01-29,Central,Nagpur,Corporate,Online,Technology,Accessories,P10059,C1236,1,15107.83,0.4781,7884.03,4762.03,3122.0,0.3959903754805601,2023,1,Jan,Q1
SO04910,2024-04-04,North,Delhi,Consumer,Online,Technology,Printers,P10033,C1002,8,20444.1,0.55,73598.74,52392.18,21206.57,0.2881376773569765,2024,4,Apr,Q2
SO04911,2023-02-03,East,Kolkata,Corporate,Online,Furniture,Tables,P10017,C1147,10,5630.66,0.1226,49401.7,34798.16,14603.54,0.29560804587696377,2023,2,Feb,Q1
SO04912,2024-11-14,East,Kolkata,Corporate,Online,Office Supplies,Envelopes,P10018,C1116,8,1020.27,0.2497,6123.91,3561.24,2562.67,0.41846957254433853,2024,11,Nov,Q4
SO04913,2025-10-28,North,Lucknow,Corporate,Online,Technology,Phones,P10071,C1400,10,17860.17,0.4921,90717.1,66234.6,24482.49,0.26987734396271484,2025,10,Oct,Q4
SO04914,2024-11-02,Central,Raipur,Consumer,Distributor,Technology,Laptops,P10020,C1592,1,13878.64,0.55,6245.39,4236.27,2009.12,0.3216964833261013,2024,11,Nov,Q4
SO04915,2024-04-19,Central,Nagpur,Corporate,Online,Technology,Phones,P10077,C1363,1,29259.57,0.277,21155.47,14853.16,6302.32,0.29790498627541717,2024,4,Apr,Q2
SO04916,2024-05-26,North,Delhi,Corporate,Online,Furniture,Tables,P10084,C1417,7,10603.84,0.55,33402.09,23691.8,9710.29,0.29070905443342027,2024,5,May,Q2
SO04917,2023-10-05,North,Delhi,Corporate,Distributor,Furniture,Storage,P10031,C1417,9,6237.27,0.2963,39502.82,28888.31,10614.51,0.2687025888278356,2023,10,Oct,Q4
SO04918,2024-03-28,West,Mumbai,Consumer,Retail Store,Technology,Phones,P10012,C1386,5,25599.52,0.1011,115062.24,79392.72,35669.52,0.31000196067797736,2024,3,Mar,Q1
SO04919,2025-01-06,North,Lucknow,Home Office,Online,Furniture,Chairs,P10087,C1105,8,9842.29,0.3985,47360.36,32402.63,14957.74,0.3158282580622276,2025,1,Jan,Q1
SO04920,2025-12-28,North,Lucknow,Consumer,Retail Store,Technology,Laptops,P10064,C1161,1,20234.45,0.0908,18396.32,12288.42,6107.91,0.3320180340415909,2025,12,Dec,Q4
SO04921,2024-04-20,West,Pune,Corporate,Online,Furniture,Chairs,P10060,C1321,9,14394.84,0.3436,85040.82,63683.25,21357.58,0.25114503834746654,2024,4,Apr,Q2
SO04922,2023-08-13,Central,Raipur,Consumer,Online,Technology,Printers,P10046,C1504,8,29950.06,0.3888,146450.16,104131.19,42318.97,0.2889649966923901,2023,8,Aug,Q3
SO04923,2024-03-06,Central,Bhopal,Consumer,Online,Technology,Printers,P10060,C1550,10,20429.79,0.3749,127698.5,81721.05,45977.45,0.3600469073638296,2024,3,Mar,Q1
SO04924,2023-06-26,North,Jaipur,Consumer,Online,Office Supplies,Pens,P10024,C1431,4,608.81,0.2385,1854.34,1166.49,687.85,0.3709406042041913,2023,6,Jun,Q2
SO04925,2025-11-23,Central,Indore,Consumer,Online,Furniture,Storage,P10081,C1243,10,11843.75,0.1907,95856.1,66263.01,29593.09,0.3087241187571787,2025,11,Nov,Q4
SO04926,2024-06-25,South,Chennai,Consumer,Retail Store,Furniture,Storage,P10032,C1591,8,8765.13,0.4582,37989.05,30756.1,7232.95,0.1903956534843593,2024,6,Jun,Q2
SO04927,2023-07-05,North,Jaipur,Home Office,Distributor,Office Supplies,Envelopes,P10094,C1147,7,1151.21,0.0591,7582.0,4897.92,2684.07,0.35400553943550517,2023,7,Jul,Q3
SO04928,2025-02-01,West,Pune,Home Office,Online,Furniture,Tables,P10090,C1097,2,7400.97,0.1692,12297.14,9009.19,3287.95,0.2673751782934894,2025,2,Feb,Q1
SO04929,2025-02-28,East,Bhubaneswar,Consumer,Online,Furniture,Chairs,P10062,C1074,5,8238.96,0.3087,28477.36,19365.46,9111.9,0.31996996912635156,2025,2,Feb,Q1
SO04930,2024-09-17,West,Pune,Consumer,Online,Technology,Phones,P10045,C1120,8,27047.96,0.3219,146728.6,105527.05,41201.55,0.28080108445115676,2024,9,Sep,Q3
SO04931,2023-01-19,Central,Bhopal,Consumer,Distributor,Furniture,Bookcases,P10032,C1308,5,3055.32,0.4247,8788.19,6379.77,2408.42,0.27405188099028355,2023,1,Jan,Q1
SO04932,2024-02-10,West,Pune,Consumer,Online,Furniture,Chairs,P10062,C1210,8,10106.5,0.4371,45512.75,32134.11,13378.64,0.2939536723225909,2024,2,Feb,Q1
SO04933,2023-04-18,East,Guwahati,Consumer,Retail Store,Furniture,Chairs,P10001,C1565,10,8415.81,0.3772,52415.03,40109.33,12305.69,0.23477407148293153,2023,4,Apr,Q2
SO04934,2023-04-19,East,Kolkata,Home Office,Online,Technology,Laptops,P10042,C1415,6,19599.32,0.4248,67646.21,47401.89,20244.32,0.2992676160275646,2023,4,Apr,Q2
SO04935,2024-03-09,South,Hyderabad,Consumer,Retail Store,Office Supplies,Envelopes,P10008,C1440,2,1015.89,0.0882,1852.53,1047.94,804.59,0.4343195521799917,2024,3,Mar,Q1
SO04936,2025-08-01,South,Hyderabad,Corporate,Online,Furniture,Tables,P10045,C1019,7,8371.48,0.2386,44616.3,31015.64,13600.66,0.3048361249139888,2025,8,Aug,Q3
SO04937,2023-11-06,Central,Indore,Corporate,Online,Technology,Accessories,P10010,C1322,8,21590.07,0.4547,94184.68,60993.7,33190.98,0.35240317215071504,2023,11,Nov,Q4
SO04938,2024-05-10,West,Pune,Consumer,Retail Store,Furniture,Bookcases,P10077,C1085,6,8921.82,0.0556,50556.97,36570.62,13986.36,0.2766455347304239,2024,5,May,Q2
SO04939,2025-05-30,West,Surat,Corporate,Retail Store,Technology,Phones,P10008,C1204,1,23255.29,0.0484,22129.42,15715.76,6413.66,0.28982503834262263,2025,5,May,Q2
SO04940,2023-03-01,North,Delhi,Corporate,Retail Store,Office Supplies,Binders,P10038,C1272,2,433.53,0.2414,657.72,385.87,271.86,0.41333698230249954,2023,3,Mar,Q1
SO04941,2023-12-08,East,Guwahati,Home Office,Retail Store,Furniture,Chairs,P10079,C1310,9,10093.61,0.4334,51466.87,37718.74,13748.13,0.2671258228837308,2023,12,Dec,Q4
SO04942,2023-03-01,West,Mumbai,Corporate,Retail Store,Office Supplies,Binders,P10079,C1217,1,656.67,0.0853,600.67,340.47,260.2,0.43318294571062316,2023,3,Mar,Q1
SO04943,2024-04-16,South,Chennai,Consumer,Distributor,Furniture,Bookcases,P10032,C1089,7,9862.3,0.1515,58577.93,42559.58,16018.36,0.27345384174551746,2024,4,Apr,Q2
SO04944,2024-03-17,Central,Nagpur,Corporate,Online,Technology,Printers,P10012,C1312,7,34410.6,0.3178,164331.89,122191.84,42140.05,0.25643257678104964,2024,3,Mar,Q1
SO04945,2025-08-22,West,Mumbai,Consumer,Distributor,Office Supplies,Envelopes,P10099,C1077,10,562.15,0.318,3833.96,2387.15,1446.81,0.3773670043505931,2025,8,Aug,Q3
SO04946,2025-12-05,West,Mumbai,Home Office,Online,Technology,Laptops,P10083,C1499,10,25902.35,0.4157,151345.68,115012.88,36332.8,0.24006499557833436,2025,12,Dec,Q4
SO04947,2024-04-16,Central,Bhopal,Consumer,Distributor,Furniture,Bookcases,P10050,C1048,8,5213.59,0.1412,35818.57,24903.08,10915.49,0.30474388005998004,2024,4,Apr,Q2
SO04948,2024-04-08,East,Patna,Home Office,Online,Furniture,Storage,P10098,C1589,6,7351.85,0.5449,20075.68,13518.67,6557.02,0.32661508850509674,2024,4,Apr,Q2
SO04949,2023-01-10,East,Bhubaneswar,Consumer,Online,Furniture,Tables,P10077,C1432,3,8838.97,0.2074,21017.25,15376.51,5640.74,0.26838620656841405,2023,1,Jan,Q1
SO04950,2023-07-04,South,Kochi,Home Office,Retail Store,Technology,Printers,P10005,C1434,3,25595.53,0.4215,44422.8,31996.47,12426.33,0.27972865285393983,2023,7,Jul,Q3
SO04951,2025-01-02,North,Delhi,Consumer,Retail Store,Furniture,Tables,P10056,C1474,1,11852.73,0.5342,5520.55,4129.83,1390.72,0.2519169285669,2025,1,Jan,Q1
SO04952,2023-03-16,West,Ahmedabad,Consumer,Retail Store,Furniture,Tables,P10005,C1037,1,7690.78,0.55,3460.85,2601.38,859.47,0.24834072554430273,2023,3,Mar,Q1
SO04953,2023-01-09,East,Patna,Consumer,Online,Technology,Printers,P10089,C1513,5,17680.64,0.1033,79273.27,48818.64,30454.63,0.3841727482668496,2023,1,Jan,Q1
SO04954,2025-05-09,North,Jaipur,Consumer,Retail Store,Office Supplies,Binders,P10079,C1513,3,810.57,0.2286,1875.76,1292.86,582.91,0.3107593722011345,2025,5,May,Q2
SO04955,2023-02-04,Central,Bhopal,Consumer,Online,Office Supplies,Envelopes,P10082,C1279,9,811.75,0.0644,6835.36,4141.78,2693.58,0.39406556494464084,2023,2,Feb,Q1
SO04956,2025-08-11,East,Patna,Consumer,Retail Store,Furniture,Storage,P10096,C1084,9,8090.92,0.4243,41924.24,29162.18,12762.07,0.3044079033990837,2025,8,Aug,Q3
SO04957,2024-11-23,South,Chennai,Corporate,Distributor,Technology,Phones,P10098,C1182,2,16181.5,0.184,26408.96,18624.07,7784.89,0.2947821496946491,2024,11,Nov,Q4
SO04958,2025-06-25,West,Surat,Consumer,Distributor,Office Supplies,Paper,P10028,C1600,1,1436.23,0.3356,954.19,536.96,417.23,0.43726092287699514,2025,6,Jun,Q2
SO04959,2025-07-14,East,Guwahati,Consumer,Retail Store,Technology,Accessories,P10085,C1283,3,17984.56,0.0722,50056.43,31993.31,18063.11,0.36085493911571404,2025,7,Jul,Q3
SO04960,2025-07-12,South,Kochi,Consumer,Retail Store,Technology,Phones,P10045,C1418,5,23631.68,0.2528,88291.34,60583.43,27707.92,0.31382375666741497,2025,7,Jul,Q3
SO04961,2023-10-20,East,Patna,Corporate,Distributor,Technology,Accessories,P10098,C1138,5,18698.36,0.2734,67926.68,40038.13,27888.55,0.41056842466023663,2023,10,Oct,Q4
SO04962,2025-07-14,South,Chennai,Consumer,Online,Office Supplies,Pens,P10072,C1149,2,786.56,0.081,1445.77,784.2,661.57,0.4575900731098308,2025,7,Jul,Q3
SO04963,2025-11-20,West,Pune,Home Office,Distributor,Office Supplies,Envelopes,P10005,C1043,10,764.42,0.1484,6509.83,4037.42,2472.41,0.379796400213216,2025,11,Nov,Q4
SO04964,2025-09-15,Central,Indore,Corporate,Distributor,Technology,Accessories,P10011,C1053,9,28417.26,0.2941,180528.02,117892.03,62635.98,0.34695987913676785,2025,9,Sep,Q3
SO04965,2024-11-20,North,Jaipur,Corporate,Online,Office Supplies,Paper,P10021,C1357,1,847.6,0.3815,524.26,263.96,260.3,0.4965093655819632,2024,11,Nov,Q4
SO04966,2025-08-25,South,Hyderabad,Home Office,Retail Store,Furniture,Chairs,P10074,C1012,2,8264.97,0.176,13620.94,10638.4,2982.54,0.21896726657631557,2025,8,Aug,Q3
SO04967,2025-06-26,Central,Indore,Home Office,Distributor,Furniture,Storage,P10025,C1517,2,8846.18,0.0876,16143.3,12332.07,3811.22,0.2360867976188264,2025,6,Jun,Q2
SO04968,2025-03-16,South,Kochi,Corporate,Retail Store,Technology,Laptops,P10054,C1187,5,16404.15,0.2762,59367.67,35343.83,24023.84,0.40466199869390196,2025,3,Mar,Q1
SO04969,2023-03-29,North,Delhi,Home Office,Online,Technology,Printers,P10009,C1023,6,9735.92,0.2267,45170.88,28322.03,16848.85,0.373002474160344,2023,3,Mar,Q1
SO04970,2025-11-14,East,Guwahati,Corporate,Online,Office Supplies,Pens,P10007,C1313,6,1147.03,0.2381,5243.69,2944.19,2299.5,0.4385270677709781,2025,11,Nov,Q4
SO04971,2023-04-12,Central,Bhopal,Consumer,Online,Technology,Laptops,P10080,C1126,3,33155.58,0.2285,76734.78,57858.09,18876.69,0.24599914145841037,2023,4,Apr,Q2
SO04972,2023-12-12,North,Delhi,Consumer,Retail Store,Technology,Phones,P10014,C1534,6,27294.15,0.2441,123784.93,80643.86,43141.07,0.34851633393499515,2023,12,Dec,Q4
SO04973,2023-06-08,South,Chennai,Corporate,Retail Store,Office Supplies,Paper,P10006,C1214,2,1714.31,0.1474,2923.24,2039.4,883.84,0.3023494478729082,2023,6,Jun,Q2
SO04974,2024-08-29,Central,Bhopal,Consumer,Retail Store,Furniture,Storage,P10018,C1595,2,6508.49,0.2027,10378.7,7234.45,3144.25,0.30295220017921315,2024,8,Aug,Q3
SO04975,2025-12-21,North,Jaipur,Consumer,Retail Store,Technology,Phones,P10027,C1115,8,19357.37,0.2103,122289.25,81572.91,40716.34,0.3329510975003935,2025,12,Dec,Q4
SO04976,2024-03-20,North,Chandigarh,Consumer,Distributor,Technology,Accessories,P10042,C1210,8,31163.18,0.3352,165741.15,116878.38,48862.77,0.29481375023643797,2024,3,Mar,Q1
SO04977,2025-08-22,West,Ahmedabad,Home Office,Distributor,Technology,Printers,P10029,C1018,10,16203.8,0.142,139030.76,98921.63,40109.12,0.2884909785431656,2025,8,Aug,Q3
SO04978,2025-06-15,North,Chandigarh,Consumer,Online,Office Supplies,Binders,P10081,C1101,3,235.41,0.1538,597.64,365.9,231.74,0.387758516832876,2025,6,Jun,Q2
SO04979,2023-08-29,North,Lucknow,Corporate,Online,Furniture,Storage,P10019,C1032,6,9848.45,0.2374,45060.7,33900.51,11160.19,0.2476701427185996,2023,8,Aug,Q3
SO04980,2025-12-07,Central,Raipur,Consumer,Retail Store,Office Supplies,Pens,P10073,C1329,5,1111.78,0.2991,3896.1,2170.98,1725.12,0.44278124278124276,2025,12,Dec,Q4
SO04981,2025-08-29,West,Mumbai,Home Office,Online,Technology,Printers,P10038,C1098,2,40824.17,0.3196,55554.19,39169.26,16384.93,0.29493598952662253,2025,8,Aug,Q3
SO04982,2024-04-22,South,Kochi,Corporate,Online,Technology,Phones,P10052,C1263,8,20576.78,0.3297,110340.07,74317.83,36022.25,0.32646571639840355,2024,4,Apr,Q2
SO04983,2025-11-19,West,Ahmedabad,Consumer,Online,Furniture,Tables,P10015,C1281,10,6305.46,0.3386,41706.02,30687.02,11019.0,0.2642064622805053,2025,11,Nov,Q4
SO04984,2025-08-21,East,Bhubaneswar,Home Office,Online,Office Supplies,Envelopes,P10088,C1147,4,951.69,0.1569,3209.35,2091.49,1117.86,0.34831352142957295,2025,8,Aug,Q3
SO04985,2025-10-01,West,Pune,Corporate,Retail Store,Technology,Accessories,P10083,C1481,7,16943.45,0.2252,91895.31,62025.08,29870.22,0.3250461857084981,2025,10,Oct,Q4
SO04986,2024-03-19,Central,Raipur,Home Office,Retail Store,Office Supplies,Paper,P10012,C1220,5,1416.92,0.1939,5710.83,3029.52,2681.3,0.4695114370415509,2024,3,Mar,Q1
SO04987,2024-03-26,South,Bengaluru,Home Office,Online,Technology,Printers,P10023,C1379,6,26285.45,0.1042,141282.21,88320.38,52961.83,0.3748655262399987,2024,3,Mar,Q1
SO04988,2024-08-25,South,Kochi,Corporate,Online,Technology,Accessories,P10007,C1452,9,28365.62,0.4019,152679.39,106901.8,45777.58,0.2998281562429611,2024,8,Aug,Q3
SO04989,2025-01-16,South,Kochi,Consumer,Online,Furniture,Storage,P10068,C1146,1,7618.46,0.2865,5435.58,4069.3,1366.28,0.2513586406602423,2025,1,Jan,Q1
SO04990,2024-09-26,South,Chennai,Consumer,Retail Store,Technology,Laptops,P10088,C1180,10,28934.15,0.1149,256103.93,177872.22,78231.71,0.3054686040936584,2024,9,Sep,Q3
SO04991,2024-12-06,North,Delhi,Home Office,Online,Technology,Printers,P10067,C1559,1,23405.36,0.0997,21072.54,15060.87,6011.67,0.2852845456693877,2024,12,Dec,Q4
SO04992,2024-10-12,North,Jaipur,Consumer,Online,Furniture,Chairs,P10017,C1189,2,7539.52,0.3268,10151.84,6404.58,3747.26,0.3691212627464578,2024,10,Oct,Q4
SO04993,2023-05-04,Central,Raipur,Consumer,Retail Store,Technology,Laptops,P10038,C1494,4,10707.33,0.0891,39011.68,24143.29,14868.4,0.3811268830258015,2023,5,May,Q2
SO04994,2024-11-23,South,Hyderabad,Consumer,Retail Store,Technology,Laptops,P10033,C1492,3,17998.28,0.355,34828.94,20703.98,14124.97,0.40555268118983806,2024,11,Nov,Q4
SO04995,2024-06-17,East,Kolkata,Consumer,Online,Furniture,Storage,P10055,C1098,5,4910.23,0.2301,18900.8,14436.01,4464.79,0.23622227630576484,2024,6,Jun,Q2
SO04996,2025-01-21,South,Chennai,Consumer,Retail Store,Furniture,Tables,P10006,C1424,9,9986.0,0.305,62466.34,51158.57,11307.76,0.18102165102037354,2025,1,Jan,Q1
SO04997,2025-04-26,Central,Bhopal,Home Office,Retail Store,Office Supplies,Pens,P10022,C1241,5,881.3,0.3467,2878.76,1848.62,1030.14,0.3578415706762634,2025,4,Apr,Q2
SO04998,2023-02-07,East,Guwahati,Consumer,Retail Store,Office Supplies,Paper,P10016,C1165,1,1009.65,0.0552,953.93,522.85,431.09,0.4519094692482677,2023,2,Feb,Q1
SO04999,2023-12-14,South,Bengaluru,Corporate,Distributor,Office Supplies,Paper,P10042,C1273,3,841.13,0.1686,2098.01,1259.72,838.29,0.3995643490736459,2023,12,Dec,Q4
SO05000,2025-04-05,South,Hyderabad,Corporate,Retail Store,Technology,Phones,P10085,C1564,5,15950.76,0.4504,43836.57,29603.32,14233.25,0.3246889526256274,2025,4,Apr,Q2
SO05001,2025-05-24,North,Delhi,Consumer,Online,Furniture,Storage,P10008,C1194,2,5196.8,0.2674,7614.04,6061.61,1552.43,0.2038904444946441,2025,5,May,Q2
SO05002,2024-03-06,North,Chandigarh,Consumer,Online,Technology,Printers,P10068,C1491,1,25260.23,0.1661,21065.6,13448.17,7617.43,0.36160517621145377,2024,3,Mar,Q1
SO05003,2025-01-17,West,Mumbai,Consumer,Distributor,Office Supplies,Paper,P10098,C1293,2,1158.27,0.2049,1841.78,1111.49,730.29,0.39651315575150126,2025,1,Jan,Q1
SO05004,2025-12-04,West,Pune,Consumer,Retail Store,Office Supplies,Binders,P10004,C1527,9,1275.62,0.2649,8439.77,4957.72,3482.05,0.4125764090727591,2025,12,Dec,Q4
SO05005,2023-01-16,Central,Indore,Consumer,Retail Store,Office Supplies,Envelopes,P10077,C1561,1,721.79,0.3597,462.19,254.47,207.72,0.4494255609165062,2023,1,Jan,Q1
SO05006,2025-05-30,South,Chennai,Consumer,Distributor,Technology,Phones,P10003,C1494,7,24868.67,0.1294,151558.41,104159.23,47399.17,0.31274523135997534,2025,5,May,Q2
SO05007,2024-11-09,East,Patna,Consumer,Distributor,Technology,Laptops,P10066,C1199,8,14796.71,0.1694,98316.15,64776.52,33539.63,0.34114059592447427,2024,11,Nov,Q4
SO05008,2023-12-26,South,Bengaluru,Consumer,Retail Store,Furniture,Tables,P10025,C1165,6,13061.67,0.3158,53617.59,34886.68,18730.91,0.349342631774386,2023,12,Dec,Q4
SO05009,2024-03-03,North,Lucknow,Consumer,Retail Store,Technology,Printers,P10003,C1173,3,26460.85,0.2,63504.06,41134.6,22369.46,0.35225243866297684,2024,3,Mar,Q1
SO05010,2025-07-31,West,Surat,Home Office,Online,Technology,Accessories,P10066,C1015,8,12449.52,0.1755,82121.82,53074.54,29047.28,0.35370964744814465,2025,7,Jul,Q3
SO05011,2025-02-04,North,Jaipur,Consumer,Online,Furniture,Storage,P10060,C1411,7,8907.76,0.55,28059.44,19576.69,8482.76,0.30231394496825315,2025,2,Feb,Q1
SO05012,2024-06-24,West,Ahmedabad,Consumer,Online,Technology,Accessories,P10073,C1447,4,18737.31,0.3995,45007.57,31768.73,13238.84,0.29414696238877147,2024,6,Jun,Q2
SO05013,2023-06-12,South,Hyderabad,Consumer,Online,Technology,Accessories,P10099,C1140,8,23012.72,0.55,82845.81,49512.57,33333.24,0.40235275628302747,2023,6,Jun,Q2
SO05014,2024-09-03,West,Surat,Consumer,Online,Furniture,Tables,P10025,C1073,7,8973.52,0.1657,52403.14,32792.42,19610.72,0.3742279565690148,2024,9,Sep,Q3
SO05015,2023-04-15,South,Bengaluru,Consumer,Online,Technology,Phones,P10090,C1205,8,24610.78,0.3649,125034.34,73229.42,51804.92,0.41432553648861586,2023,4,Apr,Q2
SO05016,2023-02-25,South,Chennai,Consumer,Retail Store,Technology,Laptops,P10041,C1262,6,20964.76,0.0713,116818.21,75202.1,41616.11,0.35624677008832784,2023,2,Feb,Q1
SO05017,2024-08-18,West,Ahmedabad,Home Office,Online,Technology,Accessories,P10075,C1443,2,29493.22,0.1556,49806.05,30816.35,18989.7,0.38127295780331905,2024,8,Aug,Q3
SO05018,2023-11-05,Central,Raipur,Home Office,Retail Store,Technology,Laptops,P10052,C1221,7,36740.9,0.2998,180094.13,108931.03,71163.09,0.39514386171276095,2023,11,Nov,Q4
SO05019,2025-12-30,West,Mumbai,Consumer,Online,Furniture,Tables,P10018,C1002,2,13290.46,0.3072,18414.45,13764.17,4650.28,0.25253428693227326,2025,12,Dec,Q4
SO05020,2024-06-13,Central,Indore,Consumer,Retail Store,Technology,Accessories,P10088,C1428,9,18668.37,0.243,127181.83,83747.57,43434.26,0.34151309192515944,2024,6,Jun,Q2
SO05021,2025-03-06,East,Guwahati,Corporate,Distributor,Technology,Accessories,P10064,C1065,10,30941.71,0.1583,260428.36,176304.29,84124.07,0.32302192434034455,2025,3,Mar,Q1
SO05022,2025-02-07,North,Delhi,Consumer,Online,Technology,Phones,P10075,C1427,3,24530.12,0.4733,38757.33,26081.43,12675.9,0.32705813326150174,2025,2,Feb,Q1
SO05023,2024-08-21,North,Delhi,Corporate,Retail Store,Technology,Phones,P10051,C1538,1,17724.54,0.0993,15964.56,10389.76,5574.8,0.34919847462128617,2024,8,Aug,Q3
SO05024,2023-11-20,North,Jaipur,Consumer,Online,Technology,Phones,P10077,C1297,2,23209.65,0.1258,40578.41,27523.79,13054.62,0.32171344318321,2023,11,Nov,Q4
SO05025,2023-03-25,South,Kochi,Corporate,Online,Furniture,Chairs,P10074,C1365,1,9215.12,0.3467,6019.9,3992.13,2027.77,0.33684446585491457,2023,3,Mar,Q1
SO05026,2025-03-10,North,Chandigarh,Corporate,Retail Store,Office Supplies,Pens,P10058,C1072,2,1153.87,0.3673,1460.14,867.03,593.1,0.40619392660977716,2025,3,Mar,Q1
SO05027,2023-06-19,West,Pune,Consumer,Online,Technology,Phones,P10018,C1494,9,27875.01,0.2365,191549.95,115254.05,76295.89,0.39830806533752683,2023,6,Jun,Q2
SO05028,2024-03-31,Central,Indore,Corporate,Retail Store,Technology,Phones,P10018,C1038,1,23581.48,0.55,10611.67,6537.19,4074.48,0.3839621850283697,2024,3,Mar,Q1
SO05029,2024-03-13,West,Ahmedabad,Home Office,Online,Office Supplies,Paper,P10006,C1205,4,714.66,0.1963,2297.44,1326.21,971.23,0.42274444599206074,2024,3,Mar,Q1
SO05030,2023-05-22,West,Pune,Home Office,Retail Store,Office Supplies,Paper,P10002,C1048,10,672.23,0.0929,6097.96,3620.96,2477.0,0.40620141817919436,2023,5,May,Q2
SO05031,2023-09-06,North,Delhi,Consumer,Online,Furniture,Storage,P10076,C1577,8,11392.72,0.2234,70783.62,49092.95,21690.67,0.3064362913340685,2023,9,Sep,Q3
SO05032,2024-08-01,West,Surat,Corporate,Distributor,Office Supplies,Envelopes,P10028,C1050,10,720.59,0.3205,4896.41,2670.02,2226.38,0.4546964000155216,2024,8,Aug,Q3
SO05033,2023-07-20,West,Surat,Consumer,Online,Technology,Printers,P10049,C1337,7,26973.02,0.1031,169340.97,111783.64,57557.33,0.33989016361486535,2023,7,Jul,Q3
SO05034,2023-04-14,West,Mumbai,Corporate,Retail Store,Technology,Printers,P10015,C1104,1,30918.55,0.2168,24215.79,16339.66,7876.14,0.32524811290484434,2023,4,Apr,Q2
SO05035,2023-02-13,West,Surat,Home Office,Retail Store,Technology,Printers,P10002,C1526,10,10023.49,0.1982,80365.26,46138.8,34226.46,0.4258862598092758,2023,2,Feb,Q1
SO05036,2025-03-15,North,Delhi,Consumer,Online,Technology,Laptops,P10065,C1580,10,17668.31,0.114,156539.12,101681.59,54857.53,0.35043974950159423,2025,3,Mar,Q1
SO05037,2024-10-23,Central,Indore,Consumer,Distributor,Technology,Printers,P10020,C1230,2,27348.06,0.2404,41548.92,27788.84,13760.08,0.3311778019741548,2024,10,Oct,Q4
SO05038,2023-05-31,West,Ahmedabad,Consumer,Distributor,Furniture,Chairs,P10051,C1350,5,8715.61,0.2065,34579.1,23064.74,11514.37,0.3329863992989986,2023,5,May,Q2
SO05039,2023-11-12,South,Hyderabad,Corporate,Distributor,Technology,Laptops,P10094,C1361,10,20041.08,0.1476,170836.69,118419.35,52417.35,0.30682723951160606,2023,11,Nov,Q4
SO05040,2024-07-27,West,Pune,Consumer,Distributor,Furniture,Bookcases,P10052,C1027,5,11654.64,0.4503,32034.59,22245.01,9789.57,0.30559373477231955,2024,7,Jul,Q3
SO05041,2025-09-07,North,Delhi,Corporate,Distributor,Technology,Phones,P10076,C1085,1,12308.85,0.1223,10803.07,6323.75,4479.32,0.4146339883014735,2025,9,Sep,Q3
SO05042,2025-07-01,North,Jaipur,Consumer,Retail Store,Technology,Printers,P10047,C1533,3,33046.41,0.3247,66953.16,42814.21,24138.95,0.3605348873749947,2025,7,Jul,Q3
SO05043,2023-11-03,North,Chandigarh,Corporate,Online,Technology,Phones,P10004,C1216,3,19295.54,0.55,26048.97,16829.15,9219.83,0.35394220961519784,2023,11,Nov,Q4
SO05044,2024-01-05,South,Hyderabad,Consumer,Retail Store,Office Supplies,Pens,P10009,C1337,3,932.17,0.2046,2224.41,1344.41,880.0,0.3956105214416407,2024,1,Jan,Q1
SO05045,2024-03-12,North,Chandigarh,Consumer,Retail Store,Office Supplies,Paper,P10088,C1023,5,792.02,0.1288,3450.08,2123.04,1327.04,0.3846403561656541,2024,3,Mar,Q1
SO05046,2023-01-27,North,Jaipur,Consumer,Distributor,Technology,Accessories,P10051,C1560,4,23496.94,0.288,66923.61,47582.74,19340.87,0.28899920371898646,2023,1,Jan,Q1
SO05047,2023-01-28,South,Kochi,Home Office,Retail Store,Technology,Printers,P10084,C1008,4,19301.03,0.1627,64644.67,47352.63,17292.04,0.2674936696250441,2023,1,Jan,Q1
SO05048,2023-09-12,East,Kolkata,Consumer,Distributor,Technology,Printers,P10025,C1442,4,24670.41,0.1707,81832.71,59248.91,22583.79,0.27597509602211634,2023,9,Sep,Q3
SO05049,2024-08-30,West,Mumbai,Consumer,Retail Store,Office Supplies,Paper,P10001,C1258,4,966.33,0.1811,3165.27,2270.99,894.28,0.28252882060614104,2024,8,Aug,Q3
SO05050,2025-10-30,Central,Raipur,Consumer,Online,Office Supplies,Envelopes,P10071,C1322,4,530.71,0.0749,1963.87,1198.18,765.68,0.3898832407440411,2025,10,Oct,Q4
SO05051,2023-02-12,East,Guwahati,Corporate,Retail Store,Furniture,Storage,P10070,C1043,10,9314.05,0.2495,69903.79,51645.53,18258.26,0.26119127446451756,2023,2,Feb,Q1
SO05052,2023-05-16,Central,Bhopal,Consumer,Distributor,Technology,Accessories,P10036,C1014,2,16138.99,0.2935,22804.74,16528.44,6276.3,0.2752190991872742,2023,5,May,Q2
SO05053,2024-08-03,West,Ahmedabad,Corporate,Online,Technology,Printers,P10033,C1177,5,32957.97,0.4208,95440.62,55373.22,40067.39,0.419814854513728,2024,8,Aug,Q3
SO05054,2025-04-20,West,Pune,Corporate,Online,Office Supplies,Paper,P10057,C1010,8,1018.73,0.2896,5789.57,2743.19,3046.38,0.5261841552999619,2025,4,Apr,Q2
SO05055,2024-11-05,South,Bengaluru,Consumer,Online,Office Supplies,Binders,P10070,C1177,3,719.06,0.1636,1804.21,1103.79,700.42,0.38821423226786234,2024,11,Nov,Q4
SO05056,2024-09-02,East,Guwahati,Consumer,Online,Technology,Phones,P10083,C1297,7,34909.54,0.1898,197976.84,122164.83,75812.02,0.382933781547377,2024,9,Sep,Q3
SO05057,2025-09-28,East,Patna,Consumer,Online,Technology,Phones,P10062,C1595,2,10311.17,0.101,18538.97,11898.08,6640.89,0.3582124573263779,2025,9,Sep,Q3
SO05058,2023-09-16,North,Jaipur,Consumer,Online,Technology,Accessories,P10062,C1359,9,29682.58,0.294,188612.32,128966.51,59645.81,0.3162349628062472,2023,9,Sep,Q3
SO05059,2023-12-11,East,Kolkata,Corporate,Retail Store,Furniture,Tables,P10076,C1375,4,9123.41,0.1945,29396.57,22704.11,6692.47,0.22766159453296764,2023,12,Dec,Q4
SO05060,2024-07-28,West,Ahmedabad,Consumer,Retail Store,Office Supplies,Envelopes,P10001,C1323,8,846.11,0.2303,5210.08,3108.73,2101.35,0.4033239412830513,2024,7,Jul,Q3
SO05061,2024-08-31,West,Surat,Corporate,Online,Technology,Laptops,P10098,C1386,1,20250.39,0.1238,17743.41,10976.58,6766.83,0.3813714500200356,2024,8,Aug,Q3
SO05062,2024-08-12,North,Lucknow,Consumer,Online,Furniture,Storage,P10068,C1065,8,9618.78,0.2448,58112.51,36175.09,21937.42,0.3774990961498651,2024,8,Aug,Q3
SO05063,2023-08-28,North,Delhi,Consumer,Online,Furniture,Bookcases,P10074,C1450,1,10425.94,0.2425,7897.29,5772.44,2124.85,0.2690606524516638,2023,8,Aug,Q3
SO05064,2025-09-18,North,Lucknow,Corporate,Online,Technology,Phones,P10063,C1214,9,10719.4,0.1344,83504.6,51504.82,31999.78,0.3832097872452535,2025,9,Sep,Q3
SO05065,2024-10-18,East,Guwahati,Consumer,Online,Office Supplies,Paper,P10092,C1539,6,836.61,0.3151,3437.76,2094.33,1343.43,0.3907864423345434,2024,10,Oct,Q4
SO05066,2025-10-15,Central,Bhopal,Corporate,Retail Store,Office Supplies,Pens,P10044,C1272,8,150.0,0.061,1126.83,707.83,418.99,0.3718307109324388,2025,10,Oct,Q4
SO05067,2023-10-23,West,Pune,Home Office,Online,Technology,Phones,P10059,C1535,5,28374.9,0.2498,106439.83,62475.72,43964.1,0.41304180963084963,2023,10,Oct,Q4
SO05068,2024-01-06,Central,Indore,Corporate,Online,Technology,Printers,P10005,C1046,5,28368.12,0.1055,126874.99,79067.63,47807.36,0.3768068080241819,2024,1,Jan,Q1
SO05069,2023-04-22,West,Mumbai,Consumer,Retail Store,Technology,Laptops,P10007,C1258,2,27461.06,0.359,35204.35,22742.03,12462.32,0.35399943472894685,2023,4,Apr,Q2
SO05070,2023-11-16,East,Bhubaneswar,Consumer,Retail Store,Office Supplies,Envelopes,P10027,C1372,1,1155.94,0.0896,1052.38,603.05,449.34,0.4269750470362416,2023,11,Nov,Q4
SO05071,2025-11-18,North,Delhi,Consumer,Online,Technology,Printers,P10040,C1364,3,24332.75,0.1693,60636.46,43046.55,17589.91,0.2900880097551869,2025,11,Nov,Q4
SO05072,2024-09-04,Central,Bhopal,Corporate,Retail Store,Furniture,Tables,P10032,C1174,9,10198.86,0.1876,74566.1,51482.63,23083.48,0.30957070304065787,2024,9,Sep,Q3
SO05073,2024-10-14,North,Delhi,Corporate,Online,Furniture,Chairs,P10039,C1365,3,8842.54,0.1553,22407.97,15055.8,7352.17,0.3281051340215111,2024,10,Oct,Q4
SO05074,2025-04-25,West,Ahmedabad,Home Office,Online,Furniture,Tables,P10083,C1151,3,9406.12,0.3974,17003.5,13201.98,3801.52,0.22357279383656306,2025,4,Apr,Q2
SO05075,2025-04-06,West,Ahmedabad,Consumer,Online,Furniture,Bookcases,P10034,C1544,10,9535.22,0.3545,61551.71,47107.27,14444.44,0.23467162813185857,2025,4,Apr,Q2
SO05076,2025-12-11,West,Pune,Home Office,Distributor,Technology,Accessories,P10057,C1144,10,28354.54,0.05,269359.4,180784.55,88574.85,0.328835191940582,2025,12,Dec,Q4
SO05077,2023-03-03,East,Bhubaneswar,Consumer,Retail Store,Technology,Laptops,P10021,C1414,1,14445.44,0.2639,10632.69,6979.03,3653.66,0.3436251785766349,2023,3,Mar,Q1
SO05078,2025-05-03,North,Chandigarh,Consumer,Online,Office Supplies,Paper,P10093,C1307,9,1272.18,0.2195,8937.0,4848.37,4088.63,0.45749468501734364,2025,5,May,Q2
SO05079,2024-06-09,West,Surat,Home Office,Distributor,Furniture,Bookcases,P10059,C1589,2,7156.12,0.3413,9427.32,6954.95,2472.37,0.2622558691123246,2024,6,Jun,Q2
SO05080,2025-05-10,West,Ahmedabad,Home Office,Online,Technology,Printers,P10034,C1467,5,17607.39,0.2225,68452.63,42917.68,25534.95,0.37303095585954843,2025,5,May,Q2
SO05081,2024-12-15,Central,Nagpur,Consumer,Distributor,Technology,Accessories,P10099,C1380,8,18729.31,0.2385,114103.12,82169.48,31933.64,0.2798664926953794,2024,12,Dec,Q4
SO05082,2024-06-17,West,Mumbai,Consumer,Online,Furniture,Storage,P10034,C1317,10,9505.96,0.1849,77485.79,51391.17,26094.62,0.33676652196486606,2024,6,Jun,Q2
SO05083,2023-04-15,East,Bhubaneswar,Corporate,Online,Office Supplies,Paper,P10026,C1074,2,1019.73,0.2099,1611.44,924.57,686.87,0.4262460904532592,2023,4,Apr,Q2
SO05084,2024-02-15,North,Jaipur,Consumer,Online,Furniture,Chairs,P10072,C1562,1,8092.27,0.1449,6919.41,4821.57,2097.84,0.30318191868959926,2024,2,Feb,Q1
SO05085,2025-10-10,West,Mumbai,Consumer,Distributor,Technology,Phones,P10043,C1291,2,26474.93,0.4355,29890.4,20362.9,9527.51,0.3187481599443299,2025,10,Oct,Q4
SO05086,2024-03-10,North,Delhi,Corporate,Online,Office Supplies,Envelopes,P10086,C1570,3,991.52,0.122,2611.81,1487.55,1124.25,0.43044861609382,2024,3,Mar,Q1
SO05087,2025-11-16,North,Chandigarh,Consumer,Online,Office Supplies,Envelopes,P10024,C1151,8,269.53,0.2706,1572.85,885.77,687.08,0.4368375878182917,2025,11,Nov,Q4
SO05088,2023-03-28,South,Hyderabad,Consumer,Online,Technology,Accessories,P10034,C1184,10,26301.12,0.3868,161280.95,100420.71,60860.25,0.3773554781268339,2023,3,Mar,Q1
SO05089,2025-11-17,South,Kochi,Consumer,Online,Technology,Printers,P10013,C1115,9,20754.17,0.4146,109345.77,79711.76,29634.01,0.27101194678129753,2025,11,Nov,Q4
SO05090,2024-12-05,West,Mumbai,Home Office,Distributor,Technology,Accessories,P10021,C1267,2,16922.42,0.1234,29667.09,22666.31,7000.78,0.23597798098836117,2024,12,Dec,Q4
SO05091,2023-07-16,West,Pune,Consumer,Online,Office Supplies,Pens,P10019,C1588,5,973.4,0.3225,3297.32,1864.24,1433.08,0.43461963048779007,2023,7,Jul,Q3
SO05092,2023-07-18,East,Guwahati,Home Office,Retail Store,Furniture,Chairs,P10007,C1358,7,6501.98,0.55,20481.23,13100.81,7380.42,0.36035042817252677,2023,7,Jul,Q3
SO05093,2024-10-17,Central,Nagpur,Consumer,Retail Store,Office Supplies,Paper,P10028,C1203,5,915.63,0.3163,3129.92,1728.86,1401.06,0.4476344443308455,2024,10,Oct,Q4
SO05094,2024-12-10,East,Kolkata,Home Office,Online,Technology,Phones,P10100,C1245,1,26166.32,0.3472,17081.84,11611.24,5470.6,0.3202582391592475,2024,12,Dec,Q4
SO05095,2025-09-29,West,Surat,Home Office,Online,Technology,Accessories,P10062,C1481,3,21341.5,0.1982,51331.89,31389.78,19942.11,0.3884935855663994,2025,9,Sep,Q3
SO05096,2023-12-27,South,Chennai,Consumer,Distributor,Furniture,Storage,P10071,C1202,8,7546.53,0.1019,54219.71,43307.48,10912.23,0.20125946818970444,2023,12,Dec,Q4
SO05097,2025-10-07,West,Mumbai,Consumer,Retail Store,Furniture,Tables,P10069,C1376,7,7977.14,0.2848,39938.12,29257.42,10680.7,0.2674312160912932,2025,10,Oct,Q4
SO05098,2024-07-04,North,Lucknow,Consumer,Online,Office Supplies,Envelopes,P10015,C1476,10,1117.68,0.2908,7926.75,4326.63,3600.12,0.4541735263506481,2024,7,Jul,Q3
SO05099,2024-02-06,West,Surat,Consumer,Online,Technology,Laptops,P10003,C1094,1,20085.26,0.2465,15133.84,11115.33,4018.51,0.2655314183313687,2024,2,Feb,Q1
SO05100,2023-12-13,East,Guwahati,Corporate,Online,Technology,Accessories,P10026,C1340,5,31420.43,0.4737,82680.3,50928.61,31751.68,0.3840295693169957,2023,12,Dec,Q4
SO05101,2025-10-18,South,Kochi,Consumer,Online,Office Supplies,Envelopes,P10038,C1101,5,1006.45,0.3085,3479.88,1915.41,1564.48,0.4495787211053255,2025,10,Oct,Q4
SO05102,2024-09-28,Central,Raipur,Consumer,Online,Furniture,Chairs,P10075,C1534,2,7110.92,0.1263,12425.8,9628.22,2797.58,0.22514284794540393,2024,9,Sep,Q3
SO05103,2023-04-14,West,Ahmedabad,Consumer,Retail Store,Furniture,Tables,P10053,C1054,5,8968.37,0.2012,35819.64,26367.12,9452.52,0.2638920994180846,2023,4,Apr,Q2
SO05104,2023-10-05,North,Jaipur,Corporate,Online,Technology,Printers,P10046,C1407,6,10093.69,0.1788,49733.37,31783.6,17949.77,0.36092004221712704,2023,10,Oct,Q4
SO05105,2023-12-23,Central,Nagpur,Corporate,Distributor,Office Supplies,Paper,P10060,C1575,10,321.28,0.0831,2945.68,1841.39,1104.29,0.3748845767361017,2023,12,Dec,Q4
SO05106,2024-02-04,South,Hyderabad,Consumer,Online,Office Supplies,Pens,P10099,C1246,3,921.05,0.3362,1834.29,1069.89,764.39,0.4167225465984114,2024,2,Feb,Q1
SO05107,2023-07-12,Central,Indore,Consumer,Retail Store,Furniture,Chairs,P10078,C1137,7,8218.23,0.2198,44885.78,33268.49,11617.29,0.25881893998500194,2023,7,Jul,Q3
SO05108,2024-09-28,North,Lucknow,Home Office,Online,Furniture,Tables,P10076,C1014,1,7626.67,0.4565,4144.83,3356.34,788.49,0.19023458139417057,2024,9,Sep,Q3
SO05109,2023-08-20,North,Chandigarh,Corporate,Distributor,Office Supplies,Envelopes,P10005,C1266,2,1611.11,0.3023,2248.12,1336.41,911.71,0.4055432984004413,2023,8,Aug,Q3
SO05110,2025-07-06,West,Pune,Consumer,Online,Office Supplies,Envelopes,P10075,C1137,7,868.4,0.3127,4177.74,2169.96,2007.78,0.4805899840583665,2025,7,Jul,Q3
SO05111,2024-11-15,West,Pune,Consumer,Retail Store,Technology,Phones,P10084,C1045,3,20827.85,0.116,55233.2,40220.2,15013.0,0.2718111570577117,2024,11,Nov,Q4
SO05112,2025-07-04,West,Surat,Consumer,Retail Store,Furniture,Bookcases,P10055,C1268,3,12564.12,0.2336,28886.35,19544.41,9341.94,0.3234032683256971,2025,7,Jul,Q3
SO05113,2025-07-02,West,Ahmedabad,Corporate,Retail Store,Office Supplies,Pens,P10090,C1297,8,716.8,0.2094,4533.67,2947.68,1585.99,0.3498247556615281,2025,7,Jul,Q3
SO05114,2023-03-20,North,Chandigarh,Home Office,Retail Store,Office Supplies,Paper,P10020,C1320,4,1289.75,0.3891,3151.49,1808.18,1343.31,0.4262459979247911,2023,3,Mar,Q1
SO05115,2024-02-17,West,Pune,Corporate,Distributor,Office Supplies,Binders,P10078,C1320,1,732.22,0.1332,634.69,365.46,269.23,0.4241913375033481,2024,2,Feb,Q1
SO05116,2024-02-25,West,Pune,Consumer,Online,Furniture,Tables,P10068,C1197,7,4259.42,0.3956,18019.71,11817.16,6202.55,0.3442092020348829,2024,2,Feb,Q1
SO05117,2024-07-22,North,Delhi,Corporate,Online,Technology,Laptops,P10047,C1115,4,26935.95,0.1462,91989.49,66157.89,25831.6,0.2808103403986694,2024,7,Jul,Q3
SO05118,2025-04-29,West,Mumbai,Home Office,Retail Store,Office Supplies,Binders,P10041,C1208,1,655.5,0.529,308.75,182.66,126.09,0.40838866396761137,2025,4,Apr,Q2
SO05119,2025-08-01,East,Kolkata,Corporate,Online,Furniture,Chairs,P10087,C1367,5,10116.72,0.2933,35749.34,30235.57,5513.77,0.15423417607150233,2025,8,Aug,Q3
SO05120,2024-08-21,North,Lucknow,Corporate,Retail Store,Technology,Laptops,P10079,C1195,8,14557.57,0.2195,90897.79,55680.58,35217.21,0.3874374723521881,2024,8,Aug,Q3
SO05121,2023-05-04,Central,Nagpur,Consumer,Retail Store,Technology,Laptops,P10007,C1451,2,20520.09,0.0095,40648.55,29801.13,10847.42,0.2668587194377167,2023,5,May,Q2
SO05122,2023-05-04,East,Guwahati,Home Office,Distributor,Furniture,Bookcases,P10065,C1051,3,12617.92,0.3073,26222.43,19761.76,6460.67,0.24637953080626013,2023,5,May,Q2
SO05123,2025-04-13,South,Kochi,Home Office,Retail Store,Technology,Laptops,P10078,C1047,8,21596.65,0.55,77747.94,47455.63,30292.31,0.38962202728458145,2025,4,Apr,Q2
SO05124,2023-11-20,Central,Raipur,Consumer,Online,Furniture,Storage,P10055,C1488,8,9333.34,0.1544,63135.54,47999.1,15136.44,0.2397451577986028,2023,11,Nov,Q4
SO05125,2024-09-25,North,Chandigarh,Corporate,Retail Store,Office Supplies,Pens,P10030,C1207,1,553.29,0.1217,485.98,295.67,190.31,0.39160047738590065,2024,9,Sep,Q3
SO05126,2024-02-20,North,Delhi,Corporate,Distributor,Technology,Phones,P10049,C1578,8,16059.64,0.4639,68875.14,49267.68,19607.46,0.2846812362196287,2024,2,Feb,Q1
SO05127,2024-07-10,Central,Bhopal,Home Office,Retail Store,Office Supplies,Envelopes,P10013,C1019,9,761.45,0.0683,6384.95,3328.4,3056.54,0.47871009170001333,2024,7,Jul,Q3
SO05128,2025-08-16,East,Bhubaneswar,Corporate,Online,Office Supplies,Pens,P10084,C1249,7,407.69,0.1748,2355.02,1424.13,930.89,0.39527902098495976,2025,8,Aug,Q3
SO05129,2024-10-18,Central,Raipur,Home Office,Retail Store,Furniture,Chairs,P10050,C1027,7,10530.83,0.1786,60549.12,41833.24,18715.88,0.3091024279130729,2024,10,Oct,Q4
SO05130,2023-11-06,East,Bhubaneswar,Consumer,Online,Technology,Phones,P10050,C1223,8,18927.73,0.1709,125536.64,84960.59,40576.05,0.3232207744288839,2023,11,Nov,Q4
SO05131,2025-05-12,North,Jaipur,Corporate,Online,Technology,Accessories,P10098,C1053,8,26214.28,0.0687,195296.66,141310.01,53986.65,0.2764340670239829,2025,5,May,Q2
SO05132,2025-08-28,West,Mumbai,Home Office,Retail Store,Office Supplies,Paper,P10039,C1533,6,713.25,0.55,1925.78,1042.33,883.45,0.4587491821495706,2025,8,Aug,Q3
SO05133,2025-07-21,East,Kolkata,Home Office,Distributor,Furniture,Bookcases,P10013,C1253,3,9968.38,0.1087,26655.43,19476.97,7178.46,0.26930572870143155,2025,7,Jul,Q3
SO05134,2023-10-06,West,Pune,Consumer,Online,Technology,Accessories,P10075,C1281,7,21150.27,0.2152,116187.58,64570.53,51617.05,0.44425617609042206,2023,10,Oct,Q4
SO05135,2023-03-03,West,Surat,Consumer,Online,Furniture,Chairs,P10045,C1504,9,7586.62,0.346,44652.14,31466.29,13185.86,0.29530186011241566,2023,3,Mar,Q1
SO05136,2024-01-06,West,Mumbai,Consumer,Online,Technology,Laptops,P10016,C1311,8,11823.96,0.3461,61855.57,38326.65,23528.91,0.3803846605891757,2024,1,Jan,Q1
SO05137,2023-01-03,Central,Nagpur,Corporate,Retail Store,Furniture,Tables,P10082,C1117,6,10656.36,0.4079,37857.61,25538.97,12318.64,0.32539402249640165,2023,1,Jan,Q1
SO05138,2024-07-17,Central,Bhopal,Home Office,Retail Store,Furniture,Tables,P10063,C1413,9,10504.42,0.55,42542.88,32490.57,10052.31,0.2362865419548465,2024,7,Jul,Q3
SO05139,2025-01-03,West,Ahmedabad,Corporate,Distributor,Furniture,Bookcases,P10046,C1025,2,8326.73,0.55,7494.05,5006.09,2487.96,0.33199137982799687,2025,1,Jan,Q1
SO05140,2025-12-01,West,Ahmedabad,Corporate,Retail Store,Furniture,Tables,P10046,C1226,2,6448.8,0.2665,9460.15,7519.98,1940.17,0.20508871423814634,2025,12,Dec,Q4
SO05141,2023-04-14,North,Jaipur,Consumer,Retail Store,Technology,Printers,P10056,C1447,6,19061.98,0.1966,91887.09,62274.32,29612.77,0.3222734553896527,2023,4,Apr,Q2
SO05142,2024-12-21,South,Chennai,Consumer,Online,Office Supplies,Envelopes,P10043,C1589,6,1443.96,0.1927,6994.17,4131.43,2862.73,0.4093023189313385,2024,12,Dec,Q4
SO05143,2023-01-11,West,Ahmedabad,Consumer,Online,Office Supplies,Envelopes,P10079,C1006,1,1059.4,0.1544,895.8,524.13,371.67,0.4149028801071668,2023,1,Jan,Q1
SO05144,2025-07-01,West,Ahmedabad,Corporate,Retail Store,Technology,Accessories,P10044,C1207,10,27415.45,0.2201,213819.91,147241.69,66578.22,0.3113752129069739,2025,7,Jul,Q3
SO05145,2024-03-01,East,Patna,Consumer,Online,Technology,Laptops,P10087,C1131,4,24780.69,0.2417,75167.03,48614.69,26552.34,0.3532445009467582,2024,3,Mar,Q1
SO05146,2025-04-13,North,Lucknow,Consumer,Retail Store,Furniture,Tables,P10026,C1115,3,7230.91,0.3614,13853.9,9628.91,4224.98,0.3049668324442936,2025,4,Apr,Q2
SO05147,2025-10-13,West,Pune,Consumer,Retail Store,Furniture,Tables,P10054,C1464,8,10066.84,0.2128,63397.94,49432.36,13965.59,0.2202846023072674,2025,10,Oct,Q4
SO05148,2023-01-16,East,Bhubaneswar,Consumer,Distributor,Furniture,Tables,P10086,C1113,7,7820.67,0.265,40235.53,29277.33,10958.19,0.2723510787604886,2023,1,Jan,Q1
SO05149,2023-09-26,North,Delhi,Consumer,Online,Furniture,Bookcases,P10004,C1015,9,7342.26,0.2942,46640.78,32693.33,13947.45,0.29903981022615833,2023,9,Sep,Q3
SO05150,2023-07-12,North,Jaipur,Consumer,Distributor,Furniture,Tables,P10038,C1117,8,7453.14,0.2438,45089.74,35857.42,9232.32,0.2047543410097286,2023,7,Jul,Q3
SO05151,2023-12-28,North,Jaipur,Consumer,Online,Furniture,Tables,P10037,C1445,10,4875.99,0.4362,27489.23,19675.64,7813.59,0.28424186490491005,2023,12,Dec,Q4
SO05152,2023-01-06,West,Surat,Consumer,Retail Store,Furniture,Storage,P10016,C1570,10,9000.85,0.55,40503.84,28228.31,12275.53,0.3030707705738518,2023,1,Jan,Q1
SO05153,2024-02-27,West,Pune,Consumer,Retail Store,Office Supplies,Paper,P10044,C1511,9,1127.66,0.3877,6213.71,3783.01,2430.7,0.39118336710274537,2024,2,Feb,Q1
SO05154,2023-04-24,North,Chandigarh,Consumer,Online,Furniture,Tables,P10100,C1530,8,5511.61,0.461,23765.65,17808.75,5956.89,0.2506512550677133,2023,4,Apr,Q2
SO05155,2024-03-11,North,Lucknow,Home Office,Retail Store,Furniture,Chairs,P10084,C1042,6,3727.56,0.2768,16175.1,11259.2,4915.9,0.3039177501221012,2024,3,Mar,Q1
SO05156,2023-12-14,East,Patna,Corporate,Online,Technology,Phones,P10020,C1177,4,29696.21,0.0933,107697.07,69114.25,38582.81,0.3582531075357946,2023,12,Dec,Q4
SO05157,2024-10-01,Central,Indore,Consumer,Online,Furniture,Chairs,P10029,C1276,10,7797.47,0.1916,63033.45,45541.79,17491.67,0.27749821721641443,2024,10,Oct,Q4
SO05158,2023-08-19,North,Jaipur,Consumer,Online,Office Supplies,Binders,P10020,C1545,10,1350.28,0.4277,7727.31,4314.66,3412.65,0.4416349285844621,2023,8,Aug,Q3
SO05159,2025-11-05,North,Lucknow,Consumer,Online,Office Supplies,Binders,P10005,C1119,10,564.89,0.211,4456.99,2575.7,1881.28,0.4220965270283308,2025,11,Nov,Q4
SO05160,2023-10-14,East,Guwahati,Home Office,Retail Store,Technology,Accessories,P10087,C1195,10,29877.17,0.2103,235950.18,172332.08,63618.09,0.2696250962809183,2023,10,Oct,Q4
SO05161,2023-11-19,East,Guwahati,Consumer,Distributor,Furniture,Chairs,P10047,C1492,6,10626.63,0.4806,33117.4,24515.26,8602.14,0.25974684002971243,2023,11,Nov,Q4
SO05162,2025-11-13,East,Guwahati,Corporate,Retail Store,Office Supplies,Envelopes,P10097,C1488,7,483.7,0.0802,3114.51,1597.03,1517.48,0.4872291307460884,2025,11,Nov,Q4
SO05163,2025-01-27,South,Kochi,Consumer,Retail Store,Technology,Phones,P10088,C1251,8,23506.42,0.4691,99837.76,61616.33,38221.43,0.382835412172709,2025,1,Jan,Q1
SO05164,2023-06-09,North,Chandigarh,Home Office,Online,Technology,Accessories,P10029,C1196,7,23291.66,0.1172,143934.34,101322.02,42612.31,0.2960538117588895,2023,6,Jun,Q2
SO05165,2023-03-20,Central,Raipur,Consumer,Online,Furniture,Storage,P10037,C1533,2,8868.0,0.1135,15723.36,11043.32,4680.04,0.2976488485921584,2023,3,Mar,Q1
SO05166,2025-02-23,Central,Indore,Consumer,Retail Store,Furniture,Tables,P10021,C1482,3,5999.91,0.5009,8982.89,6154.59,2828.3,0.3148541282371264,2025,2,Feb,Q1
SO05167,2024-10-08,East,Bhubaneswar,Consumer,Retail Store,Furniture,Storage,P10029,C1070,1,4726.65,0.276,3421.88,2349.48,1072.4,0.3133949758612225,2024,10,Oct,Q4
SO05168,2023-01-22,West,Surat,Corporate,Online,Office Supplies,Binders,P10036,C1381,2,910.1,0.0591,1712.56,946.42,766.14,0.44736534778343534,2023,1,Jan,Q1
SO05169,2024-05-17,East,Kolkata,Corporate,Retail Store,Furniture,Storage,P10076,C1262,1,7734.6,0.1658,6451.86,4430.54,2021.31,0.3132910509527485,2024,5,May,Q2
SO05170,2023-10-09,South,Kochi,Consumer,Online,Office Supplies,Binders,P10055,C1047,1,1233.46,0.3925,749.36,414.8,334.56,0.44646098003629764,2023,10,Oct,Q4
SO05171,2025-01-15,South,Hyderabad,Consumer,Distributor,Office Supplies,Paper,P10094,C1553,1,1517.7,0.2339,1162.68,648.17,514.51,0.44252072797330305,2025,1,Jan,Q1
SO05172,2023-05-27,Central,Raipur,Corporate,Retail Store,Office Supplies,Binders,P10016,C1505,9,886.32,0.3182,5438.27,2506.99,2931.28,0.539009648288886,2023,5,May,Q2
SO05173,2023-03-11,West,Ahmedabad,Corporate,Online,Furniture,Bookcases,P10036,C1013,5,8858.81,0.55,19932.33,13816.76,6115.57,0.3068166140135147,2023,3,Mar,Q1
SO05174,2023-08-26,South,Hyderabad,Consumer,Distributor,Furniture,Bookcases,P10048,C1253,10,7655.59,0.3654,48578.78,31608.84,16969.94,0.3493282457896225,2023,8,Aug,Q3
SO05175,2024-11-15,East,Patna,Consumer,Online,Technology,Accessories,P10066,C1093,7,15472.67,0.3543,69935.2,44946.68,24988.52,0.35730962376600056,2024,11,Nov,Q4
SO05176,2024-03-18,North,Delhi,Consumer,Online,Furniture,Storage,P10038,C1228,1,5699.07,0.3259,3841.69,3061.04,780.64,0.2032022365157001,2024,3,Mar,Q1
SO05177,2025-02-28,North,Chandigarh,Corporate,Online,Technology,Accessories,P10055,C1528,1,27175.45,0.248,20436.9,14081.36,6355.54,0.3109835640434704,2025,2,Feb,Q1
SO05178,2025-09-11,South,Hyderabad,Corporate,Distributor,Technology,Printers,P10057,C1301,10,28179.14,0.1916,227809.25,167727.86,60081.4,0.2637355594647715,2025,9,Sep,Q3
SO05179,2023-10-12,North,Jaipur,Consumer,Retail Store,Office Supplies,Binders,P10034,C1575,4,1340.54,0.1307,4661.2,2335.0,2326.2,0.4990560370719986,2023,10,Oct,Q4
SO05180,2024-12-05,Central,Raipur,Consumer,Retail Store,Technology,Accessories,P10019,C1460,1,12897.68,0.2555,9601.74,6181.13,3420.6,0.35624793006267613,2024,12,Dec,Q4
SO05181,2025-03-09,South,Bengaluru,Home Office,Distributor,Office Supplies,Pens,P10050,C1574,9,800.97,0.0175,7082.64,3495.21,3587.43,0.5065102843007692,2025,3,Mar,Q1
SO05182,2024-11-30,West,Mumbai,Home Office,Online,Office Supplies,Pens,P10056,C1380,6,1106.8,0.1551,5611.09,3646.99,1964.11,0.35004072292549215,2024,11,Nov,Q4
SO05183,2023-12-01,Central,Indore,Corporate,Online,Office Supplies,Paper,P10094,C1484,1,1083.61,0.0635,1014.81,633.17,381.64,0.3760703974142943,2023,12,Dec,Q4
SO05184,2025-06-13,South,Chennai,Corporate,Retail Store,Office Supplies,Paper,P10090,C1396,7,912.84,0.1333,5538.01,2989.82,2548.19,0.4601273742734303,2025,6,Jun,Q2
SO05185,2024-04-10,North,Delhi,Corporate,Online,Technology,Phones,P10037,C1222,3,25524.16,0.2331,58720.54,35076.16,23644.37,0.402659273909947,2024,4,Apr,Q2
SO05186,2023-10-24,South,Chennai,Consumer,Online,Technology,Accessories,P10062,C1121,8,16870.75,0.3112,92959.8,71523.29,21436.52,0.2305998937174994,2023,10,Oct,Q4
SO05187,2025-10-31,West,Ahmedabad,Consumer,Online,Furniture,Chairs,P10074,C1419,8,12298.58,0.4152,57540.52,38143.96,19396.56,0.3370939296342821,2025,10,Oct,Q4
SO05188,2024-06-09,Central,Indore,Corporate,Online,Technology,Phones,P10079,C1424,7,29816.7,0.1952,167971.5,111770.05,56201.45,0.33458920114424173,2024,6,Jun,Q2
SO05189,2023-11-04,West,Surat,Consumer,Distributor,Office Supplies,Pens,P10030,C1324,1,586.34,0.1841,478.4,290.07,188.32,0.39364548494983276,2023,11,Nov,Q4
SO05190,2023-11-05,East,Guwahati,Home Office,Online,Office Supplies,Pens,P10096,C1570,4,1087.46,0.3594,2786.61,1483.56,1303.05,0.4676111834810038,2023,11,Nov,Q4
SO05191,2023-06-25,East,Guwahati,Consumer,Online,Office Supplies,Paper,P10100,C1440,7,999.59,0.1173,6176.44,3915.79,2260.65,0.36601181262992927,2023,6,Jun,Q2
SO05192,2025-07-29,North,Jaipur,Corporate,Online,Furniture,Tables,P10012,C1545,6,8055.52,0.4223,27919.68,20457.33,7462.35,0.2672792095038339,2025,7,Jul,Q3
SO05193,2023-04-29,East,Kolkata,Consumer,Retail Store,Office Supplies,Pens,P10033,C1313,1,989.0,0.2799,712.19,423.83,288.36,0.40489195299007286,2023,4,Apr,Q2
SO05194,2023-08-27,North,Chandigarh,Corporate,Retail Store,Furniture,Chairs,P10051,C1552,6,3991.44,0.5384,11055.44,8658.36,2397.08,0.21682357282930392,2023,8,Aug,Q3
SO05195,2025-09-10,North,Lucknow,Corporate,Distributor,Furniture,Tables,P10023,C1032,5,3855.46,0.263,14208.19,9903.37,4304.82,0.30298159019551396,2025,9,Sep,Q3
SO05196,2023-06-22,South,Kochi,Consumer,Online,Technology,Laptops,P10051,C1108,8,19908.0,0.2316,122375.66,87670.4,34705.26,0.2835961007278735,2023,6,Jun,Q2
SO05197,2025-12-01,East,Kolkata,Consumer,Retail Store,Office Supplies,Envelopes,P10014,C1072,8,1052.36,0.0367,8109.73,4473.69,3636.04,0.4483552473386907,2025,12,Dec,Q4
SO05198,2023-05-14,North,Lucknow,Consumer,Online,Technology,Phones,P10081,C1356,8,14485.79,0.1627,97026.31,65613.89,31412.42,0.3237515680025346,2023,5,May,Q2
SO05199,2024-10-17,West,Mumbai,Corporate,Online,Furniture,Storage,P10095,C1280,5,7594.21,0.2073,30100.79,23350.61,6750.18,0.22425258606169474,2024,10,Oct,Q4
SO05200,2025-01-26,Central,Raipur,Consumer,Retail Store,Furniture,Storage,P10076,C1365,7,11600.58,0.3183,55354.36,39113.05,16241.31,0.2934061562630297,2025,1,Jan,Q1
SO05201,2023-09-17,South,Chennai,Home Office,Online,Technology,Accessories,P10037,C1144,10,21376.77,0.2061,169714.57,110078.36,59636.21,0.35139122115443594,2023,9,Sep,Q3
SO05202,2024-07-17,South,Chennai,Home Office,Retail Store,Furniture,Bookcases,P10097,C1222,10,8454.52,0.1693,70228.52,49615.22,20613.3,0.2935175054237224,2024,7,Jul,Q3
SO05203,2023-01-22,North,Delhi,Corporate,Retail Store,Technology,Printers,P10035,C1124,7,29453.78,0.078,190099.9,110675.52,79424.38,0.4178033760144009,2023,1,Jan,Q1
SO05204,2024-10-19,North,Delhi,Consumer,Online,Furniture,Tables,P10009,C1224,1,12534.25,0.1431,10740.81,8426.13,2314.68,0.21550330003044463,2024,10,Oct,Q4
SO05205,2023-10-09,West,Surat,Consumer,Retail Store,Furniture,Bookcases,P10005,C1506,1,6894.97,0.1916,5574.24,3799.76,1774.48,0.3183357731278165,2023,10,Oct,Q4
SO05206,2024-03-28,West,Pune,Consumer,Online,Technology,Accessories,P10100,C1565,9,22092.48,0.3147,136266.48,99375.48,36890.99,0.2707268141071817,2024,3,Mar,Q1
SO05207,2025-01-02,Central,Bhopal,Home Office,Online,Technology,Laptops,P10004,C1080,2,26562.21,0.5182,25596.62,16178.26,9418.36,0.36795326883002527,2025,1,Jan,Q1
SO05208,2023-10-08,Central,Nagpur,Corporate,Online,Furniture,Tables,P10030,C1109,1,12648.66,0.2331,9700.65,7736.75,1963.91,0.2024513821238783,2023,10,Oct,Q4
SO05209,2024-04-16,West,Ahmedabad,Consumer,Distributor,Office Supplies,Paper,P10005,C1237,5,1088.75,0.4903,2774.85,1809.41,965.44,0.34792511306917495,2024,4,Apr,Q2
SO05210,2025-01-29,West,Ahmedabad,Consumer,Online,Technology,Laptops,P10007,C1448,10,19575.45,0.2167,153337.09,100037.03,53300.06,0.34760057074253853,2025,1,Jan,Q1
SO05211,2023-09-16,East,Bhubaneswar,Consumer,Retail Store,Furniture,Tables,P10050,C1040,10,7245.52,0.3138,49722.04,37899.68,11822.36,0.23776900545512614,2023,9,Sep,Q3
SO05212,2023-04-20,North,Delhi,Home Office,Online,Office Supplies,Binders,P10018,C1002,1,890.65,0.0965,804.7,467.45,337.24,0.4190878588293774,2023,4,Apr,Q2
SO05213,2025-04-02,Central,Indore,Consumer,Online,Furniture,Chairs,P10100,C1471,7,10048.9,0.2894,49987.92,37683.07,12304.85,0.2461564714034911,2025,4,Apr,Q2
SO05214,2023-01-07,North,Jaipur,Consumer,Retail Store,Technology,Phones,P10098,C1579,4,30735.31,0.1535,104065.03,74409.49,29655.54,0.2849712338525247,2023,1,Jan,Q1
SO05215,2023-09-06,East,Patna,Consumer,Retail Store,Technology,Printers,P10062,C1215,10,28324.47,0.5302,133071.39,93234.03,39837.35,0.29936825639230186,2023,9,Sep,Q3
SO05216,2024-12-15,South,Hyderabad,Corporate,Online,Technology,Accessories,P10041,C1444,10,24809.41,0.2609,183366.85,115077.68,68289.17,0.37241829698225165,2024,12,Dec,Q4
SO05217,2025-03-25,East,Guwahati,Consumer,Distributor,Office Supplies,Paper,P10096,C1497,4,1198.86,0.2171,3754.19,2393.49,1360.71,0.3624510213920979,2025,3,Mar,Q1
SO05218,2023-03-29,West,Ahmedabad,Corporate,Online,Technology,Printers,P10049,C1433,3,31107.7,0.1903,75564.37,49218.1,26346.27,0.3486599570670675,2023,3,Mar,Q1
SO05219,2023-08-09,North,Chandigarh,Corporate,Online,Technology,Laptops,P10047,C1403,10,19322.44,0.55,86950.98,52452.22,34498.76,0.39676102558016024,2023,8,Aug,Q3
SO05220,2024-09-05,South,Kochi,Consumer,Online,Furniture,Bookcases,P10084,C1178,10,6694.48,0.2095,52922.21,35993.07,16929.15,0.31988743478399717,2024,9,Sep,Q3
SO05221,2025-12-02,West,Ahmedabad,Consumer,Retail Store,Technology,Printers,P10088,C1337,9,17714.87,0.55,71745.24,50190.49,21554.75,0.3004345654150714,2025,12,Dec,Q4
SO05222,2025-01-22,South,Kochi,Consumer,Online,Office Supplies,Paper,P10090,C1137,9,801.1,0.2336,5525.88,2773.92,2751.96,0.49801298616690914,2025,1,Jan,Q1
SO05223,2025-01-15,South,Chennai,Corporate,Online,Office Supplies,Envelopes,P10055,C1376,10,763.66,0.0615,7166.92,3477.73,3689.19,0.5147525017720304,2025,1,Jan,Q1
SO05224,2023-09-22,South,Hyderabad,Consumer,Online,Office Supplies,Paper,P10085,C1564,9,944.43,0.357,5465.23,3599.72,1865.51,0.34134153548889984,2023,9,Sep,Q3
SO05225,2025-06-26,South,Kochi,Home Office,Distributor,Technology,Accessories,P10026,C1273,1,26061.22,0.0973,23524.45,16664.5,6859.96,0.29160979321514424,2025,6,Jun,Q2
SO05226,2025-08-27,North,Delhi,Consumer,Retail Store,Technology,Printers,P10003,C1266,2,17038.68,0.3234,23058.22,13294.77,9763.45,0.4234260059969937,2025,8,Aug,Q3
SO05227,2024-09-14,Central,Nagpur,Corporate,Retail Store,Technology,Accessories,P10088,C1566,8,17554.21,0.3973,84642.16,55719.54,28922.62,0.34170465404001976,2024,9,Sep,Q3
SO05228,2025-07-14,North,Lucknow,Home Office,Online,Office Supplies,Envelopes,P10097,C1597,6,411.24,0.3104,1701.62,1049.54,652.08,0.38321129276806815,2025,7,Jul,Q3
SO05229,2024-01-22,North,Jaipur,Consumer,Online,Office Supplies,Binders,P10084,C1099,4,1313.05,0.0934,4761.67,2809.98,1951.69,0.40987510684276734,2024,1,Jan,Q1
SO05230,2023-10-17,North,Jaipur,Consumer,Retail Store,Technology,Accessories,P10009,C1360,4,23906.37,0.165,79846.49,57207.88,22638.61,0.2835266772528135,2023,10,Oct,Q4
SO05231,2023-02-13,West,Pune,Consumer,Online,Furniture,Storage,P10066,C1044,9,15381.37,0.4213,80105.83,65576.65,14529.17,0.18137468895834422,2023,2,Feb,Q1
SO05232,2024-10-23,South,Chennai,Corporate,Distributor,Technology,Phones,P10062,C1094,8,13332.67,0.3817,65946.61,44835.2,21111.41,0.3201288132930563,2024,10,Oct,Q4
SO05233,2023-02-16,North,Lucknow,Corporate,Online,Furniture,Chairs,P10037,C1406,6,6991.79,0.152,35574.19,27444.95,8129.25,0.2285153927608752,2023,2,Feb,Q1
SO05234,2023-11-12,Central,Raipur,Consumer,Online,Technology,Printers,P10097,C1165,6,25081.48,0.3213,102136.42,64419.12,37717.3,0.369283552331284,2023,11,Nov,Q4
SO05235,2023-07-07,West,Surat,Corporate,Retail Store,Technology,Accessories,P10005,C1001,3,18656.78,0.2632,41239.74,28474.29,12765.45,0.3095424461938897,2023,7,Jul,Q3
SO05236,2025-10-04,South,Hyderabad,Corporate,Online,Technology,Laptops,P10066,C1543,7,20997.03,0.0754,135892.07,90869.53,45022.54,0.3313110176333321,2025,10,Oct,Q4
SO05237,2023-08-03,North,Chandigarh,Consumer,Online,Office Supplies,Envelopes,P10016,C1330,6,938.89,0.3318,3764.39,2143.83,1620.56,0.4304973714200707,2023,8,Aug,Q3
SO05238,2023-01-28,South,Chennai,Consumer,Online,Furniture,Bookcases,P10076,C1153,6,1655.86,0.214,7808.68,5418.85,2389.83,0.3060478851739346,2023,1,Jan,Q1
SO05239,2025-09-19,South,Bengaluru,Consumer,Retail Store,Technology,Printers,P10074,C1352,7,14842.56,0.3701,65450.02,42971.59,22478.42,0.34344405089562996,2025,9,Sep,Q3
SO05240,2025-07-20,West,Ahmedabad,Home Office,Online,Office Supplies,Pens,P10048,C1190,3,1232.88,0.3178,2523.35,1482.63,1040.72,0.41243584916876375,2025,7,Jul,Q3
SO05241,2024-09-15,West,Pune,Consumer,Retail Store,Furniture,Chairs,P10044,C1287,9,7307.36,0.3827,40594.25,28811.23,11783.02,0.29026327620291054,2024,9,Sep,Q3
SO05242,2023-02-25,North,Delhi,Corporate,Online,Furniture,Storage,P10077,C1496,4,5731.49,0.4766,11999.8,8166.24,3833.56,0.3194686578109635,2023,2,Feb,Q1
SO05243,2023-11-24,North,Lucknow,Corporate,Retail Store,Furniture,Tables,P10029,C1347,10,11556.04,0.4861,59382.19,44929.37,14452.82,0.24338644297221101,2023,11,Nov,Q4
SO05244,2024-05-16,South,Hyderabad,Consumer,Online,Technology,Phones,P10044,C1212,4,25007.91,0.137,86331.1,57680.75,28650.35,0.33186592085586764,2024,5,May,Q2
SO05245,2025-07-25,South,Bengaluru,Home Office,Retail Store,Technology,Phones,P10046,C1458,10,23009.77,0.1857,187372.9,108905.54,78467.36,0.41877646127054663,2025,7,Jul,Q3
SO05246,2025-05-03,North,Chandigarh,Consumer,Retail Store,Furniture,Chairs,P10081,C1506,8,10516.15,0.3478,54869.7,40800.69,14069.01,0.2564076348148432,2025,5,May,Q2
SO05247,2024-08-15,West,Pune,Consumer,Distributor,Furniture,Tables,P10050,C1100,4,8546.54,0.2906,24250.29,17128.99,7121.3,0.29365834387959894,2024,8,Aug,Q3
SO05248,2023-05-22,North,Delhi,Consumer,Distributor,Technology,Phones,P10099,C1164,5,34588.82,0.1184,152466.23,108636.52,43829.71,0.28747159288978286,2023,5,May,Q2
SO05249,2024-11-28,West,Surat,Home Office,Online,Furniture,Tables,P10061,C1236,8,9755.35,0.1701,64768.98,45200.13,19568.85,0.3021330581398688,2024,11,Nov,Q4
SO05250,2025-04-21,West,Pune,Home Office,Retail Store,Technology,Accessories,P10076,C1494,10,30429.82,0.0635,284983.34,173258.4,111724.94,0.3920402504932393,2025,4,Apr,Q2
SO05251,2023-09-30,East,Guwahati,Corporate,Online,Technology,Accessories,P10087,C1302,2,28523.21,0.55,25670.89,16385.14,9285.75,0.3617229476656244,2023,9,Sep,Q3
SO05252,2025-04-04,North,Jaipur,Consumer,Distributor,Technology,Accessories,P10026,C1296,3,20699.83,0.1698,51552.77,35899.64,15653.14,0.3036333450171543,2025,4,Apr,Q2
SO05253,2025-07-06,South,Kochi,Corporate,Retail Store,Technology,Laptops,P10024,C1293,10,31592.01,0.186,257153.26,167651.16,89502.1,0.34804964168060715,2025,7,Jul,Q3
SO05254,2024-08-15,West,Mumbai,Corporate,Retail Store,Furniture,Bookcases,P10009,C1037,4,9020.29,0.1811,29545.17,21644.05,7901.13,0.26742543705113225,2024,8,Aug,Q3
SO05255,2023-12-21,West,Pune,Corporate,Retail Store,Technology,Laptops,P10056,C1560,7,24040.61,0.0936,152535.94,107211.18,45324.76,0.2971415130099831,2023,12,Dec,Q4
SO05256,2024-05-03,West,Mumbai,Home Office,Online,Office Supplies,Envelopes,P10098,C1409,6,672.78,0.4633,2166.29,1173.73,992.57,0.45818888514464823,2024,5,May,Q2
SO05257,2024-05-13,East,Kolkata,Consumer,Online,Technology,Printers,P10007,C1356,7,18455.78,0.2065,102513.86,65481.07,37032.79,0.361246664597353,2024,5,May,Q2
SO05258,2025-05-09,South,Hyderabad,Corporate,Retail Store,Office Supplies,Pens,P10050,C1285,4,1125.19,0.2947,3174.59,2047.77,1126.82,0.35494977304155806,2025,5,May,Q2
SO05259,2024-10-25,East,Patna,Home Office,Online,Furniture,Bookcases,P10030,C1079,8,4754.83,0.1493,32358.6,23576.6,8782.0,0.27139616670684147,2024,10,Oct,Q4
SO05260,2025-03-31,South,Kochi,Home Office,Distributor,Office Supplies,Paper,P10067,C1542,9,915.18,0.1427,7061.34,3967.16,3094.18,0.43818595337428873,2025,3,Mar,Q1
SO05261,2024-10-20,North,Chandigarh,Home Office,Online,Technology,Printers,P10091,C1436,9,17697.12,0.3575,102334.97,63662.4,38672.57,0.37790180619586833,2024,10,Oct,Q4
SO05262,2025-09-15,South,Kochi,Consumer,Online,Technology,Accessories,P10076,C1548,10,27038.21,0.3783,168086.74,113019.86,55066.89,0.32760995900093015,2025,9,Sep,Q3
SO05263,2024-08-08,West,Ahmedabad,Consumer,Retail Store,Furniture,Chairs,P10087,C1249,1,10739.08,0.1711,8902.05,5907.93,2994.12,0.3363405058385428,2024,8,Aug,Q3
SO05264,2025-03-18,Central,Bhopal,Home Office,Online,Office Supplies,Pens,P10054,C1204,8,862.5,0.4177,4017.9,2459.72,1558.18,0.38780955225366487,2025,3,Mar,Q1
SO05265,2023-02-26,East,Bhubaneswar,Home Office,Distributor,Furniture,Chairs,P10049,C1471,2,3941.94,0.2487,5922.92,3976.4,1946.52,0.3286419536309793,2023,2,Feb,Q1
SO05266,2024-09-23,West,Mumbai,Consumer,Online,Office Supplies,Pens,P10026,C1240,1,894.55,0.338,592.18,363.13,229.05,0.38679117835793175,2024,9,Sep,Q3
SO05267,2025-02-04,Central,Raipur,Consumer,Retail Store,Technology,Laptops,P10088,C1451,6,22121.4,0.2828,95191.8,65974.02,29217.78,0.30693589153687606,2025,2,Feb,Q1
SO05268,2024-09-02,West,Ahmedabad,Consumer,Retail Store,Technology,Phones,P10065,C1103,1,30227.0,0.2213,23538.7,17696.24,5842.46,0.24820657045631236,2024,9,Sep,Q3
SO05269,2024-01-10,West,Ahmedabad,Corporate,Distributor,Furniture,Chairs,P10005,C1127,10,5875.93,0.2728,42728.76,30724.76,12004.0,0.2809349019255415,2024,1,Jan,Q1
SO05270,2024-03-03,South,Chennai,Home Office,Retail Store,Furniture,Tables,P10007,C1592,9,9218.47,0.3292,55655.23,39294.39,16360.84,0.29396770078930584,2024,3,Mar,Q1
SO05271,2024-11-30,Central,Bhopal,Home Office,Distributor,Office Supplies,Paper,P10072,C1432,10,898.24,0.0961,8119.33,5451.32,2668.01,0.3285997736266416,2024,11,Nov,Q4
SO05272,2023-03-05,Central,Nagpur,Consumer,Online,Office Supplies,Envelopes,P10042,C1536,2,911.45,0.2323,1399.46,888.35,511.11,0.3652194417846884,2023,3,Mar,Q1
SO05273,2025-08-16,North,Delhi,Corporate,Online,Technology,Accessories,P10058,C1562,9,26179.4,0.1385,202978.07,137148.92,65829.15,0.324316562868097,2025,8,Aug,Q3
SO05274,2023-07-22,West,Ahmedabad,Home Office,Online,Office Supplies,Pens,P10059,C1518,6,1076.44,0.4261,3706.35,2138.03,1568.32,0.4231440635665817,2023,7,Jul,Q3
SO05275,2025-08-05,West,Mumbai,Corporate,Distributor,Furniture,Bookcases,P10043,C1117,10,9786.68,0.3969,59028.28,41415.72,17612.56,0.2983749484145566,2025,8,Aug,Q3
SO05276,2023-06-03,Central,Bhopal,Consumer,Online,Technology,Laptops,P10027,C1463,5,22397.47,0.2331,85883.78,60050.59,25833.19,0.3007924197095191,2023,6,Jun,Q2
SO05277,2025-09-21,Central,Raipur,Consumer,Retail Store,Furniture,Chairs,P10017,C1011,3,11053.82,0.4136,19446.06,14028.24,5417.81,0.2786070803031565,2025,9,Sep,Q3
SO05278,2025-04-08,Central,Nagpur,Corporate,Online,Technology,Phones,P10071,C1421,4,18282.3,0.3102,50442.91,30379.2,20063.71,0.3977508434783005,2025,4,Apr,Q2
SO05279,2023-01-03,Central,Raipur,Home Office,Online,Furniture,Tables,P10037,C1140,1,9363.11,0.3999,5619.14,3520.62,2098.51,0.3734575041732365,2023,1,Jan,Q1
SO05280,2023-01-31,South,Chennai,Corporate,Online,Office Supplies,Paper,P10046,C1266,9,873.21,0.2714,5726.04,3833.43,1892.62,0.3305286026643195,2023,1,Jan,Q1
SO05281,2024-08-19,Central,Bhopal,Consumer,Online,Office Supplies,Envelopes,P10093,C1404,1,1145.64,0.3236,774.93,475.06,299.88,0.38697688823506643,2024,8,Aug,Q3
SO05282,2023-05-01,South,Bengaluru,Consumer,Distributor,Office Supplies,Binders,P10030,C1119,2,723.12,0.436,815.7,473.06,342.64,0.4200563932818438,2023,5,May,Q2
SO05283,2024-10-26,South,Chennai,Corporate,Retail Store,Technology,Laptops,P10098,C1190,6,31190.49,0.0608,175758.36,115157.52,60600.83,0.34479628735725576,2024,10,Oct,Q4
SO05284,2025-05-26,North,Jaipur,Consumer,Distributor,Technology,Accessories,P10031,C1398,3,27727.72,0.3128,57162.18,33633.92,23528.26,0.4116053656456069,2025,5,May,Q2
SO05285,2025-03-16,South,Bengaluru,Home Office,Online,Technology,Laptops,P10098,C1277,5,12047.61,0.4426,33578.41,22441.83,11136.59,0.3316592417568312,2025,3,Mar,Q1
SO05286,2025-10-12,Central,Bhopal,Consumer,Online,Office Supplies,Paper,P10028,C1171,5,877.46,0.3151,3004.75,1475.49,1529.25,0.5089441717280971,2025,10,Oct,Q4
SO05287,2025-07-18,East,Bhubaneswar,Corporate,Retail Store,Office Supplies,Binders,P10030,C1288,4,1141.41,0.0877,4165.35,2456.07,1709.29,0.41035927353043555,2025,7,Jul,Q3
SO05288,2023-11-16,West,Mumbai,Consumer,Distributor,Technology,Phones,P10034,C1308,8,15579.77,0.2318,95745.9,70414.66,25331.24,0.2645673600645041,2023,11,Nov,Q4
SO05289,2023-12-22,West,Pune,Consumer,Online,Office Supplies,Paper,P10095,C1583,3,481.93,0.1007,1300.23,744.64,555.59,0.42730132361197637,2023,12,Dec,Q4
SO05290,2025-05-16,North,Chandigarh,Corporate,Online,Technology,Phones,P10070,C1338,1,21386.14,0.159,17984.8,10263.88,7720.92,0.4293025221297985,2025,5,May,Q2
SO05291,2023-10-01,West,Surat,Consumer,Online,Office Supplies,Pens,P10072,C1173,10,885.62,0.1372,7641.28,4458.42,3182.86,0.416534926085682,2023,10,Oct,Q4
SO05292,2024-08-07,South,Bengaluru,Consumer,Online,Office Supplies,Paper,P10041,C1367,6,1182.42,0.543,3242.32,2047.75,1194.56,0.3684275457080115,2024,8,Aug,Q3
SO05293,2023-11-26,Central,Indore,Home Office,Online,Furniture,Chairs,P10084,C1420,4,5826.13,0.3133,16004.1,10346.88,5657.22,0.35348566929724257,2023,11,Nov,Q4
SO05294,2023-04-07,Central,Bhopal,Consumer,Online,Office Supplies,Pens,P10033,C1477,7,1021.92,0.3097,4938.3,2839.64,2098.66,0.4249762063868132,2023,4,Apr,Q2
SO05295,2024-06-14,East,Kolkata,Consumer,Distributor,Technology,Phones,P10065,C1362,7,22503.4,0.0997,141816.67,92702.61,49114.06,0.34632078161192187,2024,6,Jun,Q2
SO05296,2024-11-01,North,Delhi,Consumer,Online,Technology,Printers,P10010,C1486,3,15597.07,0.3458,30611.16,20677.76,9933.39,0.32450224035939834,2024,11,Nov,Q4
SO05297,2025-07-04,South,Kochi,Corporate,Online,Technology,Accessories,P10013,C1387,9,14090.93,0.3869,77750.51,48405.62,29344.89,0.37742376223641494,2025,7,Jul,Q3
SO05298,2025-12-15,East,Bhubaneswar,Home Office,Online,Furniture,Chairs,P10068,C1326,3,10501.7,0.2279,24324.3,18257.63,6066.67,0.2494077938522383,2025,12,Dec,Q4
SO05299,2024-03-03,West,Surat,Corporate,Online,Office Supplies,Envelopes,P10056,C1498,2,1013.16,0.106,1811.53,1010.01,801.52,0.4424547205952979,2024,3,Mar,Q1
SO05300,2023-03-27,East,Patna,Consumer,Online,Technology,Accessories,P10065,C1514,7,19236.57,0.4881,68933.88,48314.79,20619.08,0.2991138754992465,2023,3,Mar,Q1
SO05301,2023-11-15,Central,Indore,Corporate,Online,Technology,Laptops,P10011,C1425,9,18861.44,0.1764,139811.46,93511.42,46300.04,0.33116055007221873,2023,11,Nov,Q4
SO05302,2025-08-13,West,Pune,Home Office,Distributor,Furniture,Chairs,P10092,C1223,2,9200.08,0.55,8280.07,6276.89,2003.18,0.24192790640658837,2025,8,Aug,Q3
SO05303,2025-12-11,West,Surat,Corporate,Online,Technology,Printers,P10049,C1160,6,29150.82,0.1847,142593.8,85166.95,57426.86,0.4027304132437736,2025,12,Dec,Q4
SO05304,2025-09-16,South,Kochi,Home Office,Retail Store,Technology,Accessories,P10086,C1428,6,24298.01,0.2037,116088.3,75117.44,40970.86,0.3529284174201879,2025,9,Sep,Q3
SO05305,2024-05-13,East,Patna,Home Office,Retail Store,Technology,Laptops,P10086,C1443,3,26528.81,0.3754,49712.27,34878.07,14834.21,0.29840138058471277,2024,5,May,Q2
SO05306,2025-01-02,Central,Indore,Home Office,Retail Store,Technology,Phones,P10034,C1583,7,35201.98,0.2287,190063.08,129591.45,60471.62,0.3181660530809035,2025,1,Jan,Q1
SO05307,2025-07-07,North,Jaipur,Corporate,Online,Technology,Laptops,P10044,C1440,8,26164.42,0.341,137930.45,82607.86,55322.59,0.40109047712089674,2025,7,Jul,Q3
SO05308,2025-05-18,West,Pune,Consumer,Retail Store,Furniture,Chairs,P10077,C1257,9,11047.12,0.4782,51875.23,39563.99,12311.24,0.23732405620177488,2025,5,May,Q2
SO05309,2023-10-23,Central,Indore,Corporate,Retail Store,Technology,Printers,P10017,C1008,2,10721.66,0.2197,16731.94,9976.1,6755.85,0.4037696764391936,2023,10,Oct,Q4
SO05310,2025-12-03,North,Chandigarh,Corporate,Online,Technology,Printers,P10096,C1101,2,22336.85,0.3288,29984.17,20366.59,9617.58,0.32075525185456194,2025,12,Dec,Q4
SO05311,2024-01-09,East,Patna,Corporate,Distributor,Technology,Phones,P10026,C1098,7,19303.3,0.4386,75858.55,43160.32,32698.23,0.4310421172036639,2024,1,Jan,Q1
SO05312,2024-02-03,South,Chennai,Corporate,Retail Store,Office Supplies,Paper,P10020,C1331,8,871.31,0.481,3617.84,2213.28,1404.56,0.38823165203546867,2024,2,Feb,Q1
SO05313,2025-03-17,South,Chennai,Corporate,Retail Store,Office Supplies,Binders,P10048,C1378,5,760.47,0.4126,2233.31,1187.23,1046.08,0.46839892357084323,2025,3,Mar,Q1
SO05314,2024-04-20,West,Surat,Consumer,Online,Furniture,Chairs,P10087,C1382,1,7091.29,0.2922,5019.06,3502.8,1516.26,0.30210039330073757,2024,4,Apr,Q2
SO05315,2025-01-02,Central,Raipur,Home Office,Online,Office Supplies,Binders,P10086,C1578,10,1008.45,0.4871,5172.39,3027.04,2145.35,0.4147695746067098,2025,1,Jan,Q1
SO05316,2023-07-04,Central,Indore,Home Office,Retail Store,Technology,Laptops,P10025,C1546,2,25171.54,0.1399,43298.11,30171.93,13126.18,0.3031582671853344,2023,7,Jul,Q3
SO05317,2024-03-16,East,Bhubaneswar,Consumer,Retail Store,Technology,Printers,P10074,C1087,3,23031.98,0.0371,66534.94,37688.5,28846.44,0.4335532578822495,2024,3,Mar,Q1
SO05318,2023-08-27,South,Kochi,Corporate,Online,Office Supplies,Pens,P10062,C1534,5,861.98,0.1019,3870.57,2178.1,1692.46,0.4372637621848978,2023,8,Aug,Q3
SO05319,2024-04-20,East,Bhubaneswar,Consumer,Online,Office Supplies,Paper,P10010,C1037,6,995.12,0.3341,3976.0,2270.43,1705.58,0.42896881287726357,2024,4,Apr,Q2
SO05320,2024-12-09,North,Lucknow,Consumer,Retail Store,Technology,Accessories,P10011,C1454,7,14209.73,0.2262,76964.02,51976.69,24987.32,0.32466235521481335,2024,12,Dec,Q4
SO05321,2024-11-19,West,Ahmedabad,Consumer,Retail Store,Furniture,Tables,P10093,C1163,3,13034.71,0.4684,20786.12,15223.69,5562.44,0.2676035739233681,2024,11,Nov,Q4
SO05322,2023-01-20,South,Kochi,Home Office,Online,Technology,Accessories,P10079,C1600,7,28780.79,0.1891,163373.06,111680.19,51692.87,0.31641000052273,2023,1,Jan,Q1
SO05323,2024-11-27,West,Mumbai,Consumer,Online,Furniture,Bookcases,P10019,C1430,3,10281.63,0.2315,23705.7,17733.43,5972.27,0.2519339230649169,2024,11,Nov,Q4
SO05324,2023-05-27,Central,Raipur,Home Office,Distributor,Office Supplies,Envelopes,P10065,C1573,7,854.52,0.3108,4122.29,2668.98,1453.31,0.35254918989202605,2023,5,May,Q2
SO05325,2023-02-10,East,Bhubaneswar,Consumer,Retail Store,Technology,Phones,P10081,C1354,4,38299.42,0.0733,141966.81,97532.61,44434.2,0.31299005732396185,2023,2,Feb,Q1
SO05326,2025-01-07,North,Lucknow,Home Office,Retail Store,Office Supplies,Paper,P10012,C1587,10,951.81,0.3614,6078.23,3227.8,2850.43,0.4689572457771424,2025,1,Jan,Q1
SO05327,2025-09-06,West,Surat,Home Office,Online,Office Supplies,Paper,P10076,C1487,9,861.18,0.1807,6349.8,3647.57,2702.24,0.4255630098585782,2025,9,Sep,Q3
SO05328,2024-04-06,Central,Indore,Consumer,Retail Store,Office Supplies,Envelopes,P10066,C1365,1,1341.92,0.2374,1023.29,656.95,366.34,0.35800213038337125,2024,4,Apr,Q2
SO05329,2023-11-07,South,Chennai,Consumer,Online,Furniture,Chairs,P10006,C1186,2,7471.9,0.1573,12592.81,7322.27,5270.53,0.41853486235399406,2023,11,Nov,Q4
SO05330,2025-08-04,North,Delhi,Consumer,Retail Store,Furniture,Storage,P10050,C1027,3,9926.64,0.0756,27529.07,20557.78,6971.29,0.2532337634362512,2025,8,Aug,Q3
SO05331,2025-03-02,West,Mumbai,Corporate,Online,Office Supplies,Paper,P10031,C1423,3,839.78,0.3248,1700.94,1030.2,670.74,0.3943348971745035,2025,3,Mar,Q1
SO05332,2023-09-02,West,Pune,Home Office,Online,Technology,Phones,P10034,C1547,7,16176.66,0.2753,82061.02,48720.91,33340.11,0.4062843722878414,2023,9,Sep,Q3
SO05333,2024-12-03,North,Jaipur,Corporate,Retail Store,Technology,Laptops,P10056,C1543,4,24344.02,0.086,89005.29,58779.28,30226.01,0.3395979047986923,2024,12,Dec,Q4
SO05334,2023-03-31,Central,Raipur,Home Office,Online,Technology,Accessories,P10073,C1173,5,24854.56,0.294,87737.05,56321.77,31415.28,0.3580617310474879,2023,3,Mar,Q1
SO05335,2025-02-13,North,Jaipur,Corporate,Online,Furniture,Storage,P10058,C1152,8,12286.02,0.1427,84267.03,60259.51,24007.52,0.2848981386907786,2025,2,Feb,Q1
SO05336,2023-11-11,North,Jaipur,Consumer,Online,Furniture,Tables,P10088,C1508,3,12271.35,0.2381,28050.28,21401.1,6649.18,0.2370450491046792,2023,11,Nov,Q4
SO05337,2024-11-27,West,Surat,Consumer,Retail Store,Technology,Printers,P10070,C1566,5,12629.82,0.1815,51688.88,32721.79,18967.09,0.3669472041181779,2024,11,Nov,Q4
SO05338,2025-12-17,East,Patna,Consumer,Online,Office Supplies,Paper,P10011,C1434,5,387.7,0.2728,1409.69,909.02,500.66,0.3551560981492385,2025,12,Dec,Q4
SO05339,2025-08-26,East,Kolkata,Consumer,Distributor,Office Supplies,Paper,P10032,C1507,8,1105.5,0.229,6818.44,4027.17,2791.27,0.4093707651603593,2025,8,Aug,Q3
SO05340,2023-06-28,East,Patna,Consumer,Retail Store,Office Supplies,Envelopes,P10096,C1183,4,738.66,0.3577,1897.84,1183.22,714.63,0.3765491295367365,2023,6,Jun,Q2
SO05341,2025-05-21,Central,Indore,Consumer,Retail Store,Furniture,Storage,P10080,C1118,4,7266.1,0.2954,20478.8,14754.18,5724.61,0.27953835185655407,2025,5,May,Q2
SO05342,2025-09-05,Central,Nagpur,Consumer,Online,Technology,Phones,P10016,C1417,6,22371.92,0.3206,91200.29,66855.07,24345.22,0.26694235292453566,2025,9,Sep,Q3
SO05343,2025-02-11,South,Bengaluru,Consumer,Online,Technology,Phones,P10079,C1114,1,18800.5,0.55,8460.22,5900.47,2559.75,0.30256305391585564,2025,2,Feb,Q1
SO05344,2023-08-03,East,Kolkata,Corporate,Online,Office Supplies,Pens,P10062,C1262,10,1023.49,0.2324,7856.48,4356.47,3500.01,0.4454934016251553,2023,8,Aug,Q3
SO05345,2024-08-22,Central,Indore,Corporate,Online,Office Supplies,Paper,P10074,C1511,5,556.13,0.3764,1734.14,847.63,886.5,0.511204401028752,2024,8,Aug,Q3
SO05346,2024-11-26,West,Pune,Home Office,Online,Furniture,Storage,P10054,C1549,9,12698.45,0.55,51428.7,36717.77,14710.93,0.28604514599824615,2024,11,Nov,Q4
SO05347,2025-01-09,West,Pune,Home Office,Online,Office Supplies,Paper,P10036,C1194,10,753.0,0.3496,4897.43,2848.53,2048.89,0.41836024200447985,2025,1,Jan,Q1
SO05348,2024-03-03,North,Lucknow,Home Office,Online,Technology,Printers,P10006,C1540,4,14089.55,0.181,46157.88,33430.54,12727.34,0.275734934100093,2024,3,Mar,Q1
SO05349,2025-02-28,East,Patna,Consumer,Online,Office Supplies,Pens,P10009,C1232,7,1041.71,0.0968,6586.33,3997.9,2588.43,0.3930003507264288,2025,2,Feb,Q1
SO05350,2024-04-05,East,Kolkata,Corporate,Retail Store,Office Supplies,Paper,P10072,C1189,9,775.73,0.2811,5018.9,2737.5,2281.4,0.4545617565602025,2024,4,Apr,Q2
SO05351,2025-02-17,West,Mumbai,Home Office,Online,Office Supplies,Binders,P10012,C1584,2,853.32,0.4212,987.86,556.92,430.94,0.4362359038730184,2025,2,Feb,Q1
SO05352,2025-03-30,South,Bengaluru,Consumer,Online,Technology,Printers,P10003,C1425,7,18354.46,0.0971,116007.14,75745.47,40261.66,0.3470619136029041,2025,3,Mar,Q1
SO05353,2023-06-03,North,Delhi,Consumer,Online,Technology,Accessories,P10028,C1442,7,4593.44,0.2255,24903.31,16112.9,8790.42,0.35298199315673295,2023,6,Jun,Q2
SO05354,2023-09-02,West,Ahmedabad,Corporate,Retail Store,Technology,Phones,P10070,C1289,2,9500.56,0.213,14954.73,11111.29,3843.44,0.2570049743459093,2023,9,Sep,Q3
SO05355,2023-02-17,North,Lucknow,Consumer,Online,Technology,Laptops,P10027,C1496,10,23687.63,0.4398,132686.66,87075.41,45611.25,0.34375158738640343,2023,2,Feb,Q1
SO05356,2023-02-11,South,Bengaluru,Corporate,Retail Store,Office Supplies,Paper,P10091,C1129,7,812.92,0.17,4723.25,3112.33,1610.92,0.3410617689091198,2023,2,Feb,Q1
SO05357,2024-11-30,West,Ahmedabad,Consumer,Online,Technology,Laptops,P10041,C1003,5,25575.93,0.3578,82128.87,51684.77,30444.11,0.3706870677753146,2024,11,Nov,Q4
SO05358,2023-02-22,East,Guwahati,Consumer,Retail Store,Office Supplies,Binders,P10026,C1213,3,938.07,0.2179,2201.12,1359.03,842.08,0.38256887402776774,2023,2,Feb,Q1
SO05359,2025-08-04,West,Pune,Home Office,Online,Technology,Phones,P10070,C1175,2,26029.7,0.0394,50006.08,33694.52,16311.56,0.3261915351093307,2025,8,Aug,Q3
SO05360,2025-03-05,East,Kolkata,Consumer,Retail Store,Furniture,Chairs,P10070,C1477,8,5677.17,0.3662,28787.4,22967.57,5819.83,0.20216587812723621,2025,3,Mar,Q1
SO05361,2024-06-03,North,Chandigarh,Corporate,Online,Furniture,Chairs,P10002,C1004,2,2507.73,0.3142,3439.69,2476.7,962.99,0.27996418281880053,2024,6,Jun,Q2
SO05362,2023-10-05,Central,Nagpur,Corporate,Online,Technology,Accessories,P10029,C1570,7,19428.75,0.0824,124790.1,84562.22,40227.88,0.32236435422361226,2023,10,Oct,Q4
SO05363,2024-10-05,West,Surat,Home Office,Online,Office Supplies,Envelopes,P10029,C1276,7,1026.97,0.3055,4992.54,2669.14,2323.4,0.46537433851306154,2024,10,Oct,Q4
SO05364,2025-08-20,South,Bengaluru,Corporate,Retail Store,Furniture,Bookcases,P10003,C1464,6,7970.05,0.0661,44659.47,32152.92,12506.55,0.2800425083414559,2025,8,Aug,Q3
SO05365,2024-05-07,East,Guwahati,Home Office,Distributor,Technology,Printers,P10093,C1115,10,11316.37,0.1847,92258.33,66545.98,25712.35,0.27869949521089316,2024,5,May,Q2
SO05366,2023-09-21,West,Surat,Consumer,Retail Store,Furniture,Storage,P10088,C1558,8,10808.68,0.1341,74875.08,51424.81,23450.27,0.3131919191271649,2023,9,Sep,Q3
SO05367,2023-02-11,West,Mumbai,Consumer,Online,Furniture,Tables,P10050,C1583,6,13010.32,0.3118,53723.01,39236.9,14486.11,0.26964442238065217,2023,2,Feb,Q1
SO05368,2024-11-22,North,Jaipur,Corporate,Online,Technology,Laptops,P10014,C1422,6,33554.67,0.3997,120851.61,80820.9,40030.71,0.3312385329413485,2024,11,Nov,Q4
SO05369,2025-07-03,West,Pune,Corporate,Online,Furniture,Chairs,P10047,C1094,10,7954.57,0.1845,64868.97,43710.52,21158.45,0.32617212821476893,2025,7,Jul,Q3
SO05370,2024-09-24,East,Patna,Corporate,Retail Store,Office Supplies,Envelopes,P10073,C1595,3,1066.26,0.2124,2519.38,1391.52,1127.86,0.44767363398931476,2024,9,Sep,Q3
SO05371,2023-06-20,West,Surat,Corporate,Online,Technology,Phones,P10093,C1559,6,22515.66,0.4822,69950.72,45446.93,24503.79,0.35030075458837306,2023,6,Jun,Q2
SO05372,2025-12-22,West,Ahmedabad,Corporate,Online,Furniture,Storage,P10089,C1499,7,9361.88,0.1915,52983.45,40153.49,12829.96,0.24215033184890752,2025,12,Dec,Q4
SO05373,2025-07-24,North,Delhi,Consumer,Retail Store,Technology,Accessories,P10084,C1326,3,17926.88,0.1997,43042.04,29033.74,14008.3,0.3254562283757926,2025,7,Jul,Q3
SO05374,2024-12-21,East,Patna,Consumer,Retail Store,Furniture,Chairs,P10089,C1062,3,14690.18,0.55,19831.74,13820.19,6011.55,0.30312771345328243,2024,12,Dec,Q4
SO05375,2024-02-02,North,Jaipur,Consumer,Retail Store,Furniture,Storage,P10005,C1113,6,10869.69,0.1626,54614.73,39551.24,15063.48,0.27581350306043806,2024,2,Feb,Q1
SO05376,2024-12-06,South,Kochi,Consumer,Online,Technology,Phones,P10044,C1429,9,18261.89,0.2985,115295.92,72077.27,43218.65,0.3748497778585747,2024,12,Dec,Q4
SO05377,2024-01-28,Central,Bhopal,Home Office,Online,Furniture,Chairs,P10088,C1461,2,12993.21,0.2138,20429.75,14584.34,5845.41,0.286122443984875,2024,1,Jan,Q1
SO05378,2024-02-14,North,Lucknow,Home Office,Online,Technology,Phones,P10079,C1509,8,25860.38,0.2257,160180.29,108339.51,51840.78,0.3236401931848169,2024,2,Feb,Q1
SO05379,2024-11-21,North,Jaipur,Consumer,Online,Office Supplies,Paper,P10039,C1481,7,1244.93,0.3977,5248.51,3499.02,1749.48,0.3333288876271551,2024,11,Nov,Q4
SO05380,2025-11-21,West,Surat,Corporate,Distributor,Furniture,Bookcases,P10062,C1578,8,10694.67,0.4341,48418.69,35497.14,12921.55,0.26687111939624963,2025,11,Nov,Q4
SO05381,2025-02-25,West,Ahmedabad,Consumer,Online,Furniture,Bookcases,P10016,C1398,2,12981.78,0.2825,18628.82,13441.13,5187.7,0.27847711234528005,2025,2,Feb,Q1
SO05382,2023-09-15,North,Jaipur,Corporate,Retail Store,Office Supplies,Pens,P10003,C1135,7,398.18,0.0209,2729.04,1569.67,1159.37,0.424827045407909,2023,9,Sep,Q3
SO05383,2025-02-06,Central,Nagpur,Home Office,Online,Technology,Laptops,P10088,C1450,10,29533.92,0.1017,265311.07,150704.44,114606.63,0.4319707805633591,2025,2,Feb,Q1
SO05384,2025-03-12,East,Guwahati,Corporate,Distributor,Technology,Phones,P10074,C1057,4,18584.37,0.1436,63662.69,45145.28,18517.4,0.2908673824495949,2025,3,Mar,Q1
SO05385,2023-08-13,North,Delhi,Consumer,Online,Technology,Printers,P10050,C1598,1,12945.74,0.1357,11189.23,6982.74,4206.49,0.3759409718094989,2023,8,Aug,Q3
SO05386,2024-12-11,West,Surat,Corporate,Retail Store,Technology,Printers,P10100,C1591,8,24390.5,0.1243,170861.21,114488.18,56373.03,0.3299346293989139,2024,12,Dec,Q4
SO05387,2023-01-13,North,Lucknow,Consumer,Distributor,Office Supplies,Paper,P10021,C1306,4,1202.63,0.1493,4092.36,2256.0,1836.36,0.4487288508342374,2023,1,Jan,Q1
SO05388,2025-09-13,West,Pune,Consumer,Distributor,Technology,Laptops,P10069,C1525,10,20230.15,0.1569,170566.46,126993.46,43573.0,0.2554605401319814,2025,9,Sep,Q3
SO05389,2024-01-06,West,Surat,Consumer,Online,Office Supplies,Binders,P10056,C1053,6,937.88,0.1868,4575.95,2581.39,1994.57,0.4358810738753701,2024,1,Jan,Q1
SO05390,2025-03-22,South,Hyderabad,Consumer,Online,Technology,Printers,P10077,C1180,5,30041.19,0.2692,109771.7,74006.44,35765.26,0.32581494137377853,2025,3,Mar,Q1
SO05391,2024-07-02,Central,Raipur,Consumer,Online,Office Supplies,Binders,P10011,C1187,8,894.27,0.1201,6295.16,3855.68,2439.48,0.38751675890684273,2024,7,Jul,Q3
SO05392,2023-06-05,West,Surat,Consumer,Distributor,Technology,Phones,P10026,C1445,8,25868.68,0.0798,190441.39,126893.6,63547.79,0.33368686292407335,2023,6,Jun,Q2
SO05393,2023-11-17,North,Lucknow,Consumer,Retail Store,Technology,Laptops,P10075,C1491,8,19102.17,0.1815,125073.91,82660.86,42413.06,0.33910397460189734,2023,11,Nov,Q4
SO05394,2025-10-09,East,Kolkata,Consumer,Retail Store,Office Supplies,Paper,P10004,C1316,2,758.32,0.1628,1269.7,624.04,645.66,0.5085138221627156,2025,10,Oct,Q4
SO05395,2024-06-26,South,Bengaluru,Corporate,Online,Furniture,Bookcases,P10081,C1175,6,9758.28,0.223,45494.08,34259.34,11234.74,0.2469494932087867,2024,6,Jun,Q2
SO05396,2025-11-09,North,Chandigarh,Corporate,Distributor,Furniture,Storage,P10001,C1264,5,8624.51,0.1804,35341.73,24486.43,10855.3,0.30715247951925384,2025,11,Nov,Q4
SO05397,2024-11-02,South,Bengaluru,Corporate,Online,Office Supplies,Pens,P10067,C1032,5,792.53,0.1175,3497.03,1809.12,1687.91,0.48266957961470164,2024,11,Nov,Q4
SO05398,2025-10-06,East,Patna,Corporate,Online,Office Supplies,Envelopes,P10089,C1161,8,1034.79,0.4027,4944.22,2813.16,2131.07,0.43102248686344863,2025,10,Oct,Q4
SO05399,2025-05-27,West,Ahmedabad,Consumer,Retail Store,Technology,Laptops,P10089,C1225,2,20044.45,0.0824,36784.39,26371.68,10412.72,0.2830744236889615,2025,5,May,Q2
SO05400,2025-02-24,East,Bhubaneswar,Consumer,Online,Technology,Laptops,P10063,C1063,5,20641.01,0.2284,79633.55,50675.3,28958.24,0.36364371549428604,2025,2,Feb,Q1
SO05401,2024-06-24,South,Chennai,Corporate,Retail Store,Furniture,Storage,P10088,C1229,9,5481.21,0.2322,37874.08,26830.68,11043.4,0.29158200014363383,2024,6,Jun,Q2
SO05402,2023-06-05,East,Patna,Corporate,Online,Furniture,Bookcases,P10087,C1562,9,6778.45,0.3332,40677.85,32652.17,8025.69,0.19729877562358875,2023,6,Jun,Q2
SO05403,2025-08-04,North,Lucknow,Corporate,Retail Store,Technology,Phones,P10029,C1447,7,9986.81,0.1044,62606.61,38001.23,24605.38,0.3930156895573806,2025,8,Aug,Q3
SO05404,2024-04-02,West,Mumbai,Home Office,Online,Technology,Phones,P10063,C1556,9,23852.0,0.4623,115422.29,74790.87,40631.42,0.3520240327929727,2024,4,Apr,Q2
SO05405,2024-04-16,South,Bengaluru,Consumer,Retail Store,Furniture,Chairs,P10031,C1145,7,15468.42,0.145,92583.03,68654.62,23928.41,0.25845352004573624,2024,4,Apr,Q2
SO05406,2025-10-14,North,Delhi,Consumer,Retail Store,Furniture,Tables,P10045,C1336,7,8039.53,0.2114,44378.54,32667.07,11711.47,0.26389939822265446,2025,10,Oct,Q4
SO05407,2023-10-27,East,Patna,Corporate,Online,Furniture,Storage,P10069,C1216,4,13165.57,0.1122,46755.7,33365.83,13389.87,0.28637941470237854,2023,10,Oct,Q4
SO05408,2023-03-07,East,Bhubaneswar,Consumer,Online,Technology,Printers,P10069,C1082,9,15430.88,0.2108,109603.51,85427.32,24176.18,0.22057851979375478,2023,3,Mar,Q1
SO05409,2025-11-20,East,Kolkata,Consumer,Online,Technology,Phones,P10012,C1068,4,27090.2,0.379,67296.8,40930.73,26366.07,0.39178787104290247,2025,11,Nov,Q4
SO05410,2023-09-17,West,Mumbai,Consumer,Retail Store,Furniture,Bookcases,P10093,C1321,5,12261.49,0.0754,56686.5,39696.21,16990.29,0.2997237437485116,2023,9,Sep,Q3
SO05411,2025-03-02,West,Ahmedabad,Consumer,Online,Office Supplies,Envelopes,P10072,C1177,1,629.36,0.191,509.14,302.68,206.45,0.4054876851160781,2025,3,Mar,Q1
SO05412,2024-06-03,East,Guwahati,Consumer,Online,Office Supplies,Paper,P10069,C1270,1,546.62,0.2536,408.01,208.83,199.18,0.48817430945319973,2024,6,Jun,Q2
SO05413,2025-09-30,West,Ahmedabad,Consumer,Distributor,Office Supplies,Binders,P10090,C1498,9,871.58,0.0773,7238.12,3886.97,3351.15,0.46298624504705643,2025,9,Sep,Q3
SO05414,2024-11-25,East,Guwahati,Corporate,Online,Furniture,Tables,P10005,C1353,4,5289.98,0.2446,15983.85,11815.95,4167.9,0.2607569515479687,2024,11,Nov,Q4
SO05415,2023-08-31,East,Patna,Consumer,Online,Furniture,Chairs,P10081,C1065,3,11578.61,0.5047,17205.08,11676.14,5528.95,0.32135566937206916,2023,8,Aug,Q3
SO05416,2023-03-24,South,Hyderabad,Corporate,Online,Office Supplies,Pens,P10050,C1564,7,935.3,0.0452,6251.09,3805.86,2445.24,0.3911701799206218,2023,3,Mar,Q1
SO05417,2024-11-10,Central,Bhopal,Consumer,Online,Technology,Phones,P10030,C1278,7,22472.98,0.2274,121534.32,70700.94,50833.38,0.41826358184256096,2024,11,Nov,Q4
SO05418,2024-02-20,West,Pune,Home Office,Online,Technology,Laptops,P10062,C1495,7,12873.24,0.1983,72240.38,46410.63,25829.75,0.3575527980334544,2024,2,Feb,Q1
SO05419,2025-11-03,North,Chandigarh,Consumer,Online,Furniture,Storage,P10057,C1417,6,6213.08,0.3866,22867.47,17809.22,5058.25,0.22119849725395943,2025,11,Nov,Q4
SO05420,2025-01-26,South,Bengaluru,Corporate,Distributor,Technology,Accessories,P10077,C1192,1,23577.67,0.1575,19864.79,12462.2,7402.59,0.37264879215939356,2025,1,Jan,Q1
SO05421,2024-07-28,North,Delhi,Home Office,Retail Store,Technology,Phones,P10064,C1032,9,16544.98,0.2224,115789.44,69932.51,45856.94,0.3960373243017671,2024,7,Jul,Q3
SO05422,2025-11-11,South,Hyderabad,Corporate,Retail Store,Furniture,Bookcases,P10062,C1085,6,7164.47,0.2644,31620.29,22634.56,8985.74,0.2841763943341443,2025,11,Nov,Q4
SO05423,2023-03-17,West,Pune,Home Office,Online,Office Supplies,Paper,P10055,C1352,6,1533.59,0.0933,8343.16,4278.5,4064.66,0.48718471178785977,2023,3,Mar,Q1
SO05424,2025-04-23,South,Bengaluru,Home Office,Retail Store,Office Supplies,Envelopes,P10090,C1452,10,1453.2,0.1138,12878.26,7451.02,5427.25,0.42142727356024806,2025,4,Apr,Q2
SO05425,2024-08-12,North,Delhi,Home Office,Retail Store,Technology,Laptops,P10080,C1440,2,23317.12,0.0523,44196.75,32582.22,11614.53,0.26279149484973446,2024,8,Aug,Q3
SO05426,2025-01-11,Central,Raipur,Consumer,Online,Technology,Printers,P10055,C1179,10,21794.18,0.1499,185274.93,117403.45,67871.48,0.3663284611684916,2025,1,Jan,Q1
SO05427,2025-05-18,Central,Bhopal,Corporate,Online,Technology,Accessories,P10068,C1085,4,27389.86,0.3718,68828.87,48326.51,20502.36,0.2978744239154297,2025,5,May,Q2
SO05428,2023-05-07,Central,Bhopal,Corporate,Online,Furniture,Bookcases,P10032,C1397,3,6738.0,0.2171,15825.62,11378.34,4447.28,0.2810177421168965,2023,5,May,Q2
SO05429,2024-08-18,Central,Indore,Corporate,Online,Technology,Laptops,P10008,C1344,8,22230.81,0.1122,157890.98,101733.24,56157.74,0.3556741493402599,2024,8,Aug,Q3
SO05430,2024-09-01,North,Jaipur,Consumer,Retail Store,Furniture,Tables,P10014,C1135,1,12278.97,0.2625,9055.26,6453.32,2601.94,0.28734017576524584,2024,9,Sep,Q3
SO05431,2023-02-06,South,Bengaluru,Consumer,Online,Furniture,Chairs,P10097,C1213,1,9198.15,0.1753,7585.52,5355.57,2229.95,0.29397457260675597,2023,2,Feb,Q1
SO05432,2025-07-29,Central,Bhopal,Consumer,Retail Store,Office Supplies,Binders,P10012,C1443,2,1104.34,0.2622,1629.65,802.31,827.34,0.5076795630963704,2025,7,Jul,Q3
SO05433,2025-07-21,North,Jaipur,Corporate,Retail Store,Technology,Accessories,P10093,C1380,1,30891.02,0.1878,25090.74,16638.05,8452.69,0.33688484277466507,2025,7,Jul,Q3
SO05434,2024-04-03,East,Bhubaneswar,Corporate,Retail Store,Technology,Printers,P10021,C1204,2,25569.85,0.083,46896.0,29469.07,17426.93,0.3716080262708973,2024,4,Apr,Q2
SO05435,2025-12-07,Central,Indore,Home Office,Distributor,Technology,Printers,P10074,C1462,9,17140.73,0.1977,123764.62,84581.69,39182.93,0.3165923347076087,2025,12,Dec,Q4
SO05436,2024-12-12,North,Lucknow,Corporate,Online,Technology,Accessories,P10047,C1576,10,8648.66,0.0919,78539.46,44940.26,33599.2,0.4278002420694005,2024,12,Dec,Q4
SO05437,2023-03-17,Central,Indore,Home Office,Online,Office Supplies,Paper,P10023,C1201,2,1175.73,0.171,1949.3,1170.26,779.05,0.3996562868722105,2023,3,Mar,Q1
SO05438,2024-01-10,South,Kochi,Consumer,Retail Store,Furniture,Storage,P10033,C1467,5,10630.57,0.2836,38080.67,28495.92,9584.75,0.25169593917333916,2024,1,Jan,Q1
SO05439,2023-05-10,East,Guwahati,Home Office,Online,Technology,Laptops,P10099,C1366,6,16795.9,0.2458,76006.31,50412.53,25593.78,0.33673230551516053,2023,5,May,Q2
SO05440,2023-11-06,South,Hyderabad,Home Office,Retail Store,Technology,Accessories,P10077,C1021,3,30930.68,0.3069,64310.95,36654.55,27656.4,0.43004185134879835,2023,11,Nov,Q4
SO05441,2023-12-19,South,Chennai,Home Office,Online,Technology,Accessories,P10047,C1398,6,22336.1,0.4052,79709.77,53348.82,26360.95,0.3307116555473689,2023,12,Dec,Q4
SO05442,2024-07-19,Central,Raipur,Consumer,Distributor,Furniture,Chairs,P10026,C1011,4,13010.99,0.498,26123.78,19064.8,7058.98,0.27021280993791863,2024,7,Jul,Q3
SO05443,2025-09-13,Central,Bhopal,Consumer,Retail Store,Technology,Printers,P10009,C1126,9,10816.95,0.1163,86034.17,53976.8,32057.37,0.37261206797252766,2025,9,Sep,Q3
SO05444,2024-09-04,Central,Nagpur,Consumer,Retail Store,Furniture,Storage,P10050,C1226,3,8002.46,0.3611,15339.43,10126.59,5212.85,0.33983335756282995,2024,9,Sep,Q3
SO05445,2024-07-13,East,Kolkata,Corporate,Retail Store,Furniture,Chairs,P10069,C1060,10,8691.47,0.1408,74676.42,49331.04,25345.38,0.3394027190912473,2024,7,Jul,Q3
SO05446,2024-08-18,South,Kochi,Consumer,Distributor,Technology,Phones,P10013,C1154,2,20359.16,0.243,30823.09,17971.63,12851.46,0.41694262320876974,2024,8,Aug,Q3
SO05447,2023-08-29,West,Surat,Corporate,Retail Store,Furniture,Bookcases,P10070,C1239,4,7919.29,0.1158,28010.04,20377.47,7632.58,0.272494434138616,2023,8,Aug,Q3
SO05448,2025-01-27,East,Bhubaneswar,Corporate,Online,Furniture,Chairs,P10067,C1415,3,7775.26,0.233,17890.91,13211.24,4679.67,0.26156690744070593,2025,1,Jan,Q1
SO05449,2023-01-31,North,Chandigarh,Consumer,Online,Office Supplies,Binders,P10032,C1426,10,623.42,0.5422,2853.81,1795.87,1057.95,0.3707149389763159,2023,1,Jan,Q1
SO05450,2025-05-10,North,Chandigarh,Consumer,Retail Store,Furniture,Bookcases,P10003,C1163,5,6028.28,0.5145,14634.15,10929.09,3705.06,0.25317903670524083,2025,5,May,Q2
SO05451,2024-08-19,North,Delhi,Corporate,Retail Store,Furniture,Bookcases,P10096,C1022,5,9658.37,0.362,30811.45,19986.92,10824.53,0.351315176663221,2024,8,Aug,Q3
SO05452,2025-03-05,North,Delhi,Corporate,Online,Furniture,Storage,P10095,C1320,1,10720.54,0.55,4824.24,3641.03,1183.22,0.24526557551033948,2025,3,Mar,Q1
SO05453,2024-02-18,South,Kochi,Corporate,Online,Technology,Phones,P10021,C1408,5,19862.16,0.3549,64061.88,42018.41,22043.46,0.3440963643277406,2024,2,Feb,Q1
SO05454,2023-11-24,North,Delhi,Home Office,Retail Store,Technology,Accessories,P10043,C1318,3,20610.12,0.0904,56239.49,33807.93,22431.56,0.39885781325541897,2023,11,Nov,Q4
SO05455,2023-04-11,North,Lucknow,Home Office,Online,Furniture,Storage,P10012,C1501,4,9145.96,0.2827,26241.97,19526.09,6715.88,0.2559213351741504,2023,4,Apr,Q2
SO05456,2023-05-01,South,Hyderabad,Consumer,Retail Store,Office Supplies,Binders,P10097,C1391,10,1073.43,0.4727,5659.85,3355.33,2304.53,0.4071715681510994,2023,5,May,Q2
SO05457,2025-10-04,South,Bengaluru,Consumer,Online,Furniture,Bookcases,P10037,C1234,10,9402.39,0.3183,64096.58,45137.79,18958.8,0.29578489211124837,2025,10,Oct,Q4
SO05458,2024-04-15,South,Chennai,Consumer,Online,Technology,Accessories,P10016,C1457,4,23618.17,0.2352,72249.9,45697.73,26552.17,0.367504591701857,2024,4,Apr,Q2
SO05459,2024-12-28,North,Lucknow,Home Office,Retail Store,Technology,Printers,P10050,C1219,7,24597.05,0.2571,127906.17,89126.92,38779.25,0.3031851395440892,2024,12,Dec,Q4
SO05460,2024-06-22,East,Patna,Home Office,Online,Furniture,Bookcases,P10087,C1357,6,6996.79,0.55,18891.34,12776.97,6114.38,0.3236604708824255,2024,6,Jun,Q2
SO05461,2025-07-22,South,Hyderabad,Corporate,Distributor,Office Supplies,Binders,P10091,C1566,5,1306.88,0.1389,5626.56,3280.06,2346.5,0.4170398964909287,2025,7,Jul,Q3
SO05462,2025-09-22,West,Mumbai,Consumer,Online,Office Supplies,Envelopes,P10060,C1213,7,1230.01,0.1994,6893.56,4116.3,2777.26,0.402877468245725,2025,9,Sep,Q3
SO05463,2023-04-23,North,Jaipur,Consumer,Retail Store,Furniture,Bookcases,P10041,C1450,9,5921.92,0.3454,34890.94,21955.09,12935.85,0.3707509743217007,2023,4,Apr,Q2
SO05464,2024-05-23,South,Hyderabad,Consumer,Distributor,Technology,Laptops,P10099,C1358,6,30918.34,0.2732,134821.23,94345.38,40475.85,0.3002186673419312,2024,5,May,Q2
SO05465,2023-12-10,North,Jaipur,Consumer,Retail Store,Furniture,Tables,P10056,C1200,10,5491.19,0.4344,31057.18,22642.9,8414.28,0.27092865482313594,2023,12,Dec,Q4
SO05466,2024-11-19,West,Ahmedabad,Corporate,Online,Technology,Phones,P10087,C1266,8,23156.59,0.1362,160025.46,112800.38,47225.08,0.2951097906545621,2024,11,Nov,Q4
SO05467,2025-09-04,West,Ahmedabad,Consumer,Retail Store,Technology,Phones,P10032,C1297,2,22494.84,0.1888,36495.47,24320.01,12175.46,0.3336156514767449,2025,9,Sep,Q3
SO05468,2024-06-03,East,Patna,Corporate,Online,Technology,Printers,P10033,C1113,10,29790.69,0.2669,218399.57,141376.7,77022.86,0.3526694672521562,2024,6,Jun,Q2
SO05469,2023-11-24,North,Delhi,Corporate,Online,Technology,Printers,P10091,C1025,7,28418.22,0.2511,148971.07,105959.91,43011.16,0.28872156184418896,2023,11,Nov,Q4
SO05470,2024-02-12,East,Bhubaneswar,Corporate,Online,Office Supplies,Pens,P10012,C1401,5,1073.92,0.3845,3304.82,1907.71,1397.11,0.42274919662795546,2024,2,Feb,Q1
SO05471,2024-06-23,East,Guwahati,Corporate,Online,Office Supplies,Paper,P10008,C1559,3,627.51,0.0885,1715.98,1167.23,548.75,0.3197881094185247,2024,6,Jun,Q2
SO05472,2024-11-18,South,Kochi,Corporate,Online,Technology,Accessories,P10071,C1082,5,15074.58,0.1673,62765.15,46453.9,16311.25,0.2598774957121906,2024,11,Nov,Q4
SO05473,2024-07-02,South,Kochi,Corporate,Retail Store,Furniture,Storage,P10019,C1191,1,7321.44,0.4133,4295.49,2981.19,1314.3,0.3059720776907873,2024,7,Jul,Q3
SO05474,2023-12-19,East,Patna,Consumer,Online,Office Supplies,Binders,P10076,C1075,8,908.34,0.5179,3503.6,1918.82,1584.78,0.4523290329946341,2023,12,Dec,Q4
SO05475,2024-11-06,North,Lucknow,Consumer,Online,Technology,Laptops,P10059,C1285,8,17699.13,0.1717,117288.56,75109.88,42178.68,0.35961461203036343,2024,11,Nov,Q4
SO05476,2023-10-24,West,Ahmedabad,Consumer,Retail Store,Furniture,Storage,P10044,C1270,3,10203.52,0.2949,21582.18,15823.12,5759.06,0.26684329386558725,2023,10,Oct,Q4
SO05477,2024-06-13,South,Chennai,Home Office,Distributor,Office Supplies,Paper,P10052,C1511,10,1077.38,0.2977,7566.06,4952.81,2613.24,0.3453898065836115,2024,6,Jun,Q2
SO05478,2025-11-14,South,Kochi,Consumer,Distributor,Technology,Accessories,P10056,C1181,7,29727.58,0.2027,165914.45,116066.91,49847.54,0.30044122136438384,2025,11,Nov,Q4
SO05479,2025-11-06,South,Chennai,Consumer,Online,Furniture,Bookcases,P10080,C1108,6,8436.37,0.444,28143.73,21299.16,6844.57,0.24320052814605597,2025,11,Nov,Q4
SO05480,2024-06-06,Central,Nagpur,Consumer,Online,Furniture,Storage,P10068,C1299,9,3790.19,0.3794,21169.04,15486.26,5682.78,0.26844769531353335,2024,6,Jun,Q2
SO05481,2024-09-09,South,Chennai,Corporate,Distributor,Furniture,Bookcases,P10037,C1417,2,6533.39,0.3685,8251.73,6171.11,2080.62,0.25214348991060054,2024,9,Sep,Q3
SO05482,2023-08-16,North,Jaipur,Corporate,Retail Store,Furniture,Storage,P10015,C1256,4,9165.99,0.3682,23163.29,17675.22,5488.07,0.23692964168734232,2023,8,Aug,Q3
SO05483,2023-07-15,East,Kolkata,Home Office,Retail Store,Furniture,Bookcases,P10048,C1140,4,5191.62,0.3729,13022.23,9165.27,3856.96,0.2961827582526188,2023,7,Jul,Q3
SO05484,2025-06-13,Central,Bhopal,Consumer,Retail Store,Office Supplies,Envelopes,P10051,C1128,10,992.54,0.101,8922.51,4885.63,4036.88,0.45243771091318474,2025,6,Jun,Q2
SO05485,2025-09-28,South,Chennai,Consumer,Online,Office Supplies,Envelopes,P10034,C1561,1,1018.82,0.3686,643.24,334.42,308.82,0.4801007400037311,2025,9,Sep,Q3
SO05486,2023-08-03,South,Kochi,Corporate,Online,Furniture,Tables,P10013,C1338,10,11967.02,0.2497,89790.89,59606.09,30184.8,0.3361677337199798,2023,8,Aug,Q3
SO05487,2023-09-16,West,Surat,Consumer,Online,Office Supplies,Binders,P10063,C1057,8,1089.07,0.3186,5936.49,3586.13,2350.36,0.39591745290567326,2023,9,Sep,Q3
SO05488,2025-10-17,West,Mumbai,Consumer,Online,Technology,Phones,P10032,C1058,8,33130.87,0.2503,198692.55,140923.2,57769.34,0.2907473883645864,2025,10,Oct,Q4
SO05489,2025-05-23,East,Kolkata,Home Office,Online,Furniture,Tables,P10055,C1136,9,10217.9,0.2698,67151.33,45105.86,22045.47,0.32829535915372043,2025,5,May,Q2
SO05490,2025-01-06,East,Bhubaneswar,Consumer,Retail Store,Office Supplies,Paper,P10042,C1031,1,833.03,0.256,619.79,378.31,241.48,0.3896158376224205,2025,1,Jan,Q1
SO05491,2023-12-07,East,Bhubaneswar,Consumer,Distributor,Furniture,Tables,P10047,C1157,2,6678.6,0.4184,7768.45,5835.88,1932.57,0.2487716339810387,2023,12,Dec,Q4
SO05492,2025-04-28,Central,Raipur,Home Office,Distributor,Furniture,Tables,P10063,C1344,8,8746.41,0.4101,41276.99,27610.49,13666.5,0.33109245611174654,2025,4,Apr,Q2
SO05493,2025-07-26,West,Surat,Corporate,Online,Technology,Printers,P10063,C1219,9,23044.82,0.1412,178117.24,104777.93,73339.32,0.41174745353116865,2025,7,Jul,Q3
SO05494,2024-02-15,South,Chennai,Consumer,Retail Store,Furniture,Storage,P10003,C1249,7,10266.92,0.1341,62230.93,46409.73,15821.2,0.2542337066150225,2024,2,Feb,Q1
SO05495,2025-04-13,South,Hyderabad,Consumer,Online,Furniture,Bookcases,P10019,C1543,6,14036.33,0.1887,68329.09,49854.33,18474.77,0.2703792776985615,2025,4,Apr,Q2
SO05496,2023-02-11,Central,Nagpur,Home Office,Online,Office Supplies,Pens,P10048,C1047,10,761.66,0.3738,4769.72,2750.14,2019.57,0.4234147916439539,2023,2,Feb,Q1
SO05497,2024-01-22,South,Kochi,Consumer,Online,Technology,Phones,P10023,C1455,6,13141.39,0.0768,72793.22,48816.71,23976.51,0.3293783404553336,2024,1,Jan,Q1
SO05498,2023-05-09,East,Kolkata,Corporate,Distributor,Furniture,Tables,P10095,C1265,2,11024.05,0.3347,14668.88,10707.25,3961.64,0.2700710620033704,2023,5,May,Q2
SO05499,2023-07-06,East,Patna,Home Office,Distributor,Technology,Accessories,P10010,C1437,1,31123.65,0.3894,19002.77,12897.36,6105.42,0.321291053883197,2023,7,Jul,Q3
SO05500,2024-02-06,West,Ahmedabad,Consumer,Retail Store,Office Supplies,Binders,P10036,C1570,4,800.88,0.2262,2478.82,1435.44,1043.39,0.42092205162133595,2024,2,Feb,Q1
SO05501,2025-02-19,East,Patna,Consumer,Retail Store,Furniture,Tables,P10073,C1252,10,11761.51,0.346,76922.13,56331.48,20590.65,0.26768174516228294,2025,2,Feb,Q1
SO05502,2023-11-02,South,Chennai,Consumer,Online,Furniture,Tables,P10012,C1489,8,4859.25,0.1204,34193.92,27800.61,6393.31,0.1869721283783784,2023,11,Nov,Q4
SO05503,2025-09-25,West,Pune,Home Office,Online,Office Supplies,Binders,P10078,C1180,3,557.93,0.55,753.2,480.61,272.59,0.3619091874668082,2025,9,Sep,Q3
SO05504,2023-01-20,North,Chandigarh,Consumer,Retail Store,Technology,Printers,P10039,C1147,2,20438.04,0.2635,30105.06,19879.53,10225.52,0.3396611732379872,2023,1,Jan,Q1
SO05505,2025-06-10,South,Bengaluru,Consumer,Retail Store,Furniture,Tables,P10024,C1600,9,10613.36,0.2503,71609.26,57807.76,13801.5,0.19273345374606582,2025,6,Jun,Q2
SO05506,2025-01-07,South,Bengaluru,Consumer,Online,Furniture,Chairs,P10041,C1568,7,10895.98,0.16,64064.67,45530.58,18534.09,0.2893028247862668,2025,1,Jan,Q1
SO05507,2024-08-09,East,Guwahati,Home Office,Online,Technology,Accessories,P10024,C1075,7,26256.03,0.161,154207.79,95334.35,58873.44,0.3817799347231421,2024,8,Aug,Q3
SO05508,2024-09-08,West,Pune,Corporate,Distributor,Technology,Printers,P10021,C1444,2,21761.32,0.3907,26517.83,19658.41,6859.42,0.2586719954083724,2024,9,Sep,Q3
SO05509,2024-05-25,South,Chennai,Corporate,Distributor,Office Supplies,Binders,P10075,C1487,7,922.55,0.2584,4789.21,3134.97,1654.23,0.3454076977205009,2024,5,May,Q2
SO05510,2024-08-27,Central,Raipur,Consumer,Retail Store,Technology,Phones,P10044,C1111,1,25389.72,0.1063,22690.73,13702.39,8988.34,0.3961238796636336,2024,8,Aug,Q3
SO05511,2025-07-19,East,Kolkata,Consumer,Online,Technology,Accessories,P10014,C1430,3,18128.34,0.2221,42307.47,29350.05,12957.42,0.3062679002076938,2025,7,Jul,Q3
SO05512,2025-10-02,South,Hyderabad,Consumer,Online,Office Supplies,Binders,P10047,C1358,3,759.46,0.2272,1760.83,985.04,775.78,0.4405763191222321,2025,10,Oct,Q4
SO05513,2023-11-12,North,Delhi,Consumer,Online,Technology,Accessories,P10061,C1146,8,25820.93,0.3416,136004.52,88000.71,48003.81,0.3529574605314588,2023,11,Nov,Q4
SO05514,2023-04-12,West,Ahmedabad,Corporate,Retail Store,Office Supplies,Pens,P10013,C1142,1,1283.49,0.1547,1084.93,659.97,424.96,0.39169347331164217,2023,4,Apr,Q2
SO05515,2023-03-02,Central,Indore,Corporate,Retail Store,Furniture,Storage,P10058,C1112,7,6404.03,0.2573,33293.77,22517.3,10776.46,0.3236779733866126,2023,3,Mar,Q1
SO05516,2023-06-15,South,Bengaluru,Corporate,Distributor,Furniture,Storage,P10086,C1029,8,5113.12,0.3044,28454.59,22397.04,6057.55,0.21288481049981745,2023,6,Jun,Q2
SO05517,2023-04-08,North,Jaipur,Home Office,Retail Store,Office Supplies,Envelopes,P10093,C1172,3,1092.74,0.0978,2957.6,1518.25,1439.35,0.4866614822829321,2023,4,Apr,Q2
SO05518,2024-04-22,Central,Bhopal,Consumer,Online,Technology,Accessories,P10001,C1323,1,23943.58,0.2712,17449.56,11633.03,5816.52,0.3333333333333333,2024,4,Apr,Q2
SO05519,2024-09-01,North,Delhi,Consumer,Online,Office Supplies,Envelopes,P10005,C1190,7,1219.57,0.2068,6771.61,3455.65,3315.96,0.4896856139086569,2024,9,Sep,Q3
SO05520,2025-11-29,West,Surat,Corporate,Online,Furniture,Storage,P10091,C1545,8,6957.31,0.2498,41753.48,34477.73,7275.75,0.1742549363550056,2025,11,Nov,Q4
SO05521,2023-01-30,East,Kolkata,Consumer,Online,Technology,Accessories,P10080,C1425,5,2242.79,0.4292,6400.39,4177.02,2223.38,0.3473819564120311,2023,1,Jan,Q1
SO05522,2023-09-12,South,Chennai,Consumer,Online,Technology,Accessories,P10009,C1223,5,22119.88,0.1121,98202.16,63330.18,34871.98,0.3551040017857041,2023,9,Sep,Q3
SO05523,2024-04-17,South,Bengaluru,Consumer,Retail Store,Technology,Laptops,P10096,C1083,9,19791.96,0.2791,128420.89,82746.73,45674.15,0.3556598151593561,2024,4,Apr,Q2
SO05524,2023-08-06,North,Chandigarh,Consumer,Online,Office Supplies,Binders,P10048,C1033,4,715.48,0.1665,2385.33,1407.95,977.39,0.40975043285415436,2023,8,Aug,Q3
SO05525,2024-07-19,East,Guwahati,Consumer,Online,Furniture,Storage,P10046,C1292,9,10282.24,0.1232,81140.46,56896.21,24244.25,0.29879359816298795,2024,7,Jul,Q3
SO05526,2024-10-25,North,Jaipur,Consumer,Online,Office Supplies,Binders,P10076,C1435,8,390.81,0.3247,2111.35,1194.16,917.19,0.4344092642148389,2024,10,Oct,Q4
SO05527,2025-03-29,South,Kochi,Consumer,Retail Store,Furniture,Chairs,P10015,C1169,8,11805.93,0.3041,65723.44,45685.97,20037.47,0.30487555124929555,2025,3,Mar,Q1
SO05528,2024-10-13,North,Jaipur,Home Office,Online,Furniture,Chairs,P10007,C1410,5,8228.36,0.3999,24690.12,16783.56,7906.56,0.3202317364192641,2024,10,Oct,Q4
SO05529,2023-07-30,West,Mumbai,Consumer,Online,Furniture,Bookcases,P10028,C1134,1,8255.07,0.3627,5261.15,3933.05,1328.1,0.2524353040685021,2023,7,Jul,Q3
SO05530,2024-04-04,North,Delhi,Consumer,Online,Technology,Accessories,P10001,C1097,1,18423.62,0.3208,12514.01,8017.96,4496.05,0.3592813174993467,2024,4,Apr,Q2
SO05531,2024-06-19,West,Ahmedabad,Consumer,Retail Store,Furniture,Tables,P10073,C1261,2,8022.46,0.55,7220.22,5374.36,1845.86,0.25565148984379976,2024,6,Jun,Q2
SO05532,2025-08-08,Central,Nagpur,Consumer,Retail Store,Furniture,Chairs,P10008,C1415,1,6400.1,0.2099,5056.81,4460.08,596.73,0.11800522463766683,2025,8,Aug,Q3
SO05533,2025-08-20,Central,Nagpur,Home Office,Retail Store,Office Supplies,Envelopes,P10042,C1380,5,1387.33,0.5199,3329.94,1813.93,1516.01,0.4552664612575602,2025,8,Aug,Q3
SO05534,2024-01-21,West,Mumbai,Corporate,Distributor,Furniture,Chairs,P10057,C1069,6,11617.14,0.2307,53622.25,39587.93,14034.32,0.2617256829021535,2024,1,Jan,Q1
SO05535,2023-02-04,West,Mumbai,Consumer,Retail Store,Technology,Accessories,P10016,C1240,6,31299.49,0.265,138038.57,84548.6,53489.98,0.38750024721351434,2023,2,Feb,Q1
SO05536,2025-09-23,East,Kolkata,Consumer,Retail Store,Office Supplies,Binders,P10050,C1444,4,877.26,0.1155,3103.81,1805.02,1298.78,0.41844700545458646,2025,9,Sep,Q3
SO05537,2023-02-28,East,Bhubaneswar,Corporate,Retail Store,Office Supplies,Binders,P10029,C1015,1,334.3,0.1262,292.11,174.21,117.91,0.40364931019136624,2023,2,Feb,Q1
SO05538,2025-01-12,East,Kolkata,Consumer,Online,Office Supplies,Binders,P10099,C1557,6,1224.4,0.2541,5479.34,3054.99,2424.35,0.44245292316227863,2025,1,Jan,Q1
SO05539,2025-11-12,North,Chandigarh,Consumer,Online,Technology,Printers,P10086,C1582,4,26235.7,0.3793,65134.53,41568.79,23565.74,0.3618010293464926,2025,11,Nov,Q4
SO05540,2025-08-26,Central,Raipur,Home Office,Online,Furniture,Bookcases,P10069,C1363,6,6582.34,0.1514,33513.82,24648.43,8865.38,0.2645290808388897,2025,8,Aug,Q3
SO05541,2024-02-28,North,Delhi,Home Office,Retail Store,Technology,Laptops,P10026,C1385,1,20380.16,0.4692,10818.76,7323.49,3495.27,0.3230749180127852,2024,2,Feb,Q1
SO05542,2024-12-14,West,Ahmedabad,Consumer,Distributor,Furniture,Storage,P10096,C1509,1,9808.49,0.258,7278.15,5143.3,2134.85,0.29332316591441504,2024,12,Dec,Q4
SO05543,2024-04-10,East,Bhubaneswar,Home Office,Online,Furniture,Bookcases,P10061,C1522,1,10505.12,0.3361,6974.76,5080.21,1894.55,0.27162941807316665,2024,4,Apr,Q2
SO05544,2025-07-03,East,Bhubaneswar,Consumer,Distributor,Technology,Accessories,P10048,C1054,5,25936.89,0.2131,102051.59,65796.13,36255.47,0.355266096295021,2025,7,Jul,Q3
SO05545,2023-09-22,West,Ahmedabad,Consumer,Online,Furniture,Storage,P10051,C1004,7,8953.89,0.3716,39385.96,27793.48,11592.48,0.29433026388083466,2023,9,Sep,Q3
SO05546,2024-09-08,Central,Raipur,Corporate,Online,Technology,Printers,P10016,C1414,3,32507.89,0.5358,45272.06,27617.44,17654.63,0.3899674545403943,2024,9,Sep,Q3
SO05547,2024-09-16,North,Jaipur,Consumer,Retail Store,Furniture,Chairs,P10012,C1082,2,8902.66,0.2872,12692.02,10008.64,2683.38,0.21142261042765453,2024,9,Sep,Q3
SO05548,2023-07-26,West,Ahmedabad,Consumer,Retail Store,Office Supplies,Pens,P10041,C1019,1,914.68,0.1335,792.53,436.61,355.92,0.449093409713197,2023,7,Jul,Q3
SO05549,2024-05-09,West,Mumbai,Consumer,Distributor,Technology,Accessories,P10097,C1441,6,28722.38,0.3229,116679.13,77954.27,38724.87,0.33189200159445825,2024,5,May,Q2
SO05550,2023-09-15,East,Guwahati,Consumer,Online,Technology,Printers,P10026,C1376,4,30466.0,0.2676,89252.03,57629.24,31622.79,0.3543089159988854,2023,9,Sep,Q3
SO05551,2025-03-13,East,Patna,Consumer,Online,Office Supplies,Paper,P10084,C1040,1,1221.14,0.1724,1010.67,626.47,384.2,0.38014386496086755,2025,3,Mar,Q1
SO05552,2025-06-05,West,Surat,Consumer,Online,Furniture,Tables,P10016,C1089,9,8258.36,0.1652,62044.9,39199.34,22845.57,0.3682102799746635,2025,6,Jun,Q2
SO05553,2025-05-01,East,Patna,Consumer,Retail Store,Technology,Accessories,P10099,C1286,6,22321.84,0.4342,75781.79,47620.8,28160.99,0.3716062922240291,2025,5,May,Q2
SO05554,2024-10-17,Central,Raipur,Consumer,Online,Furniture,Bookcases,P10012,C1254,4,13343.55,0.3384,35311.82,29008.43,6303.4,0.1785068002725433,2024,10,Oct,Q4
SO05555,2023-04-26,East,Guwahati,Corporate,Online,Furniture,Storage,P10004,C1150,1,8800.16,0.1988,7050.51,4887.78,2162.73,0.30674802248347993,2023,4,Apr,Q2
SO05556,2024-05-13,West,Ahmedabad,Consumer,Online,Technology,Phones,P10036,C1062,8,23501.76,0.1765,154824.64,110000.53,44824.11,0.2895153510448983,2024,5,May,Q2
SO05557,2024-09-19,West,Ahmedabad,Consumer,Retail Store,Technology,Printers,P10043,C1157,5,25883.01,0.1806,106044.63,65022.46,41022.17,0.38683873007053726,2024,9,Sep,Q3
SO05558,2024-07-15,South,Chennai,Consumer,Retail Store,Office Supplies,Paper,P10060,C1305,2,877.43,0.1455,1499.61,933.32,566.29,0.3776248491274398,2024,7,Jul,Q3
SO05559,2023-08-29,West,Ahmedabad,Consumer,Retail Store,Furniture,Storage,P10065,C1184,8,3244.36,0.1858,21131.92,14357.09,6774.84,0.3205974658242129,2023,8,Aug,Q3
SO05560,2024-03-23,North,Jaipur,Consumer,Online,Office Supplies,Pens,P10023,C1184,9,572.48,0.5374,2383.55,1356.88,1026.67,0.4307314719640872,2024,3,Mar,Q1
SO05561,2025-06-17,West,Pune,Consumer,Online,Office Supplies,Paper,P10035,C1587,5,1415.07,0.2306,5443.68,3265.25,2178.43,0.40017598389324865,2025,6,Jun,Q2
SO05562,2025-05-13,East,Guwahati,Consumer,Online,Office Supplies,Pens,P10048,C1303,6,1068.59,0.55,2885.18,1523.11,1362.07,0.4720918625527697,2025,5,May,Q2
SO05563,2023-10-26,South,Kochi,Corporate,Online,Furniture,Chairs,P10095,C1597,8,6366.41,0.3894,31097.85,24133.77,6964.08,0.2239408833729663,2023,10,Oct,Q4
SO05564,2023-03-24,Central,Indore,Home Office,Distributor,Technology,Printers,P10060,C1343,4,18641.46,0.3177,50878.46,36996.22,13882.24,0.2728510257582482,2023,3,Mar,Q1
SO05565,2023-06-20,Central,Nagpur,Consumer,Retail Store,Office Supplies,Pens,P10001,C1058,2,941.38,0.3391,1244.38,708.69,535.69,0.4304874716726402,2023,6,Jun,Q2
SO05566,2025-02-03,South,Bengaluru,Corporate,Online,Office Supplies,Paper,P10060,C1158,8,1131.76,0.16,7605.42,4932.69,2672.72,0.35142306407798646,2025,2,Feb,Q1
SO05567,2024-04-28,West,Mumbai,Consumer,Retail Store,Office Supplies,Envelopes,P10051,C1175,2,787.09,0.2254,1219.29,755.46,463.83,0.38040991068572694,2024,4,Apr,Q2
SO05568,2024-10-20,West,Surat,Consumer,Retail Store,Technology,Printers,P10037,C1002,2,13482.49,0.1682,22428.62,14235.88,8192.73,0.3652801643614275,2024,10,Oct,Q4
SO05569,2023-06-14,Central,Indore,Corporate,Online,Technology,Accessories,P10063,C1216,2,26128.83,0.2743,37924.83,27099.38,10825.45,0.28544491827649593,2023,6,Jun,Q2
SO05570,2025-01-14,North,Chandigarh,Consumer,Distributor,Office Supplies,Envelopes,P10017,C1584,1,633.99,0.1946,510.59,300.55,210.05,0.41138682700405416,2025,1,Jan,Q1
SO05571,2024-07-25,North,Lucknow,Home Office,Retail Store,Furniture,Tables,P10087,C1177,4,10959.36,0.1389,37749.2,28135.95,9613.25,0.25466102592902634,2024,7,Jul,Q3
SO05572,2024-05-10,East,Patna,Corporate,Distributor,Technology,Phones,P10035,C1089,1,22907.91,0.2838,16407.15,11246.74,5160.41,0.31452202241096106,2024,5,May,Q2
SO05573,2023-12-15,Central,Indore,Consumer,Retail Store,Technology,Accessories,P10055,C1407,1,37586.4,0.4288,21469.48,15236.39,6233.09,0.29032328682390074,2023,12,Dec,Q4
SO05574,2025-10-27,North,Delhi,Corporate,Retail Store,Furniture,Bookcases,P10097,C1405,10,10675.53,0.1087,95152.56,65575.82,29576.74,0.31083493707368465,2025,10,Oct,Q4
SO05575,2023-01-06,North,Lucknow,Consumer,Online,Technology,Laptops,P10090,C1352,2,22451.52,0.1274,39182.25,25705.34,13476.91,0.34395446917928396,2023,1,Jan,Q1
SO05576,2025-07-17,Central,Nagpur,Consumer,Online,Technology,Phones,P10015,C1556,4,14210.09,0.3582,36482.94,22328.06,14154.87,0.38798600112819853,2025,7,Jul,Q3
SO05577,2025-05-14,Central,Indore,Consumer,Retail Store,Technology,Laptops,P10032,C1317,5,8697.12,0.241,33007.37,24808.96,8198.41,0.2483811948664798,2025,5,May,Q2
SO05578,2023-12-10,North,Lucknow,Corporate,Online,Furniture,Storage,P10053,C1025,9,9351.93,0.4373,47360.21,31759.21,15601.0,0.3294115461058978,2023,12,Dec,Q4
SO05579,2025-12-24,South,Kochi,Home Office,Distributor,Technology,Printers,P10051,C1269,2,27676.18,0.0265,53886.24,32709.29,21176.96,0.3929938329339735,2025,12,Dec,Q4
SO05580,2023-12-02,East,Bhubaneswar,Consumer,Distributor,Office Supplies,Pens,P10064,C1555,9,1055.9,0.1924,7674.64,4778.33,2896.31,0.3773870826514338,2023,12,Dec,Q4
SO05581,2024-03-06,South,Bengaluru,Corporate,Online,Office Supplies,Pens,P10030,C1124,4,881.88,0.1736,2915.26,1672.42,1242.84,0.42632218052592213,2024,3,Mar,Q1
SO05582,2025-06-11,East,Bhubaneswar,Consumer,Retail Store,Office Supplies,Paper,P10008,C1058,3,1353.44,0.1516,3444.74,1986.4,1458.35,0.42335560884130585,2025,6,Jun,Q2
SO05583,2025-03-08,North,Chandigarh,Corporate,Retail Store,Furniture,Bookcases,P10086,C1048,4,5942.59,0.2646,17480.43,13233.17,4247.26,0.24297228386258235,2025,3,Mar,Q1
SO05584,2025-08-04,West,Surat,Consumer,Distributor,Technology,Accessories,P10012,C1463,2,15371.1,0.2219,23920.25,17372.12,6548.12,0.2737479750420669,2025,8,Aug,Q3
SO05585,2025-01-27,South,Kochi,Corporate,Retail Store,Furniture,Chairs,P10079,C1516,6,8504.35,0.2509,38221.56,23058.4,15163.16,0.3967174547559022,2025,1,Jan,Q1
SO05586,2024-02-17,North,Lucknow,Consumer,Retail Store,Furniture,Chairs,P10019,C1140,7,10303.7,0.4445,40063.07,28034.63,12028.44,0.3002376003636267,2024,2,Feb,Q1
SO05587,2025-06-09,Central,Bhopal,Consumer,Retail Store,Furniture,Bookcases,P10062,C1389,9,6811.68,0.1436,52502.8,35979.92,16522.88,0.31470473955674744,2025,6,Jun,Q2
SO05588,2024-08-16,Central,Bhopal,Corporate,Retail Store,Furniture,Chairs,P10050,C1138,7,12081.69,0.1379,72907.93,55638.9,17269.03,0.2368607914118533,2024,8,Aug,Q3
SO05589,2023-04-14,North,Lucknow,Corporate,Online,Technology,Phones,P10014,C1495,2,15430.69,0.3214,20941.36,13310.0,7631.36,0.36441568264907337,2023,4,Apr,Q2
SO05590,2025-09-30,West,Pune,Corporate,Retail Store,Technology,Printers,P10068,C1069,9,18511.77,0.4223,96250.53,59245.16,37005.37,0.3844692595458955,2025,9,Sep,Q3
SO05591,2023-05-25,South,Hyderabad,Home Office,Distributor,Office Supplies,Paper,P10068,C1569,8,1067.81,0.069,7953.42,3965.51,3987.91,0.5014081992400753,2023,5,May,Q2
SO05592,2025-10-26,North,Delhi,Corporate,Online,Technology,Phones,P10092,C1377,1,23645.92,0.3048,16438.68,11289.14,5149.54,0.31325751216034375,2025,10,Oct,Q4
SO05593,2025-08-23,South,Chennai,Consumer,Retail Store,Technology,Laptops,P10091,C1509,8,27773.37,0.1963,178578.93,106848.1,71730.84,0.4016758304017165,2025,8,Aug,Q3
SO05594,2024-04-30,East,Bhubaneswar,Consumer,Retail Store,Office Supplies,Binders,P10020,C1090,7,1398.1,0.294,6909.08,4227.96,2681.12,0.38805745482756027,2024,4,Apr,Q2
SO05595,2023-05-12,North,Chandigarh,Home Office,Online,Technology,Phones,P10062,C1257,8,22575.8,0.0815,165894.14,102015.84,63878.29,0.38505452935227247,2023,5,May,Q2
SO05596,2023-10-08,West,Mumbai,Home Office,Online,Office Supplies,Binders,P10036,C1119,7,877.96,0.4838,3172.4,2009.56,1162.85,0.3665521371832051,2023,10,Oct,Q4
SO05597,2023-12-14,West,Ahmedabad,Corporate,Retail Store,Technology,Accessories,P10061,C1234,6,25188.54,0.3077,104625.13,74248.65,30376.48,0.29033636565134974,2023,12,Dec,Q4
SO05598,2023-02-02,East,Patna,Corporate,Online,Technology,Printers,P10041,C1083,2,14388.99,0.2957,20268.73,14316.09,5952.64,0.2936858895451269,2023,2,Feb,Q1
SO05599,2023-11-12,Central,Indore,Consumer,Online,Technology,Laptops,P10053,C1496,6,36529.91,0.1882,177921.94,135935.06,41986.88,0.23598483694591008,2023,11,Nov,Q4
SO05600,2025-10-27,South,Hyderabad,Consumer,Distributor,Furniture,Storage,P10060,C1116,10,8278.91,0.2914,58660.9,42482.45,16178.44,0.27579597312690396,2025,10,Oct,Q4
SO05601,2025-05-06,Central,Raipur,Home Office,Online,Office Supplies,Binders,P10004,C1465,7,1020.64,0.1926,5768.62,3165.93,2602.68,0.45117896481307485,2025,5,May,Q2
SO05602,2025-06-21,Central,Raipur,Corporate,Retail Store,Furniture,Tables,P10039,C1197,1,5536.59,0.4232,3193.63,2201.62,992.01,0.3106214558355226,2025,6,Jun,Q2
SO05603,2023-06-18,South,Hyderabad,Corporate,Online,Furniture,Tables,P10079,C1207,3,3813.33,0.1556,9659.5,7141.57,2517.94,0.2606698069258243,2023,6,Jun,Q2
SO05604,2023-11-10,East,Bhubaneswar,Corporate,Retail Store,Office Supplies,Paper,P10008,C1009,4,867.56,0.1344,3003.67,1849.64,1154.03,0.3842066538601111,2023,11,Nov,Q4
SO05605,2023-07-30,West,Mumbai,Consumer,Online,Furniture,Tables,P10009,C1578,1,6386.28,0.5255,3030.14,2134.23,895.91,0.2956662068419281,2023,7,Jul,Q3
SO05606,2024-01-26,West,Pune,Home Office,Retail Store,Technology,Accessories,P10100,C1497,7,13595.42,0.306,66050.37,42001.03,24049.34,0.3641060602688524,2024,1,Jan,Q1
SO05607,2023-03-10,North,Jaipur,Consumer,Online,Office Supplies,Binders,P10079,C1439,8,1041.26,0.1671,6938.11,3297.11,3641.0,0.5247826857746563,2023,3,Mar,Q1
SO05608,2023-10-04,South,Bengaluru,Home Office,Distributor,Technology,Printers,P10002,C1002,9,18884.23,0.1584,143045.2,92058.41,50986.79,0.356438314602657,2023,10,Oct,Q4
SO05609,2023-03-22,North,Jaipur,Home Office,Online,Furniture,Tables,P10048,C1593,5,6811.24,0.2146,26748.92,18323.64,8425.28,0.31497645512416955,2023,3,Mar,Q1
SO05610,2023-05-01,Central,Nagpur,Home Office,Online,Technology,Phones,P10006,C1027,2,13697.9,0.4744,14399.85,10234.61,4165.24,0.28925579085893255,2023,5,May,Q2
SO05611,2024-11-03,West,Mumbai,Corporate,Online,Technology,Accessories,P10013,C1156,10,22930.27,0.271,167155.14,104910.08,62245.06,0.3723789767996365,2024,11,Nov,Q4
SO05612,2023-08-25,North,Jaipur,Corporate,Online,Office Supplies,Pens,P10094,C1105,7,384.4,0.4396,1507.84,919.19,588.65,0.3903928798811545,2023,8,Aug,Q3
SO05613,2024-06-23,North,Chandigarh,Consumer,Retail Store,Office Supplies,Envelopes,P10068,C1181,5,851.47,0.4474,2352.72,1382.96,969.76,0.41218674555408213,2024,6,Jun,Q2
SO05614,2025-12-29,West,Pune,Consumer,Distributor,Furniture,Chairs,P10047,C1490,3,9361.1,0.2424,21274.77,15585.41,5689.35,0.26742239751593083,2025,12,Dec,Q4
SO05615,2024-05-05,East,Kolkata,Consumer,Online,Technology,Accessories,P10031,C1518,9,23609.81,0.1259,185730.05,132182.93,53547.13,0.288306227236788,2024,5,May,Q2
SO05616,2025-05-28,South,Hyderabad,Consumer,Online,Office Supplies,Paper,P10021,C1179,2,527.19,0.0844,965.4,555.13,410.27,0.4249741039983426,2025,5,May,Q2
SO05617,2024-10-01,West,Mumbai,Home Office,Retail Store,Technology,Printers,P10029,C1120,7,22521.65,0.0249,153732.44,93200.55,60531.9,0.393748385181423,2024,10,Oct,Q4
SO05618,2024-02-06,North,Jaipur,Consumer,Retail Store,Office Supplies,Pens,P10062,C1069,1,738.6,0.2991,517.72,260.85,256.87,0.49615622344124233,2024,2,Feb,Q1
SO05619,2024-12-26,North,Jaipur,Consumer,Online,Furniture,Bookcases,P10057,C1164,1,8982.91,0.2627,6622.67,4780.53,1842.14,0.27815669510937435,2024,12,Dec,Q4
SO05620,2024-01-10,West,Surat,Consumer,Retail Store,Furniture,Storage,P10034,C1117,8,8794.9,0.1403,60489.75,41666.51,18823.23,0.31118048925644426,2024,1,Jan,Q1
SO05621,2025-02-07,West,Ahmedabad,Consumer,Retail Store,Office Supplies,Binders,P10007,C1579,5,639.08,0.3922,1942.14,1240.59,701.55,0.36122524637770703,2025,2,Feb,Q1
SO05622,2025-02-10,North,Jaipur,Consumer,Online,Furniture,Bookcases,P10091,C1012,10,11325.06,0.3865,69482.83,48119.95,21362.88,0.3074555253434554,2025,2,Feb,Q1
SO05623,2025-07-03,South,Chennai,Consumer,Retail Store,Office Supplies,Envelopes,P10050,C1140,8,951.87,0.164,6365.89,3790.66,2575.23,0.4045357365584388,2025,7,Jul,Q3
SO05624,2024-05-15,South,Bengaluru,Corporate,Distributor,Furniture,Tables,P10045,C1279,2,11015.87,0.3645,14000.94,9800.69,4200.24,0.299997000201415,2024,5,May,Q2
SO05625,2025-10-30,East,Kolkata,Consumer,Online,Technology,Printers,P10045,C1577,9,22859.43,0.1788,168959.26,119483.58,49475.68,0.2928260931067051,2025,10,Oct,Q4
SO05626,2024-05-12,North,Chandigarh,Home Office,Retail Store,Furniture,Chairs,P10055,C1044,5,10689.59,0.3072,37027.78,26933.88,10093.9,0.27260343450241953,2024,5,May,Q2
SO05627,2025-03-30,West,Surat,Consumer,Retail Store,Technology,Printers,P10073,C1031,3,27807.97,0.1286,72695.37,46425.66,26269.71,0.36136703066508913,2025,3,Mar,Q1
SO05628,2023-06-17,East,Patna,Consumer,Distributor,Furniture,Chairs,P10003,C1473,1,4721.72,0.1429,4046.86,3138.27,908.59,0.22451728006404967,2023,6,Jun,Q2
SO05629,2024-01-11,North,Jaipur,Consumer,Distributor,Technology,Printers,P10055,C1404,4,25126.82,0.2446,75919.01,48500.02,27418.98,0.36116092662430666,2024,1,Jan,Q1
SO05630,2023-04-04,West,Pune,Consumer,Online,Office Supplies,Binders,P10057,C1401,3,1056.56,0.2388,2412.62,1684.59,728.03,0.3017590834860028,2023,4,Apr,Q2
SO05631,2023-02-01,East,Patna,Corporate,Retail Store,Technology,Accessories,P10058,C1429,3,27701.64,0.1679,69148.8,44727.84,24420.96,0.35316534777176173,2023,2,Feb,Q1
SO05632,2024-12-21,Central,Bhopal,Corporate,Retail Store,Technology,Phones,P10055,C1109,9,12500.78,0.2035,89606.38,59893.29,29713.09,0.3315956966457076,2024,12,Dec,Q4
SO05633,2024-09-03,Central,Bhopal,Corporate,Online,Technology,Phones,P10080,C1267,1,25941.09,0.3154,17760.52,12278.03,5482.49,0.30868972304864944,2024,9,Sep,Q3
SO05634,2023-01-04,Central,Raipur,Consumer,Distributor,Technology,Accessories,P10015,C1444,4,29172.16,0.3266,78579.47,57285.49,21293.98,0.2709865566667731,2023,1,Jan,Q1
SO05635,2025-12-15,East,Guwahati,Consumer,Online,Technology,Printers,P10044,C1533,7,25162.69,0.0852,161139.79,101057.21,60082.58,0.37285998697156053,2025,12,Dec,Q4
SO05636,2025-04-25,West,Surat,Corporate,Distributor,Furniture,Bookcases,P10080,C1234,3,9444.72,0.3038,19726.28,12861.91,6864.37,0.34798096752149926,2025,4,Apr,Q2
SO05637,2025-03-17,West,Ahmedabad,Corporate,Retail Store,Office Supplies,Pens,P10032,C1471,6,1052.28,0.0672,5889.2,3563.82,2325.38,0.3948549887930449,2025,3,Mar,Q1
SO05638,2025-08-13,Central,Bhopal,Consumer,Retail Store,Office Supplies,Paper,P10002,C1001,4,1188.71,0.0794,4377.34,2710.28,1667.06,0.3808385914733605,2025,8,Aug,Q3
SO05639,2023-03-11,West,Mumbai,Corporate,Retail Store,Technology,Phones,P10097,C1304,1,29532.21,0.2209,23007.53,13190.85,9816.68,0.42667248505163313,2023,3,Mar,Q1
SO05640,2023-06-17,North,Delhi,Corporate,Online,Furniture,Tables,P10085,C1573,5,9471.23,0.2658,34767.06,24445.86,10321.2,0.2968672070632375,2023,6,Jun,Q2
SO05641,2024-08-25,East,Guwahati,Consumer,Distributor,Technology,Phones,P10024,C1197,6,23749.81,0.2566,105936.39,72789.03,33147.36,0.31289871214225823,2024,8,Aug,Q3
SO05642,2025-12-25,West,Pune,Consumer,Retail Store,Furniture,Tables,P10053,C1419,3,9577.29,0.1941,23155.4,17575.69,5579.7,0.24096754968603434,2025,12,Dec,Q4
SO05643,2025-09-19,North,Delhi,Consumer,Online,Office Supplies,Binders,P10040,C1255,9,1130.97,0.3805,6305.77,4093.07,2212.69,0.3508992557609935,2025,9,Sep,Q3
SO05644,2023-11-22,East,Patna,Consumer,Retail Store,Furniture,Tables,P10042,C1441,4,7929.51,0.2396,24118.85,18237.39,5881.46,0.2438532517097623,2023,11,Nov,Q4
SO05645,2025-09-28,West,Surat,Home Office,Retail Store,Furniture,Storage,P10014,C1247,10,10524.33,0.4097,62121.33,44538.24,17583.1,0.2830444872960704,2025,9,Sep,Q3
SO05646,2024-09-15,North,Jaipur,Consumer,Distributor,Technology,Accessories,P10027,C1232,4,31818.4,0.3106,87744.84,59384.49,28360.35,0.3232138778758956,2024,9,Sep,Q3
SO05647,2024-01-19,North,Jaipur,Consumer,Retail Store,Technology,Phones,P10012,C1040,1,25364.52,0.2464,19113.84,11911.56,7202.28,0.37680968345450205,2024,1,Jan,Q1
SO05648,2025-05-08,West,Surat,Consumer,Online,Technology,Phones,P10013,C1059,10,28028.8,0.3556,180630.6,117512.35,63118.25,0.3494327649910923,2025,5,May,Q2
SO05649,2024-11-24,Central,Raipur,Consumer,Distributor,Furniture,Chairs,P10040,C1148,2,8029.27,0.2122,12650.45,8747.96,3902.5,0.30848704986779124,2024,11,Nov,Q4
SO05650,2023-04-03,Central,Indore,Corporate,Retail Store,Furniture,Storage,P10051,C1022,1,9604.99,0.0643,8987.17,6364.22,2622.96,0.2918560570235124,2023,4,Apr,Q2
SO05651,2025-11-03,West,Ahmedabad,Corporate,Online,Furniture,Storage,P10058,C1574,3,5799.1,0.2625,12831.18,8602.94,4228.24,0.32952853907434854,2025,11,Nov,Q4
SO05652,2025-07-29,North,Chandigarh,Consumer,Distributor,Furniture,Tables,P10059,C1481,9,11103.05,0.3428,65673.87,43559.1,22114.77,0.33673620878440697,2025,7,Jul,Q3
SO05653,2024-04-12,North,Jaipur,Consumer,Distributor,Furniture,Storage,P10073,C1278,8,9043.74,0.2267,55948.4,38929.68,17018.72,0.3041859999571033,2024,4,Apr,Q2
SO05654,2023-11-18,South,Hyderabad,Consumer,Distributor,Technology,Phones,P10011,C1393,10,12835.84,0.1628,107465.12,73583.89,33881.23,0.3152765287937147,2023,11,Nov,Q4
SO05655,2024-08-17,Central,Indore,Home Office,Online,Office Supplies,Envelopes,P10033,C1585,2,690.67,0.172,1143.71,634.82,508.89,0.44494670851876783,2024,8,Aug,Q3
SO05656,2025-12-16,North,Jaipur,Consumer,Retail Store,Office Supplies,Pens,P10005,C1217,5,957.28,0.3436,3141.89,1886.58,1255.3,0.3995365846671908,2025,12,Dec,Q4
SO05657,2023-02-20,North,Jaipur,Consumer,Online,Technology,Phones,P10037,C1118,6,15862.78,0.0797,87587.43,57567.66,30019.78,0.34274073345912764,2023,2,Feb,Q1
SO05658,2024-04-04,South,Bengaluru,Consumer,Online,Furniture,Bookcases,P10026,C1368,10,7694.35,0.1814,62986.17,50271.88,12714.29,0.20185843971779838,2024,4,Apr,Q2
SO05659,2024-01-15,South,Kochi,Consumer,Online,Technology,Laptops,P10065,C1354,8,20466.28,0.1988,131176.0,88908.43,42267.57,0.32222029944502045,2024,1,Jan,Q1
SO05660,2025-04-05,South,Bengaluru,Corporate,Retail Store,Furniture,Chairs,P10092,C1400,9,9416.42,0.2702,61852.89,43425.17,18427.71,0.29792803537554996,2025,4,Apr,Q2
SO05661,2024-04-04,Central,Nagpur,Consumer,Retail Store,Office Supplies,Envelopes,P10011,C1458,7,1297.98,0.0895,8272.82,5015.0,3257.82,0.393798003582817,2024,4,Apr,Q2
SO05662,2024-02-15,East,Bhubaneswar,Consumer,Retail Store,Technology,Accessories,P10048,C1203,2,24046.45,0.1982,38560.04,27420.94,11139.1,0.2888767750240923,2024,2,Feb,Q1
SO05663,2025-03-13,South,Chennai,Consumer,Distributor,Furniture,Bookcases,P10083,C1583,7,6992.1,0.3456,32030.48,23152.98,8877.49,0.2771575699146563,2025,3,Mar,Q1
SO05664,2023-06-16,South,Chennai,Consumer,Online,Office Supplies,Envelopes,P10035,C1471,10,1086.05,0.261,8025.81,4344.17,3681.65,0.4587262843251958,2023,6,Jun,Q2
SO05665,2023-11-17,South,Bengaluru,Consumer,Online,Technology,Printers,P10021,C1573,7,30621.05,0.3103,147841.83,99614.88,48226.95,0.32620639233158844,2023,11,Nov,Q4
SO05666,2025-09-10,North,Lucknow,Consumer,Retail Store,Furniture,Bookcases,P10070,C1299,4,2499.2,0.3532,6465.8,5018.96,1446.84,0.2237681338736119,2025,9,Sep,Q3
SO05667,2025-09-08,South,Kochi,Corporate,Online,Furniture,Chairs,P10028,C1014,8,8181.66,0.5107,32023.18,24510.43,7512.75,0.23460349659215604,2025,9,Sep,Q3
SO05668,2025-10-10,East,Patna,Corporate,Distributor,Office Supplies,Paper,P10011,C1195,5,970.03,0.0389,4661.52,2978.84,1682.69,0.3609745319123376,2025,10,Oct,Q4
SO05669,2023-01-28,West,Mumbai,Consumer,Retail Store,Office Supplies,Envelopes,P10092,C1283,8,833.9,0.0646,6240.48,3849.66,2390.81,0.3831131579622081,2023,1,Jan,Q1
SO05670,2023-03-05,Central,Indore,Consumer,Online,Technology,Printers,P10013,C1578,5,15984.76,0.2144,62791.05,43265.17,19525.88,0.31096597365388856,2023,3,Mar,Q1
SO05671,2023-03-23,North,Chandigarh,Home Office,Online,Office Supplies,Binders,P10036,C1006,9,781.63,0.134,6092.03,3713.51,2378.52,0.3904314325438319,2023,3,Mar,Q1
SO05672,2025-03-10,East,Bhubaneswar,Corporate,Online,Technology,Laptops,P10084,C1114,6,28927.18,0.1758,143043.42,94572.24,48471.17,0.3388563416618534,2025,3,Mar,Q1
SO05673,2025-08-06,East,Kolkata,Consumer,Online,Technology,Laptops,P10042,C1296,2,21200.35,0.2739,30785.66,20523.39,10262.27,0.3333457850180896,2025,8,Aug,Q3
SO05674,2025-03-05,North,Delhi,Corporate,Retail Store,Technology,Phones,P10072,C1210,3,23329.74,0.1008,62937.42,42223.56,20713.86,0.32911835280187846,2025,3,Mar,Q1
SO05675,2024-03-07,North,Lucknow,Consumer,Online,Office Supplies,Envelopes,P10030,C1415,4,587.96,0.0965,2124.97,1341.71,783.26,0.36859814491498705,2024,3,Mar,Q1
SO05676,2024-08-05,South,Bengaluru,Corporate,Retail Store,Technology,Laptops,P10040,C1530,9,20287.3,0.2451,137832.51,78824.83,59007.68,0.42811148110122926,2024,8,Aug,Q3
SO05677,2025-04-16,North,Lucknow,Home Office,Retail Store,Furniture,Chairs,P10074,C1063,2,9148.92,0.1606,15359.58,10012.08,5347.5,0.34815405108733444,2025,4,Apr,Q2
SO05678,2024-10-16,North,Jaipur,Corporate,Retail Store,Furniture,Tables,P10037,C1530,5,3930.96,0.2392,14953.13,11041.72,3911.41,0.26157801075761394,2024,10,Oct,Q4
SO05679,2024-08-09,South,Bengaluru,Home Office,Online,Office Supplies,Paper,P10079,C1081,9,1142.04,0.3174,7015.68,3668.64,3347.03,0.47707848704615946,2024,8,Aug,Q3
SO05680,2023-04-17,Central,Raipur,Corporate,Distributor,Furniture,Bookcases,P10036,C1162,4,7242.12,0.1204,25481.65,20388.27,5093.38,0.19988423041679013,2023,4,Apr,Q2
SO05681,2024-12-16,North,Jaipur,Corporate,Online,Office Supplies,Pens,P10093,C1490,9,849.12,0.1017,6864.48,3777.86,3086.62,0.44965095680954714,2024,12,Dec,Q4
SO05682,2025-06-21,North,Lucknow,Corporate,Online,Furniture,Chairs,P10043,C1195,9,7142.18,0.1251,56236.66,39706.88,16529.78,0.29393246327217865,2025,6,Jun,Q2
SO05683,2025-05-23,West,Ahmedabad,Home Office,Distributor,Office Supplies,Pens,P10005,C1141,5,1228.04,0.5354,2852.73,1774.85,1077.88,0.37784157631461796,2025,5,May,Q2
SO05684,2025-07-27,North,Jaipur,Corporate,Retail Store,Office Supplies,Paper,P10009,C1344,8,834.53,0.1973,5359.29,3208.3,2150.99,0.4013572693397819,2025,7,Jul,Q3
SO05685,2023-02-27,South,Chennai,Corporate,Retail Store,Technology,Accessories,P10100,C1459,1,17289.63,0.1135,15326.59,11318.49,4008.1,0.26151283488368904,2023,2,Feb,Q1
SO05686,2025-02-14,East,Guwahati,Consumer,Online,Furniture,Bookcases,P10046,C1010,7,12476.61,0.4521,47849.27,34375.65,13473.62,0.28158465113469866,2025,2,Feb,Q1
SO05687,2025-01-14,North,Lucknow,Home Office,Retail Store,Furniture,Storage,P10002,C1443,7,5493.81,0.55,17305.49,13670.35,3635.13,0.21005646185112353,2025,1,Jan,Q1
SO05688,2024-07-23,West,Ahmedabad,Consumer,Online,Office Supplies,Binders,P10025,C1115,7,709.0,0.2697,3624.59,2406.08,1218.51,0.33617871262680743,2024,7,Jul,Q3
SO05689,2025-03-06,West,Ahmedabad,Consumer,Online,Technology,Phones,P10075,C1191,5,14120.75,0.1992,56537.56,37187.69,19349.87,0.34224805598260694,2025,3,Mar,Q1
SO05690,2023-12-13,Central,Raipur,Consumer,Online,Technology,Accessories,P10094,C1352,7,32099.25,0.55,101112.64,66284.96,34827.68,0.34444437411583756,2023,12,Dec,Q4
SO05691,2023-07-17,South,Chennai,Consumer,Retail Store,Furniture,Tables,P10089,C1395,9,6913.6,0.192,50278.28,33506.27,16772.01,0.33358360707645524,2023,7,Jul,Q3
SO05692,2023-10-16,West,Surat,Consumer,Distributor,Technology,Accessories,P10078,C1044,2,13725.74,0.2504,20578.06,14364.87,6213.2,0.30193322402597716,2023,10,Oct,Q4
SO05693,2023-03-21,South,Chennai,Corporate,Online,Furniture,Bookcases,P10091,C1257,2,10661.96,0.4712,11275.81,7780.49,3495.32,0.3099839390695658,2023,3,Mar,Q1
SO05694,2025-03-02,North,Lucknow,Home Office,Retail Store,Furniture,Bookcases,P10100,C1180,2,11304.43,0.3992,13584.52,10448.37,3136.14,0.23086130389590503,2025,3,Mar,Q1
SO05695,2024-06-09,North,Delhi,Consumer,Retail Store,Technology,Phones,P10028,C1068,8,12100.65,0.2332,74228.05,48640.38,25587.67,0.34471699040995957,2024,6,Jun,Q2
SO05696,2024-09-09,North,Jaipur,Consumer,Retail Store,Office Supplies,Binders,P10029,C1359,8,792.78,0.2846,4537.11,2644.17,1892.94,0.4172127191097417,2024,9,Sep,Q3
SO05697,2023-11-01,East,Guwahati,Consumer,Distributor,Furniture,Tables,P10098,C1359,2,5210.26,0.4264,5977.38,4404.63,1572.75,0.2631169509049115,2023,11,Nov,Q4
SO05698,2023-02-21,South,Chennai,Corporate,Retail Store,Furniture,Storage,P10020,C1193,10,8772.83,0.2302,67532.71,46188.85,21343.86,0.3160521767895883,2023,2,Feb,Q1
SO05699,2024-07-22,West,Ahmedabad,Corporate,Online,Office Supplies,Binders,P10064,C1130,3,1035.62,0.1861,2528.62,1241.68,1286.94,0.5089495456019489,2024,7,Jul,Q3
SO05700,2023-11-24,West,Pune,Consumer,Online,Office Supplies,Paper,P10056,C1481,7,1630.08,0.4498,6278.62,3240.93,3037.69,0.48381491474241156,2023,11,Nov,Q4
SO05701,2024-06-13,North,Jaipur,Corporate,Retail Store,Office Supplies,Pens,P10096,C1243,10,696.62,0.1876,5659.68,3742.18,1917.51,0.3388018403867356,2024,6,Jun,Q2
SO05702,2025-01-06,Central,Bhopal,Home Office,Retail Store,Technology,Accessories,P10085,C1429,3,15755.53,0.305,32849.53,23281.68,9567.85,0.29126291913461166,2025,1,Jan,Q1
SO05703,2025-12-21,West,Surat,Corporate,Retail Store,Office Supplies,Pens,P10031,C1582,9,946.83,0.0783,7854.34,4104.55,3749.79,0.4774163074173005,2025,12,Dec,Q4
SO05704,2024-10-17,West,Mumbai,Corporate,Retail Store,Technology,Accessories,P10032,C1391,4,14359.73,0.3598,36770.29,26595.76,10174.53,0.2767051878024351,2024,10,Oct,Q4
SO05705,2025-06-09,East,Kolkata,Corporate,Online,Technology,Phones,P10053,C1411,4,12411.14,0.4229,28647.56,20253.77,8393.79,0.2930019170917174,2025,6,Jun,Q2
SO05706,2025-06-07,South,Bengaluru,Corporate,Online,Office Supplies,Paper,P10090,C1014,4,557.37,0.2112,1758.72,1029.15,729.57,0.4148301037117904,2025,6,Jun,Q2
SO05707,2023-12-23,East,Guwahati,Consumer,Distributor,Technology,Accessories,P10020,C1467,10,27044.37,0.2953,190592.79,138843.92,51748.87,0.2715153600511331,2023,12,Dec,Q4
SO05708,2025-08-11,Central,Nagpur,Consumer,Online,Office Supplies,Paper,P10036,C1060,7,1182.14,0.3484,5391.68,3178.99,2212.7,0.4103915662650602,2025,8,Aug,Q3
SO05709,2023-12-09,North,Jaipur,Corporate,Distributor,Technology,Printers,P10046,C1447,10,23768.69,0.1537,201165.11,128648.75,72516.36,0.36048179527752106,2023,12,Dec,Q4
SO05710,2024-06-05,North,Delhi,Corporate,Distributor,Technology,Phones,P10024,C1257,10,29659.62,0.1932,239287.71,162013.82,77273.89,0.32293296634415536,2024,6,Jun,Q2
SO05711,2023-11-01,West,Ahmedabad,Corporate,Online,Furniture,Chairs,P10065,C1171,2,10044.55,0.4442,11164.66,7261.45,3903.21,0.34960401839375316,2023,11,Nov,Q4
SO05712,2024-07-29,West,Ahmedabad,Corporate,Retail Store,Technology,Laptops,P10065,C1480,1,8400.06,0.4022,5021.45,3217.74,1803.71,0.3592010275916319,2024,7,Jul,Q3
SO05713,2024-03-07,North,Jaipur,Corporate,Online,Office Supplies,Paper,P10100,C1010,8,493.16,0.289,2804.92,1406.29,1398.63,0.4986345421616303,2024,3,Mar,Q1
SO05714,2023-10-24,Central,Raipur,Corporate,Retail Store,Technology,Laptops,P10064,C1086,1,11235.03,0.1145,9948.26,7036.21,2912.05,0.2927195308526315,2023,10,Oct,Q4
SO05715,2023-12-15,North,Lucknow,Consumer,Distributor,Furniture,Storage,P10072,C1176,9,6059.68,0.1417,46808.14,34336.89,12471.25,0.2664333596677843,2023,12,Dec,Q4
SO05716,2024-01-30,South,Chennai,Home Office,Online,Office Supplies,Paper,P10018,C1583,7,528.73,0.1246,3240.09,1807.65,1432.44,0.4420988305880392,2024,1,Jan,Q1
SO05717,2023-07-29,West,Pune,Consumer,Retail Store,Furniture,Bookcases,P10046,C1464,5,9459.9,0.2854,33800.54,26061.2,7739.33,0.2289706022448162,2023,7,Jul,Q3
SO05718,2024-01-23,Central,Raipur,Home Office,Online,Furniture,Bookcases,P10062,C1150,2,10881.84,0.3219,14758.62,11022.76,3735.85,0.25313003519299226,2024,1,Jan,Q1
SO05719,2023-10-31,North,Jaipur,Corporate,Online,Office Supplies,Paper,P10063,C1290,8,845.61,0.2255,5239.32,3336.94,1902.38,0.36309673774459283,2023,10,Oct,Q4
SO05720,2025-01-29,East,Patna,Corporate,Online,Office Supplies,Paper,P10089,C1332,2,1198.27,0.3478,1562.98,883.2,679.79,0.43493198889301204,2025,1,Jan,Q1
SO05721,2025-01-30,North,Chandigarh,Consumer,Online,Technology,Laptops,P10098,C1461,7,9161.43,0.1836,52358.89,36790.77,15568.12,0.29733479835038523,2025,1,Jan,Q1
SO05722,2023-08-27,West,Surat,Consumer,Retail Store,Office Supplies,Envelopes,P10073,C1471,6,732.51,0.2023,3505.82,2128.53,1377.3,0.39286101397105383,2023,8,Aug,Q3
SO05723,2024-05-25,South,Chennai,Consumer,Distributor,Furniture,Storage,P10100,C1215,2,8718.59,0.3933,10579.64,7649.43,2930.22,0.2769678363346957,2024,5,May,Q2
SO05724,2024-12-09,West,Pune,Corporate,Online,Technology,Printers,P10057,C1402,10,14872.54,0.1958,119605.51,79081.78,40523.73,0.33881156478493346,2024,12,Dec,Q4
SO05725,2024-04-08,West,Mumbai,Home Office,Online,Technology,Accessories,P10084,C1398,4,29748.08,0.3393,78613.81,56913.31,21700.5,0.27603928622719087,2024,4,Apr,Q2
SO05726,2025-03-07,North,Delhi,Consumer,Retail Store,Technology,Accessories,P10038,C1210,10,36648.04,0.206,290996.36,206568.75,84427.62,0.29013290750441,2025,3,Mar,Q1
SO05727,2025-01-12,Central,Nagpur,Consumer,Online,Office Supplies,Paper,P10098,C1594,8,856.53,0.0987,6176.15,3621.02,2555.13,0.41370918776260296,2025,1,Jan,Q1
SO05728,2024-08-19,South,Bengaluru,Corporate,Distributor,Furniture,Storage,P10047,C1240,7,7779.67,0.4597,29423.83,22192.86,7230.97,0.24575216754582935,2024,8,Aug,Q3
SO05729,2025-02-21,South,Kochi,Home Office,Retail Store,Office Supplies,Pens,P10006,C1074,1,912.48,0.4286,521.4,306.39,215.01,0.4123705408515535,2025,2,Feb,Q1
SO05730,2023-01-16,North,Jaipur,Consumer,Retail Store,Technology,Accessories,P10027,C1202,4,19391.72,0.2574,57599.67,35844.19,21755.49,0.3777016430823302,2023,1,Jan,Q1
SO05731,2025-05-03,North,Chandigarh,Consumer,Online,Office Supplies,Envelopes,P10042,C1252,4,972.12,0.3451,2546.47,1410.03,1136.44,0.44628053737134155,2025,5,May,Q2
SO05732,2023-10-05,West,Mumbai,Consumer,Online,Technology,Accessories,P10006,C1002,9,24202.61,0.3375,144298.35,86708.0,57590.35,0.3991060881846535,2023,10,Oct,Q4
SO05733,2025-10-28,West,Surat,Home Office,Online,Technology,Phones,P10035,C1527,10,18052.71,0.2218,140489.49,87825.58,52663.91,0.374860140783485,2025,10,Oct,Q4
SO05734,2023-12-12,South,Bengaluru,Corporate,Online,Technology,Phones,P10031,C1270,8,23681.86,0.4342,107186.61,70942.73,36243.88,0.3381381312460577,2023,12,Dec,Q4
SO05735,2025-09-24,West,Pune,Home Office,Online,Technology,Laptops,P10041,C1277,9,19004.25,0.4054,101692.68,66821.28,34871.41,0.34290973548931947,2025,9,Sep,Q3
SO05736,2024-04-25,North,Chandigarh,Corporate,Online,Technology,Laptops,P10020,C1284,5,25732.0,0.2701,93914.84,64445.95,29468.9,0.3137832104063639,2024,4,Apr,Q2
SO05737,2025-11-02,South,Kochi,Consumer,Online,Furniture,Tables,P10043,C1278,9,8052.51,0.4026,43298.14,30916.14,12382.0,0.28597071375352384,2025,11,Nov,Q4
SO05738,2023-07-23,East,Guwahati,Corporate,Online,Office Supplies,Binders,P10034,C1213,2,911.14,0.4377,1024.61,596.85,427.76,0.41748567747728405,2023,7,Jul,Q3
SO05739,2025-03-08,South,Chennai,Consumer,Retail Store,Technology,Printers,P10064,C1264,10,25369.45,0.1925,204848.61,145663.0,59185.61,0.2889236592818472,2025,3,Mar,Q1
SO05740,2024-02-04,Central,Nagpur,Home Office,Retail Store,Furniture,Storage,P10100,C1317,7,9220.42,0.0738,59778.22,45398.15,14380.07,0.24055701223622916,2024,2,Feb,Q1
SO05741,2024-10-18,East,Guwahati,Home Office,Online,Technology,Phones,P10023,C1006,7,23712.88,0.1895,134537.81,101394.73,33143.08,0.2463476995797687,2024,10,Oct,Q4
SO05742,2024-07-16,West,Mumbai,Consumer,Online,Office Supplies,Pens,P10064,C1351,5,980.01,0.1848,3994.51,2421.06,1573.45,0.3939031320487369,2024,7,Jul,Q3
SO05743,2023-01-19,East,Bhubaneswar,Corporate,Online,Technology,Printers,P10097,C1347,7,26204.23,0.0939,166206.24,109972.27,56233.97,0.33833850040768626,2023,1,Jan,Q1
SO05744,2023-05-05,Central,Indore,Consumer,Retail Store,Technology,Accessories,P10043,C1557,2,21309.66,0.2991,29870.41,17525.86,12344.55,0.4132701894617449,2023,5,May,Q2
SO05745,2025-09-12,Central,Nagpur,Consumer,Online,Furniture,Chairs,P10040,C1406,5,12820.96,0.2054,50938.15,37309.05,13629.1,0.2675617390894644,2025,9,Sep,Q3
SO05746,2025-04-06,East,Bhubaneswar,Consumer,Online,Furniture,Tables,P10022,C1109,7,8593.33,0.1615,50436.31,38646.66,11789.65,0.23375322262869747,2025,4,Apr,Q2
SO05747,2025-01-08,Central,Bhopal,Consumer,Distributor,Furniture,Storage,P10036,C1137,6,12633.1,0.2826,54377.89,42358.2,12019.68,0.2210398380665377,2025,1,Jan,Q1
SO05748,2023-05-29,East,Guwahati,Home Office,Online,Office Supplies,Envelopes,P10089,C1151,3,952.11,0.2472,2150.18,1331.98,818.19,0.3805216307471933,2023,5,May,Q2
SO05749,2023-01-27,North,Lucknow,Consumer,Online,Technology,Accessories,P10020,C1512,6,10688.04,0.1989,51370.43,32187.86,19182.57,0.3734165744767953,2023,1,Jan,Q1
SO05750,2023-07-05,East,Kolkata,Corporate,Retail Store,Furniture,Storage,P10073,C1249,4,5252.0,0.3379,13908.83,10037.57,3871.26,0.27833110333507566,2023,7,Jul,Q3
SO05751,2024-03-15,Central,Raipur,Consumer,Online,Furniture,Chairs,P10036,C1506,6,11296.79,0.55,30501.33,20552.61,9948.72,0.32617331768811386,2024,3,Mar,Q1
SO05752,2025-11-04,North,Jaipur,Home Office,Online,Technology,Printers,P10080,C1109,4,22980.77,0.1533,77827.81,53052.44,24775.37,0.3183356951711734,2025,11,Nov,Q4
SO05753,2024-07-16,West,Ahmedabad,Corporate,Retail Store,Office Supplies,Envelopes,P10077,C1148,9,887.31,0.1448,6829.51,4194.66,2634.85,0.3858036667345095,2024,7,Jul,Q3
SO05754,2024-01-22,North,Delhi,Home Office,Online,Office Supplies,Binders,P10035,C1036,1,1027.26,0.2431,777.55,436.14,341.41,0.43908430326024056,2024,1,Jan,Q1
SO05755,2024-05-15,South,Chennai,Home Office,Retail Store,Office Supplies,Pens,P10095,C1458,9,509.35,0.2853,3276.44,1904.46,1371.98,0.418741072627608,2024,5,May,Q2
SO05756,2025-09-25,North,Jaipur,Corporate,Online,Office Supplies,Binders,P10074,C1432,1,791.03,0.2973,555.86,336.0,219.86,0.3955312488756162,2025,9,Sep,Q3
SO05757,2025-05-29,West,Surat,Consumer,Online,Office Supplies,Paper,P10001,C1250,7,816.5,0.1229,5013.34,3037.26,1976.08,0.3941643694622746,2025,5,May,Q2
SO05758,2024-07-03,North,Chandigarh,Consumer,Online,Furniture,Chairs,P10072,C1041,9,11356.57,0.2435,77318.77,55185.24,22133.52,0.2862632191381213,2024,7,Jul,Q3
SO05759,2025-05-08,West,Surat,Consumer,Retail Store,Furniture,Storage,P10083,C1167,3,10502.76,0.2162,24694.93,17166.67,7528.26,0.3048504288127158,2025,5,May,Q2
SO05760,2025-07-23,Central,Bhopal,Consumer,Distributor,Furniture,Bookcases,P10093,C1149,7,6160.65,0.2964,30342.98,21664.74,8678.24,0.28600486834187017,2025,7,Jul,Q3
SO05761,2025-07-25,South,Kochi,Corporate,Online,Technology,Phones,P10057,C1080,6,29272.13,0.2195,137081.97,93349.12,43732.85,0.3190270026028952,2025,7,Jul,Q3
SO05762,2023-11-23,South,Chennai,Home Office,Online,Office Supplies,Paper,P10003,C1411,3,708.02,0.2469,1599.56,924.56,675.0,0.421991047538073,2023,11,Nov,Q4
SO05763,2024-10-07,West,Surat,Consumer,Retail Store,Office Supplies,Pens,P10054,C1541,8,627.48,0.351,3257.78,1795.24,1462.54,0.4489376200971213,2024,10,Oct,Q4
SO05764,2024-11-12,Central,Bhopal,Corporate,Online,Office Supplies,Pens,P10094,C1007,7,1134.72,0.2973,5581.78,3274.99,2306.78,0.4132696021699172,2024,11,Nov,Q4
SO05765,2023-01-06,South,Hyderabad,Consumer,Retail Store,Furniture,Chairs,P10080,C1129,4,13275.5,0.2114,41876.15,30774.67,11101.48,0.2651026897171779,2023,1,Jan,Q1
SO05766,2023-03-30,South,Hyderabad,Corporate,Retail Store,Technology,Accessories,P10070,C1584,5,19671.44,0.2524,73531.82,52374.72,21157.1,0.28772713636082986,2023,3,Mar,Q1
SO05767,2025-01-29,East,Guwahati,Home Office,Retail Store,Technology,Printers,P10072,C1530,5,24637.87,0.1552,104067.26,77579.93,26487.33,0.25452125865521974,2025,1,Jan,Q1
SO05768,2025-03-09,Central,Raipur,Home Office,Online,Office Supplies,Envelopes,P10072,C1200,4,1282.43,0.3547,3310.1,1910.77,1399.32,0.4227425153318631,2025,3,Mar,Q1
SO05769,2023-04-11,Central,Nagpur,Consumer,Online,Furniture,Storage,P10038,C1123,10,4637.23,0.1234,40651.14,26176.98,14474.16,0.3560579112910487,2023,4,Apr,Q2
SO05770,2023-07-05,South,Kochi,Consumer,Online,Technology,Laptops,P10069,C1263,6,20363.8,0.1333,105894.57,68856.16,37038.41,0.3497668482907103,2023,7,Jul,Q3
SO05771,2024-07-17,North,Lucknow,Consumer,Retail Store,Office Supplies,Pens,P10053,C1589,5,1047.92,0.2895,3722.89,1947.19,1775.7,0.4769681618312655,2024,7,Jul,Q3
SO05772,2025-04-13,South,Bengaluru,Consumer,Retail Store,Furniture,Bookcases,P10043,C1327,9,11020.11,0.1824,81095.17,57719.6,23375.57,0.2882486096274291,2025,4,Apr,Q2
SO05773,2024-11-23,Central,Nagpur,Corporate,Online,Technology,Phones,P10019,C1035,1,17308.04,0.2689,12654.44,8308.93,4345.51,0.3433980484320128,2024,11,Nov,Q4
SO05774,2024-09-01,East,Guwahati,Corporate,Online,Office Supplies,Binders,P10073,C1071,10,904.48,0.2651,6647.1,3728.32,2918.78,0.43910577545094853,2024,9,Sep,Q3
SO05775,2023-07-08,West,Pune,Consumer,Online,Furniture,Storage,P10082,C1203,5,9250.83,0.4394,25928.8,18207.96,7720.84,0.29777081854925797,2023,7,Jul,Q3
SO05776,2025-11-19,West,Mumbai,Corporate,Online,Furniture,Bookcases,P10083,C1238,9,13694.48,0.453,67416.32,44240.21,23176.12,0.3437761064383223,2025,11,Nov,Q4
SO05777,2023-10-28,West,Surat,Consumer,Online,Technology,Laptops,P10089,C1213,3,14782.15,0.0554,41888.57,23421.09,18467.48,0.4408715790488909,2023,10,Oct,Q4
SO05778,2023-08-04,South,Bengaluru,Home Office,Retail Store,Office Supplies,Binders,P10071,C1037,3,873.35,0.124,2295.2,1267.8,1027.39,0.44762547926106666,2023,8,Aug,Q3
SO05779,2025-01-07,North,Lucknow,Consumer,Distributor,Technology,Printers,P10001,C1547,8,12831.11,0.29,72875.75,46001.42,26874.33,0.3687691721869072,2025,1,Jan,Q1
SO05780,2023-08-10,East,Patna,Home Office,Online,Furniture,Bookcases,P10047,C1400,4,5391.53,0.433,12228.4,9354.14,2874.26,0.23504792123254067,2023,8,Aug,Q3
SO05781,2025-02-06,East,Bhubaneswar,Corporate,Retail Store,Technology,Printers,P10083,C1417,10,25565.45,0.1259,223465.26,125883.24,97582.02,0.4366764659526944,2025,2,Feb,Q1
SO05782,2023-10-16,Central,Bhopal,Consumer,Distributor,Office Supplies,Pens,P10100,C1119,3,473.13,0.1241,1243.32,670.14,573.17,0.46099958176495187,2023,10,Oct,Q4
SO05783,2025-01-10,West,Surat,Consumer,Online,Furniture,Tables,P10048,C1311,3,7557.82,0.1723,18767.24,13900.95,4866.29,0.2592970516708903,2025,1,Jan,Q1
SO05784,2024-04-16,West,Mumbai,Consumer,Retail Store,Furniture,Tables,P10053,C1500,5,4656.39,0.2647,17118.81,12356.71,4762.1,0.2781793827958836,2024,4,Apr,Q2
SO05785,2025-01-06,East,Patna,Consumer,Online,Technology,Accessories,P10064,C1411,7,17707.11,0.1311,107698.32,71610.38,36087.94,0.33508359276170696,2025,1,Jan,Q1
SO05786,2024-05-06,West,Ahmedabad,Consumer,Retail Store,Technology,Accessories,P10087,C1104,7,13223.3,0.1877,75190.59,51559.09,23631.49,0.314287865010768,2024,5,May,Q2
SO05787,2024-11-25,West,Surat,Corporate,Distributor,Technology,Printers,P10089,C1510,2,21387.81,0.259,31694.73,20121.53,11573.19,0.3651455620540071,2024,11,Nov,Q4
SO05788,2023-05-07,West,Pune,Consumer,Distributor,Technology,Laptops,P10026,C1588,2,33049.46,0.1852,53858.29,35735.78,18122.51,0.3364850610741633,2023,5,May,Q2
SO05789,2024-12-13,South,Bengaluru,Home Office,Online,Office Supplies,Paper,P10042,C1309,7,868.79,0.4199,3527.75,2058.73,1469.02,0.4164183969952519,2024,12,Dec,Q4
SO05790,2024-04-28,East,Kolkata,Home Office,Online,Furniture,Storage,P10050,C1422,5,10302.11,0.1679,42861.81,29422.16,13439.65,0.3135576869012298,2024,4,Apr,Q2
SO05791,2025-07-06,South,Hyderabad,Corporate,Retail Store,Office Supplies,Binders,P10068,C1400,9,623.24,0.4953,2831.03,1922.33,908.7,0.32097858376633237,2025,7,Jul,Q3
SO05792,2025-12-02,East,Kolkata,Corporate,Online,Technology,Laptops,P10033,C1477,7,26030.54,0.3116,125434.9,91425.48,34009.41,0.27113195769279524,2025,12,Dec,Q4
SO05793,2025-02-16,East,Kolkata,Consumer,Online,Technology,Laptops,P10036,C1383,2,35109.78,0.1435,60145.68,39632.27,20513.4,0.3410619017026659,2025,2,Feb,Q1
SO05794,2025-04-30,East,Bhubaneswar,Corporate,Distributor,Furniture,Chairs,P10094,C1522,1,6048.71,0.112,5371.38,3769.54,1601.83,0.29821572854648154,2025,4,Apr,Q2
SO05795,2024-10-11,West,Surat,Corporate,Online,Technology,Printers,P10027,C1403,4,11492.29,0.1776,37805.15,28255.49,9549.66,0.25260209257204375,2024,10,Oct,Q4
SO05796,2025-02-24,East,Bhubaneswar,Corporate,Distributor,Technology,Laptops,P10068,C1353,10,18054.35,0.0536,170872.57,116295.45,54577.11,0.3194024061322423,2025,2,Feb,Q1
SO05797,2024-11-07,South,Bengaluru,Corporate,Distributor,Technology,Printers,P10040,C1276,2,39747.11,0.1386,68479.19,42644.53,25834.66,0.37726293199437666,2024,11,Nov,Q4
SO05798,2025-10-13,Central,Nagpur,Consumer,Online,Technology,Accessories,P10007,C1042,8,13171.96,0.4075,62440.06,42771.06,19669.01,0.3150062636070497,2025,10,Oct,Q4
SO05799,2023-09-01,West,Ahmedabad,Corporate,Retail Store,Furniture,Chairs,P10067,C1357,8,5809.49,0.1953,37400.79,24174.11,13226.68,0.3536470753692636,2023,9,Sep,Q3
SO05800,2025-10-03,North,Lucknow,Corporate,Online,Furniture,Bookcases,P10012,C1507,8,10185.6,0.4131,47823.42,34843.46,12979.96,0.27141429868461936,2025,10,Oct,Q4
SO05801,2023-12-31,North,Chandigarh,Corporate,Distributor,Furniture,Bookcases,P10092,C1073,8,6469.94,0.1151,45801.46,31295.72,14505.74,0.3167091180062819,2023,12,Dec,Q4
SO05802,2025-11-12,West,Pune,Consumer,Retail Store,Office Supplies,Binders,P10023,C1561,9,863.52,0.1964,6245.16,3883.93,2361.24,0.37809119382049455,2025,11,Nov,Q4
SO05803,2025-06-19,South,Chennai,Corporate,Online,Office Supplies,Envelopes,P10041,C1297,7,804.39,0.347,3676.68,2298.09,1378.59,0.3749551225562192,2025,6,Jun,Q2
SO05804,2025-06-19,South,Hyderabad,Home Office,Retail Store,Technology,Laptops,P10003,C1045,3,18980.1,0.1949,45841.91,30740.03,15101.88,0.32943391756582563,2025,6,Jun,Q2
SO05805,2024-02-25,North,Jaipur,Consumer,Online,Technology,Accessories,P10021,C1349,5,24455.12,0.1468,104320.36,69908.09,34412.27,0.3298710817332302,2024,2,Feb,Q1
SO05806,2025-05-12,Central,Raipur,Consumer,Online,Furniture,Bookcases,P10039,C1535,10,7462.37,0.3187,50842.97,36041.99,14800.99,0.29111182922634143,2025,5,May,Q2
SO05807,2024-08-18,East,Bhubaneswar,Consumer,Online,Technology,Phones,P10099,C1577,5,24054.89,0.2974,84507.67,59108.48,25399.2,0.30055496737751736,2024,8,Aug,Q3
SO05808,2025-04-01,South,Bengaluru,Home Office,Retail Store,Furniture,Tables,P10012,C1187,8,10880.65,0.1784,71515.99,55855.68,15660.31,0.21897634361210686,2025,4,Apr,Q2
SO05809,2023-04-01,Central,Bhopal,Corporate,Retail Store,Furniture,Chairs,P10073,C1078,4,8795.64,0.1504,29891.82,21581.26,8310.56,0.2780212111540883,2023,4,Apr,Q2
SO05810,2023-09-20,West,Mumbai,Consumer,Online,Office Supplies,Binders,P10003,C1394,7,673.91,0.1598,3963.46,2419.26,1544.19,0.3896065558880372,2023,9,Sep,Q3
SO05811,2025-07-01,West,Ahmedabad,Consumer,Distributor,Furniture,Tables,P10001,C1277,10,11355.9,0.0947,102807.28,74949.79,27857.49,0.2709680676310082,2025,7,Jul,Q3
SO05812,2024-07-25,South,Chennai,Consumer,Online,Technology,Laptops,P10004,C1414,3,28909.67,0.2352,66327.81,42009.9,24317.91,0.3666321864086874,2024,7,Jul,Q3
SO05813,2023-08-09,West,Pune,Home Office,Online,Office Supplies,Envelopes,P10068,C1218,7,1175.98,0.1178,7261.83,3696.6,3565.22,0.490953382274165,2023,8,Aug,Q3
SO05814,2025-04-07,West,Surat,Consumer,Online,Office Supplies,Paper,P10022,C1243,9,907.83,0.1302,7106.5,3683.72,3422.78,0.481640751424752,2025,4,Apr,Q2
SO05815,2025-07-18,East,Patna,Home Office,Online,Furniture,Chairs,P10027,C1309,1,6212.46,0.4001,3726.7,2917.14,809.56,0.217232404003542,2025,7,Jul,Q3
SO05816,2023-09-28,West,Pune,Consumer,Retail Store,Office Supplies,Envelopes,P10049,C1011,4,1137.12,0.3342,3028.15,1839.44,1188.71,0.3925532090550336,2023,9,Sep,Q3
SO05817,2025-06-30,East,Kolkata,Home Office,Online,Technology,Laptops,P10003,C1264,8,30636.84,0.4344,138619.44,97578.38,41041.06,0.2960700173078177,2025,6,Jun,Q2
SO05818,2025-05-26,East,Patna,Consumer,Online,Office Supplies,Pens,P10072,C1474,1,748.13,0.2,598.54,349.37,249.17,0.41629632104788317,2025,5,May,Q2
SO05819,2025-02-27,West,Mumbai,Consumer,Online,Technology,Accessories,P10081,C1346,9,19048.1,0.0891,156155.72,90845.04,65310.68,0.4182407151015666,2025,2,Feb,Q1
SO05820,2025-04-29,East,Guwahati,Corporate,Online,Technology,Phones,P10095,C1293,9,27527.8,0.55,111487.59,78025.91,33461.67,0.3001380691788207,2025,4,Apr,Q2
SO05821,2023-07-18,Central,Raipur,Corporate,Distributor,Technology,Laptops,P10030,C1541,4,10868.35,0.1313,37765.14,26690.04,11075.1,0.29326251670191084,2023,7,Jul,Q3
SO05822,2024-12-27,East,Bhubaneswar,Corporate,Retail Store,Office Supplies,Paper,P10009,C1441,7,1338.5,0.2216,7292.97,4171.01,3121.96,0.42807799840120003,2024,12,Dec,Q4
SO05823,2024-10-14,West,Pune,Consumer,Online,Technology,Laptops,P10022,C1087,5,33010.67,0.4021,98690.69,62341.55,36349.14,0.36831376900901186,2024,10,Oct,Q4
SO05824,2024-08-17,Central,Bhopal,Consumer,Online,Office Supplies,Envelopes,P10059,C1278,6,1312.57,0.2512,5897.19,3400.52,2496.68,0.4233677395505317,2024,8,Aug,Q3
SO05825,2024-05-06,Central,Indore,Consumer,Online,Furniture,Tables,P10053,C1172,10,5121.27,0.1231,44906.14,33607.86,11298.28,0.2515976657089654,2024,5,May,Q2
SO05826,2025-09-14,East,Bhubaneswar,Home Office,Online,Furniture,Storage,P10041,C1309,5,5738.5,0.0951,25963.95,18701.3,7262.65,0.27972053558876825,2025,9,Sep,Q3
SO05827,2025-02-23,Central,Raipur,Consumer,Retail Store,Technology,Printers,P10050,C1263,6,17234.43,0.1876,84005.26,51908.5,32096.76,0.38208036020601566,2025,2,Feb,Q1
SO05828,2023-06-03,West,Surat,Consumer,Online,Technology,Phones,P10050,C1472,3,24148.33,0.3057,50301.58,38523.42,11778.16,0.2341508954589498,2023,6,Jun,Q2
SO05829,2023-07-21,Central,Indore,Consumer,Retail Store,Office Supplies,Binders,P10035,C1287,3,748.9,0.0975,2027.71,1011.36,1016.34,0.501225520414655,2023,7,Jul,Q3
SO05830,2025-07-04,North,Jaipur,Home Office,Retail Store,Furniture,Bookcases,P10099,C1573,10,5308.13,0.3487,34569.69,24484.67,10085.02,0.29173012543647336,2025,7,Jul,Q3
SO05831,2023-12-17,East,Patna,Corporate,Online,Office Supplies,Binders,P10073,C1494,1,813.04,0.3744,508.61,323.85,184.76,0.3632645838658304,2023,12,Dec,Q4
SO05832,2023-11-19,North,Jaipur,Corporate,Online,Office Supplies,Binders,P10051,C1424,10,1124.66,0.05,10683.93,6402.67,4281.26,0.40071958539601066,2023,11,Nov,Q4
SO05833,2023-09-24,West,Ahmedabad,Consumer,Retail Store,Office Supplies,Envelopes,P10057,C1168,5,1071.8,0.1995,4290.09,2567.76,1722.33,0.40146710208876735,2023,9,Sep,Q3
SO05834,2023-10-25,East,Patna,Consumer,Online,Office Supplies,Envelopes,P10012,C1590,6,1019.93,0.2621,4515.42,2772.15,1743.27,0.3860703987668921,2023,10,Oct,Q4
SO05835,2025-01-09,South,Bengaluru,Corporate,Distributor,Furniture,Tables,P10055,C1285,6,11331.62,0.1479,57932.44,39723.08,18209.36,0.31432061207848316,2025,1,Jan,Q1
SO05836,2024-02-27,Central,Bhopal,Corporate,Distributor,Office Supplies,Pens,P10095,C1558,8,1211.46,0.4133,5685.72,3687.09,1998.63,0.3515174859120745,2024,2,Feb,Q1
SO05837,2025-01-02,South,Bengaluru,Home Office,Online,Office Supplies,Paper,P10040,C1167,9,959.39,0.2117,6806.78,3962.1,2844.68,0.41791860468532843,2025,1,Jan,Q1
SO05838,2023-11-11,West,Ahmedabad,Home Office,Retail Store,Technology,Laptops,P10017,C1200,6,15404.09,0.334,61557.23,36438.28,25118.95,0.40805848476287837,2023,11,Nov,Q4
SO05839,2024-08-28,South,Chennai,Consumer,Online,Technology,Phones,P10099,C1571,3,36060.49,0.5057,53470.59,35991.06,17479.52,0.32689970318262807,2024,8,Aug,Q3
SO05840,2024-06-06,West,Mumbai,Home Office,Retail Store,Furniture,Chairs,P10030,C1149,2,9413.02,0.1103,16748.73,12198.94,4549.79,0.27164985046627416,2024,6,Jun,Q2
SO05841,2025-02-03,South,Hyderabad,Consumer,Online,Technology,Laptops,P10099,C1341,4,32967.83,0.55,59342.1,35522.02,23820.08,0.40140271409336714,2025,2,Feb,Q1
SO05842,2025-01-09,South,Bengaluru,Consumer,Online,Technology,Printers,P10008,C1388,1,24364.34,0.4464,13488.35,8136.34,5352.02,0.3967883395671079,2025,1,Jan,Q1
SO05843,2025-12-06,West,Pune,Home Office,Online,Office Supplies,Paper,P10049,C1243,9,358.96,0.3146,2214.42,1332.1,882.32,0.3984429331382484,2025,12,Dec,Q4
SO05844,2025-08-23,West,Ahmedabad,Corporate,Distributor,Office Supplies,Binders,P10024,C1178,1,1163.36,0.2721,846.75,533.1,313.65,0.3704162976085031,2025,8,Aug,Q3
SO05845,2023-08-07,North,Delhi,Consumer,Distributor,Office Supplies,Paper,P10011,C1197,1,928.21,0.1713,769.23,505.69,263.54,0.3426023426023426,2023,8,Aug,Q3
SO05846,2023-07-08,Central,Indore,Home Office,Distributor,Technology,Phones,P10064,C1301,6,23267.2,0.2874,99479.3,70110.33,29368.98,0.2952270472349524,2023,7,Jul,Q3
SO05847,2023-05-23,Central,Bhopal,Corporate,Online,Technology,Phones,P10021,C1090,8,16526.05,0.55,59493.78,37628.15,21865.63,0.3675280004060929,2023,5,May,Q2
SO05848,2025-12-19,East,Bhubaneswar,Consumer,Online,Technology,Phones,P10013,C1582,3,15901.97,0.1582,40158.38,24871.38,15287.0,0.3806677460594775,2025,12,Dec,Q4
SO05849,2024-08-11,South,Chennai,Home Office,Online,Furniture,Tables,P10040,C1580,9,9241.83,0.2542,62033.33,45713.98,16319.35,0.26307389914421814,2024,8,Aug,Q3
SO05850,2024-09-19,South,Chennai,Consumer,Retail Store,Furniture,Storage,P10008,C1145,4,8277.41,0.2159,25961.51,17739.78,8221.74,0.3166895916300708,2024,9,Sep,Q3
SO05851,2024-03-31,East,Kolkata,Consumer,Distributor,Technology,Phones,P10031,C1208,2,17475.41,0.0803,32144.05,18278.95,13865.1,0.4313426590613193,2024,3,Mar,Q1
SO05852,2024-04-07,North,Jaipur,Corporate,Online,Technology,Laptops,P10054,C1485,2,27120.97,0.1896,43959.27,29859.01,14100.27,0.3207576012977468,2024,4,Apr,Q2
SO05853,2025-11-13,West,Surat,Consumer,Online,Office Supplies,Paper,P10019,C1411,1,1014.66,0.2354,775.78,441.89,333.89,0.43039263708783415,2025,11,Nov,Q4
SO05854,2024-01-10,East,Bhubaneswar,Home Office,Retail Store,Technology,Phones,P10066,C1343,4,27100.62,0.1333,93954.35,64485.3,29469.05,0.31365285375291296,2024,1,Jan,Q1
SO05855,2025-01-01,North,Chandigarh,Consumer,Retail Store,Office Supplies,Binders,P10044,C1090,4,690.59,0.35,1795.59,1048.43,747.16,0.41610835435706367,2025,1,Jan,Q1
SO05856,2023-08-28,South,Chennai,Consumer,Online,Technology,Laptops,P10001,C1308,10,20081.36,0.2533,149940.38,99469.43,50470.95,0.33660678997879023,2023,8,Aug,Q3
SO05857,2025-04-28,South,Chennai,Consumer,Online,Furniture,Storage,P10099,C1276,2,10985.41,0.4923,11154.32,7985.47,3168.85,0.2840917241033071,2025,4,Apr,Q2
SO05858,2025-11-19,North,Jaipur,Consumer,Online,Furniture,Storage,P10039,C1472,7,9091.58,0.1937,51312.92,37205.04,14107.88,0.27493816372172936,2025,11,Nov,Q4
SO05859,2025-03-16,South,Hyderabad,Home Office,Retail Store,Office Supplies,Paper,P10058,C1178,6,1388.45,0.2787,6008.77,3178.86,2829.91,0.4709632753458694,2025,3,Mar,Q1
SO05860,2024-05-27,North,Lucknow,Consumer,Distributor,Technology,Laptops,P10032,C1126,4,16769.05,0.1748,55348.88,41403.09,13945.8,0.25196173797916055,2024,5,May,Q2
SO05861,2025-02-11,East,Patna,Consumer,Retail Store,Office Supplies,Envelopes,P10059,C1240,4,1102.42,0.3882,2697.87,1592.73,1105.14,0.4096342670328815,2025,2,Feb,Q1
SO05862,2023-12-28,East,Bhubaneswar,Consumer,Online,Office Supplies,Envelopes,P10083,C1524,8,756.41,0.1502,5142.56,2904.39,2238.17,0.43522486854796055,2023,12,Dec,Q4
SO05863,2024-04-28,North,Jaipur,Consumer,Online,Technology,Printers,P10037,C1508,6,21779.26,0.0677,121826.24,86349.56,35476.68,0.2912072144720218,2024,4,Apr,Q2
SO05864,2025-08-28,North,Jaipur,Corporate,Retail Store,Furniture,Chairs,P10080,C1055,1,3406.86,0.1901,2759.06,2024.23,734.83,0.2663334613962727,2025,8,Aug,Q3
SO05865,2023-07-25,North,Chandigarh,Consumer,Online,Technology,Printers,P10068,C1498,2,30687.83,0.1806,50292.29,31319.36,18972.93,0.3772532529339984,2023,7,Jul,Q3
SO05866,2025-02-20,South,Bengaluru,Corporate,Distributor,Office Supplies,Pens,P10037,C1284,5,1558.41,0.2339,5969.2,3672.4,2296.8,0.38477517925350135,2025,2,Feb,Q1
SO05867,2024-12-07,West,Mumbai,Corporate,Online,Technology,Laptops,P10012,C1305,6,28876.35,0.4035,103349.83,68258.75,35091.08,0.3395368913524096,2024,12,Dec,Q4
SO05868,2023-02-06,West,Ahmedabad,Consumer,Retail Store,Technology,Accessories,P10026,C1229,10,14879.3,0.1456,127122.04,71050.94,56071.1,0.44108087000491814,2023,2,Feb,Q1
SO05869,2024-11-19,South,Bengaluru,Corporate,Retail Store,Furniture,Tables,P10017,C1477,1,11972.87,0.243,9062.98,6551.54,2511.45,0.27711083992240965,2024,11,Nov,Q4
SO05870,2025-07-05,East,Guwahati,Consumer,Distributor,Furniture,Bookcases,P10082,C1152,4,8361.67,0.5114,16343.39,12301.24,4042.15,0.2473262890991404,2025,7,Jul,Q3
SO05871,2023-06-30,North,Delhi,Consumer,Distributor,Technology,Printers,P10015,C1362,9,12858.05,0.3274,77840.57,54285.1,23555.47,0.30261173575681677,2023,6,Jun,Q2
SO05872,2023-09-14,West,Ahmedabad,Consumer,Online,Technology,Printers,P10006,C1190,3,20660.11,0.2665,45461.12,26844.62,18616.5,0.4095037693747976,2023,9,Sep,Q3
SO05873,2024-10-19,South,Chennai,Consumer,Online,Furniture,Tables,P10031,C1584,9,11862.23,0.207,84657.43,57844.87,26812.55,0.3167182136287388,2024,10,Oct,Q4
SO05874,2025-01-26,East,Bhubaneswar,Consumer,Online,Furniture,Storage,P10096,C1568,4,11007.15,0.252,32935.4,23715.66,9219.74,0.2799340527213879,2025,1,Jan,Q1
SO05875,2025-08-27,West,Pune,Consumer,Retail Store,Technology,Printers,P10033,C1524,4,27632.88,0.2612,81664.67,54693.28,26971.39,0.3302699931316688,2025,8,Aug,Q3
SO05876,2025-06-24,Central,Bhopal,Corporate,Online,Technology,Phones,P10060,C1024,2,4632.38,0.2526,6924.9,4616.14,2308.76,0.3333997602853471,2025,6,Jun,Q2
SO05877,2025-03-18,South,Chennai,Consumer,Retail Store,Furniture,Tables,P10036,C1229,1,6157.6,0.55,2770.92,2018.82,752.1,0.2714260967476506,2025,3,Mar,Q1
SO05878,2023-08-15,South,Kochi,Corporate,Online,Furniture,Tables,P10045,C1418,3,7148.46,0.5186,10323.76,7525.35,2798.42,0.27106596821313167,2023,8,Aug,Q3
SO05879,2023-09-24,South,Hyderabad,Consumer,Retail Store,Technology,Printers,P10070,C1278,6,26478.3,0.21,125501.96,77544.02,47957.94,0.38212901216841555,2023,9,Sep,Q3
SO05880,2025-07-17,West,Mumbai,Home Office,Online,Technology,Phones,P10078,C1271,5,30887.52,0.108,137762.09,94465.55,43296.53,0.3142847934435373,2025,7,Jul,Q3
SO05881,2024-01-30,Central,Nagpur,Consumer,Online,Technology,Phones,P10095,C1491,7,25577.28,0.2495,134369.2,91062.14,43307.05,0.3222989345772692,2024,1,Jan,Q1
SO05882,2025-05-24,East,Guwahati,Home Office,Retail Store,Office Supplies,Pens,P10004,C1398,7,724.42,0.1593,4263.29,2613.7,1649.59,0.386928874179331,2025,5,May,Q2
SO05883,2025-05-13,North,Delhi,Consumer,Distributor,Technology,Laptops,P10050,C1228,1,20537.75,0.1637,17175.76,11511.43,5664.33,0.32978628019953704,2025,5,May,Q2
SO05884,2025-02-20,North,Jaipur,Consumer,Retail Store,Office Supplies,Pens,P10080,C1250,1,779.78,0.1504,662.5,429.55,232.96,0.3516377358490566,2025,2,Feb,Q1
SO05885,2025-12-11,Central,Raipur,Corporate,Retail Store,Office Supplies,Pens,P10071,C1143,7,791.14,0.55,2492.08,1334.26,1157.82,0.46459985233218837,2025,12,Dec,Q4
SO05886,2025-11-29,North,Lucknow,Consumer,Online,Furniture,Tables,P10063,C1544,5,11861.7,0.3242,40079.03,27161.69,12917.34,0.3222967222510126,2025,11,Nov,Q4
SO05887,2023-12-31,East,Patna,Home Office,Distributor,Furniture,Storage,P10099,C1499,8,6624.58,0.1737,43791.12,37577.31,6213.82,0.14189680464897905,2023,12,Dec,Q4
SO05888,2024-12-12,North,Chandigarh,Corporate,Online,Technology,Laptops,P10059,C1183,5,23066.22,0.0965,104203.39,72378.69,31824.7,0.3054094497309541,2024,12,Dec,Q4
SO05889,2025-06-07,Central,Indore,Consumer,Distributor,Furniture,Storage,P10040,C1569,9,8245.09,0.1161,65587.01,48878.95,16708.06,0.25474648104861014,2025,6,Jun,Q2
SO05890,2025-12-19,East,Bhubaneswar,Home Office,Retail Store,Furniture,Storage,P10001,C1094,7,12154.14,0.2929,60158.89,46275.93,13882.97,0.2307717113796481,2025,12,Dec,Q4
SO05891,2025-08-28,South,Bengaluru,Consumer,Retail Store,Office Supplies,Pens,P10016,C1143,3,1058.99,0.1626,2660.53,1609.12,1051.42,0.3951919354414346,2025,8,Aug,Q3
SO05892,2025-08-05,South,Chennai,Consumer,Retail Store,Office Supplies,Binders,P10084,C1460,3,1269.37,0.104,3412.1,2179.92,1232.18,0.3611207174467337,2025,8,Aug,Q3
SO05893,2025-12-30,West,Ahmedabad,Corporate,Online,Technology,Laptops,P10028,C1399,7,22397.07,0.4442,87142.09,52967.35,34174.74,0.39217259994567494,2025,12,Dec,Q4
SO05894,2023-06-21,North,Lucknow,Corporate,Online,Furniture,Tables,P10067,C1100,3,4922.63,0.55,6645.56,4473.59,2171.97,0.32683024455425874,2023,6,Jun,Q2
SO05895,2023-07-07,North,Chandigarh,Corporate,Online,Office Supplies,Pens,P10019,C1334,4,1064.95,0.2899,3024.77,1613.01,1411.76,0.46673300779894006,2023,7,Jul,Q3
SO05896,2025-03-19,North,Chandigarh,Corporate,Distributor,Furniture,Bookcases,P10086,C1193,7,7900.43,0.4061,32845.71,22341.65,10504.06,0.3198000591249207,2025,3,Mar,Q1
SO05897,2024-05-07,West,Ahmedabad,Consumer,Retail Store,Office Supplies,Pens,P10082,C1389,5,879.31,0.2501,3296.95,1912.89,1384.06,0.4198001182911479,2024,5,May,Q2
SO05898,2025-10-22,East,Patna,Corporate,Retail Store,Office Supplies,Paper,P10044,C1063,7,778.75,0.171,4518.95,2846.68,1672.27,0.3700572035539229,2025,10,Oct,Q4
SO05899,2025-12-30,West,Ahmedabad,Consumer,Online,Office Supplies,Envelopes,P10007,C1504,10,849.36,0.3597,5438.39,3406.33,2032.06,0.37365102539538353,2025,12,Dec,Q4
SO05900,2025-11-18,West,Ahmedabad,Home Office,Retail Store,Technology,Laptops,P10004,C1524,6,26242.24,0.15,133829.32,91176.85,42652.46,0.31870788852547405,2025,11,Nov,Q4
SO05901,2025-02-22,Central,Raipur,Home Office,Online,Office Supplies,Binders,P10017,C1349,7,545.05,0.4823,1975.39,1171.18,804.22,0.4071196067611965,2025,2,Feb,Q1
SO05902,2025-10-11,South,Kochi,Home Office,Retail Store,Furniture,Tables,P10085,C1563,7,8689.29,0.1252,53212.18,40970.97,12241.2,0.2300450761461004,2025,10,Oct,Q4
SO05903,2023-07-21,Central,Bhopal,Consumer,Online,Office Supplies,Paper,P10060,C1598,9,741.86,0.2961,4699.64,2769.61,1930.03,0.41067613689559196,2023,7,Jul,Q3
SO05904,2023-10-29,West,Ahmedabad,Home Office,Retail Store,Technology,Laptops,P10023,C1579,4,19453.33,0.2167,60951.99,40215.51,20736.48,0.34021005712856955,2023,10,Oct,Q4
SO05905,2023-06-04,South,Kochi,Consumer,Online,Office Supplies,Envelopes,P10084,C1462,10,578.02,0.08,5317.88,3367.29,1950.59,0.3667984234318939,2023,6,Jun,Q2
SO05906,2024-01-30,South,Hyderabad,Consumer,Online,Furniture,Bookcases,P10041,C1429,6,10864.45,0.2734,47367.32,33914.42,13452.9,0.2840122683740604,2024,1,Jan,Q1
SO05907,2023-02-19,East,Bhubaneswar,Consumer,Retail Store,Technology,Laptops,P10064,C1345,8,32004.79,0.2812,184036.25,118386.15,65650.1,0.3567237432842715,2023,2,Feb,Q1
SO05908,2024-06-03,North,Delhi,Consumer,Online,Technology,Laptops,P10094,C1280,5,19509.97,0.4296,55645.81,36446.54,19199.27,0.3450263371132526,2024,6,Jun,Q2
SO05909,2023-09-05,North,Lucknow,Corporate,Online,Furniture,Tables,P10080,C1437,7,13379.55,0.5322,43808.61,29084.45,14724.16,0.33610196717038043,2023,9,Sep,Q3
SO05910,2023-12-06,North,Jaipur,Corporate,Distributor,Furniture,Storage,P10069,C1389,8,10488.38,0.2363,64076.09,46054.38,18021.71,0.28125483312105964,2023,12,Dec,Q4
SO05911,2024-04-06,North,Delhi,Consumer,Distributor,Furniture,Tables,P10021,C1162,7,7388.03,0.1934,41715.62,33498.55,8217.07,0.19697825418871873,2024,4,Apr,Q2
SO05912,2023-12-28,North,Delhi,Consumer,Distributor,Technology,Laptops,P10063,C1196,7,28602.53,0.2405,152070.78,101702.41,50368.37,0.3312166216284286,2023,12,Dec,Q4
SO05913,2023-08-08,East,Patna,Home Office,Distributor,Office Supplies,Envelopes,P10090,C1600,8,517.15,0.3555,2666.43,1598.32,1068.11,0.4005768011911057,2023,8,Aug,Q3
SO05914,2023-07-19,Central,Raipur,Consumer,Distributor,Technology,Accessories,P10033,C1017,8,18687.2,0.1963,120157.99,82030.94,38127.05,0.3173076546969536,2023,7,Jul,Q3
SO05915,2023-02-11,South,Kochi,Consumer,Distributor,Technology,Accessories,P10045,C1551,5,18195.45,0.2129,71608.49,46655.46,24953.03,0.34846468624041643,2023,2,Feb,Q1
SO05916,2023-11-15,South,Hyderabad,Corporate,Retail Store,Technology,Printers,P10018,C1376,4,19611.93,0.2596,58079.93,36761.98,21317.94,0.36704486386261137,2023,11,Nov,Q4
SO05917,2025-07-14,South,Bengaluru,Corporate,Online,Furniture,Bookcases,P10031,C1413,7,7043.3,0.1943,39723.3,27103.93,12619.37,0.31768181394798517,2025,7,Jul,Q3
SO05918,2023-02-19,North,Jaipur,Consumer,Online,Office Supplies,Paper,P10024,C1365,5,649.57,0.2497,2436.96,1535.28,901.68,0.37000196966712623,2023,2,Feb,Q1
SO05919,2025-05-29,South,Chennai,Consumer,Retail Store,Furniture,Storage,P10038,C1250,9,10081.7,0.269,66323.97,44703.15,21620.82,0.3259880251438507,2025,5,May,Q2
SO05920,2025-04-05,North,Lucknow,Consumer,Online,Office Supplies,Binders,P10084,C1392,2,1107.67,0.2708,1615.48,967.22,648.25,0.401273924777775,2025,4,Apr,Q2
SO05921,2023-03-29,East,Kolkata,Home Office,Online,Office Supplies,Binders,P10020,C1126,5,1383.82,0.55,3113.59,1866.97,1246.62,0.4003802684361139,2023,3,Mar,Q1
SO05922,2025-08-13,North,Lucknow,Corporate,Online,Technology,Laptops,P10073,C1275,2,23104.14,0.2377,35226.5,26799.39,8427.11,0.23922643464437285,2025,8,Aug,Q3
SO05923,2023-06-19,Central,Raipur,Home Office,Online,Furniture,Chairs,P10084,C1064,10,5951.64,0.2799,42859.24,26726.14,16133.1,0.3764205804862616,2023,6,Jun,Q2
SO05924,2025-07-26,North,Jaipur,Corporate,Distributor,Furniture,Tables,P10097,C1032,4,10818.15,0.1056,38705.11,28136.6,10568.51,0.2730520595342579,2025,7,Jul,Q3
SO05925,2023-01-06,North,Chandigarh,Consumer,Online,Technology,Accessories,P10041,C1404,1,18704.35,0.1635,15646.1,10946.19,4699.91,0.30038859524098654,2023,1,Jan,Q1
SO05926,2024-01-07,West,Mumbai,Consumer,Retail Store,Office Supplies,Envelopes,P10039,C1217,2,636.28,0.2875,906.7,498.75,407.95,0.4499283114591375,2024,1,Jan,Q1
SO05927,2023-07-23,West,Surat,Corporate,Online,Office Supplies,Paper,P10087,C1196,1,694.44,0.1678,577.88,347.59,230.29,0.39850834083200665,2023,7,Jul,Q3
SO05928,2024-08-20,North,Delhi,Consumer,Online,Technology,Printers,P10096,C1410,8,20087.22,0.3636,102275.67,65115.19,37160.48,0.3633364611544466,2024,8,Aug,Q3
SO05929,2025-09-15,East,Kolkata,Corporate,Online,Technology,Laptops,P10025,C1419,4,7416.17,0.1218,26050.39,15571.91,10478.48,0.402238891625039,2025,9,Sep,Q3
SO05930,2023-10-23,West,Pune,Consumer,Online,Furniture,Bookcases,P10028,C1365,1,9395.23,0.1347,8129.51,5566.76,2562.74,0.3152391718566063,2023,10,Oct,Q4
SO05931,2024-02-07,North,Lucknow,Corporate,Online,Furniture,Tables,P10018,C1439,1,8073.51,0.4066,4790.52,3142.73,1647.79,0.3439689219541928,2024,2,Feb,Q1
SO05932,2025-10-30,North,Lucknow,Corporate,Retail Store,Furniture,Storage,P10008,C1277,6,4097.37,0.4834,12700.04,8681.07,4018.98,0.31645412140434204,2025,10,Oct,Q4
SO05933,2024-07-21,North,Jaipur,Corporate,Online,Furniture,Tables,P10053,C1055,8,10779.1,0.4688,45809.83,32868.14,12941.69,0.2825090160779902,2024,7,Jul,Q3
SO05934,2023-02-12,North,Delhi,Corporate,Online,Furniture,Bookcases,P10090,C1303,4,7995.1,0.1727,26458.32,17697.42,8760.9,0.3311207967852834,2023,2,Feb,Q1
SO05935,2023-09-25,East,Guwahati,Consumer,Retail Store,Furniture,Bookcases,P10090,C1077,5,8465.86,0.1971,33987.59,24426.57,9561.03,0.28130944265245056,2023,9,Sep,Q3
SO05936,2025-03-26,West,Mumbai,Home Office,Retail Store,Office Supplies,Paper,P10065,C1096,4,1166.85,0.1877,3791.12,2073.65,1717.47,0.45302443605056025,2025,3,Mar,Q1
SO05937,2023-03-27,East,Bhubaneswar,Consumer,Distributor,Office Supplies,Pens,P10086,C1283,9,1369.74,0.2705,8993.11,4904.6,4088.52,0.45462804302404836,2023,3,Mar,Q1
SO05938,2025-10-06,Central,Indore,Consumer,Online,Technology,Printers,P10024,C1343,7,15275.27,0.1381,92157.99,61636.87,30521.12,0.3311825702795818,2025,10,Oct,Q4
SO05939,2025-09-30,South,Chennai,Consumer,Online,Technology,Laptops,P10074,C1336,7,11455.26,0.1946,64582.02,39174.93,25407.09,0.39340810336994725,2025,9,Sep,Q3
SO05940,2023-10-11,East,Kolkata,Consumer,Online,Furniture,Tables,P10077,C1447,4,8220.93,0.4777,17175.32,12591.56,4583.75,0.26688003484069,2023,10,Oct,Q4
SO05941,2023-05-12,East,Patna,Corporate,Online,Office Supplies,Pens,P10004,C1151,3,1197.14,0.412,2111.81,1181.76,930.05,0.4404042030296286,2023,5,May,Q2
SO05942,2024-11-28,West,Mumbai,Corporate,Distributor,Technology,Printers,P10077,C1388,5,15064.95,0.096,68096.71,41225.81,26870.9,0.394599092966459,2024,11,Nov,Q4
SO05943,2023-11-20,North,Jaipur,Corporate,Online,Office Supplies,Paper,P10032,C1142,2,784.41,0.0762,1449.3,886.77,562.52,0.3881322017525702,2023,11,Nov,Q4
SO05944,2023-09-01,Central,Raipur,Corporate,Online,Technology,Printers,P10069,C1277,2,14220.02,0.1598,23894.58,15634.95,8259.63,0.3456696037344033,2023,9,Sep,Q3
SO05945,2025-06-12,South,Chennai,Consumer,Retail Store,Furniture,Chairs,P10036,C1404,4,10897.07,0.3447,28563.83,21931.8,6632.02,0.2321824489222909,2025,6,Jun,Q2
SO05946,2023-09-11,West,Pune,Consumer,Online,Office Supplies,Envelopes,P10002,C1037,10,1093.71,0.3004,7651.73,4849.73,2801.99,0.36619039093120115,2023,9,Sep,Q3
SO05947,2023-02-27,North,Delhi,Home Office,Online,Furniture,Storage,P10050,C1363,8,11617.05,0.55,41821.39,32824.08,8997.31,0.2151365605016954,2023,2,Feb,Q1
SO05948,2024-09-14,South,Kochi,Consumer,Online,Office Supplies,Pens,P10012,C1233,1,875.07,0.4165,510.64,276.17,234.47,0.459168886103713,2024,9,Sep,Q3
SO05949,2023-04-07,Central,Nagpur,Corporate,Retail Store,Office Supplies,Envelopes,P10037,C1377,8,1050.06,0.55,3780.2,2099.64,1680.56,0.4445690704195545,2023,4,Apr,Q2
SO05950,2025-09-13,North,Delhi,Consumer,Distributor,Furniture,Chairs,P10083,C1549,2,7376.87,0.2969,10373.16,7359.14,3014.01,0.29055851832999785,2025,9,Sep,Q3
SO05951,2025-06-04,North,Lucknow,Consumer,Online,Office Supplies,Envelopes,P10035,C1208,5,824.57,0.2225,3205.65,1804.61,1401.04,0.43705332771824745,2025,6,Jun,Q2
SO05952,2024-10-31,North,Jaipur,Corporate,Online,Technology,Phones,P10069,C1247,7,41343.4,0.3698,182383.24,108846.84,73536.4,0.4031971358771782,2024,10,Oct,Q4
SO05953,2025-03-23,West,Ahmedabad,Home Office,Retail Store,Technology,Printers,P10038,C1025,2,26342.7,0.1428,45164.17,28845.93,16318.24,0.3613094185058643,2025,3,Mar,Q1
SO05954,2025-09-03,West,Mumbai,Consumer,Distributor,Office Supplies,Pens,P10031,C1394,9,1003.38,0.0269,8787.09,5861.13,2925.97,0.3329850951794052,2025,9,Sep,Q3
SO05955,2025-05-28,West,Ahmedabad,Consumer,Distributor,Office Supplies,Paper,P10062,C1032,10,1222.75,0.2132,9620.81,6487.19,3133.61,0.3257116604527062,2025,5,May,Q2
SO05956,2025-05-12,North,Delhi,Consumer,Retail Store,Furniture,Tables,P10011,C1085,9,8534.23,0.5189,36954.74,23863.15,13091.59,0.35426010303414396,2025,5,May,Q2
SO05957,2023-07-05,East,Bhubaneswar,Consumer,Retail Store,Furniture,Tables,P10028,C1021,8,9429.17,0.2128,59381.15,43692.92,15688.22,0.26419528756179356,2023,7,Jul,Q3
SO05958,2024-01-30,Central,Raipur,Consumer,Online,Technology,Phones,P10072,C1516,9,18279.66,0.2429,124550.02,81034.03,43515.99,0.3493856524471052,2024,1,Jan,Q1
SO05959,2023-05-31,South,Bengaluru,Consumer,Retail Store,Furniture,Chairs,P10011,C1039,1,11168.09,0.2762,8083.26,5839.84,2243.42,0.27753901272506387,2023,5,May,Q2
SO05960,2024-10-04,West,Mumbai,Home Office,Online,Technology,Laptops,P10081,C1011,1,7877.09,0.229,6073.6,4195.7,1877.9,0.30919059536354054,2024,10,Oct,Q4
SO05961,2023-05-23,Central,Nagpur,Corporate,Distributor,Furniture,Bookcases,P10047,C1171,5,7752.18,0.5188,18651.79,14099.02,4552.76,0.2440923900601497,2023,5,May,Q2
SO05962,2023-03-27,West,Pune,Home Office,Online,Office Supplies,Paper,P10044,C1022,8,626.46,0.1341,4339.72,2561.28,1778.44,0.40980524089111736,2023,3,Mar,Q1
SO05963,2025-05-30,North,Delhi,Home Office,Online,Furniture,Bookcases,P10061,C1379,10,12968.24,0.1531,109831.0,79390.01,30440.99,0.2771620944906265,2025,5,May,Q2
SO05964,2023-12-04,South,Bengaluru,Corporate,Distributor,Office Supplies,Envelopes,P10047,C1473,2,547.82,0.1207,963.34,575.03,388.31,0.40308717586729503,2023,12,Dec,Q4
SO05965,2023-12-10,Central,Indore,Consumer,Retail Store,Technology,Laptops,P10087,C1041,6,16341.01,0.2235,76134.52,55102.35,21032.17,0.2762501162416207,2023,12,Dec,Q4
SO05966,2025-07-01,Central,Indore,Corporate,Online,Office Supplies,Binders,P10063,C1249,5,1144.26,0.55,2574.59,1534.07,1040.52,0.4041497869563697,2025,7,Jul,Q3
SO05967,2023-12-27,East,Guwahati,Home Office,Online,Office Supplies,Pens,P10090,C1034,8,915.4,0.4287,4183.74,2123.0,2060.74,0.49255928905715934,2023,12,Dec,Q4
SO05968,2024-05-06,North,Lucknow,Corporate,Online,Office Supplies,Paper,P10047,C1482,4,414.7,0.1431,1421.48,823.12,598.37,0.42094858879477726,2024,5,May,Q2
SO05969,2025-08-02,Central,Bhopal,Consumer,Distributor,Technology,Phones,P10027,C1443,7,23985.47,0.2194,131066.14,87281.28,43784.87,0.33406698328034995,2025,8,Aug,Q3
SO05970,2023-04-22,North,Lucknow,Corporate,Distributor,Furniture,Chairs,P10062,C1240,7,9219.48,0.2346,49394.25,37672.05,11722.19,0.23731891870005112,2023,4,Apr,Q2
SO05971,2025-04-17,East,Patna,Consumer,Distributor,Technology,Accessories,P10025,C1363,2,17744.6,0.289,25233.61,16420.51,8813.1,0.34926037138562416,2025,4,Apr,Q2
SO05972,2023-12-23,East,Patna,Home Office,Online,Office Supplies,Envelopes,P10097,C1500,10,602.12,0.2128,4739.77,2627.75,2112.03,0.44559757119016324,2023,12,Dec,Q4
SO05973,2025-10-25,Central,Nagpur,Corporate,Distributor,Technology,Accessories,P10032,C1002,8,22730.72,0.55,81830.59,55852.31,25978.28,0.31746416590666154,2025,10,Oct,Q4
SO05974,2024-03-07,West,Mumbai,Corporate,Retail Store,Technology,Phones,P10025,C1015,7,26758.91,0.4104,110448.3,69184.09,41264.21,0.37360656524364794,2024,3,Mar,Q1
SO05975,2023-07-11,East,Patna,Corporate,Online,Office Supplies,Envelopes,P10064,C1374,6,882.62,0.5155,2565.68,1698.23,867.46,0.33810140001870853,2023,7,Jul,Q3
SO05976,2024-12-11,West,Pune,Consumer,Retail Store,Furniture,Chairs,P10002,C1434,4,8450.25,0.2597,25022.24,17031.74,7990.5,0.31933591876666517,2024,12,Dec,Q4
SO05977,2025-08-27,North,Delhi,Consumer,Online,Technology,Accessories,P10090,C1050,3,19875.21,0.2472,44886.57,27305.08,17581.49,0.39168709037023774,2025,8,Aug,Q3
SO05978,2025-08-14,East,Bhubaneswar,Consumer,Distributor,Furniture,Storage,P10004,C1390,7,9747.75,0.4159,39855.99,29629.18,10226.81,0.2565940527383713,2025,8,Aug,Q3
SO05979,2023-09-13,Central,Raipur,Consumer,Retail Store,Technology,Accessories,P10057,C1026,2,22344.63,0.2062,35473.02,22503.29,12969.73,0.3656223800510924,2023,9,Sep,Q3
SO05980,2024-08-14,West,Mumbai,Consumer,Retail Store,Furniture,Storage,P10050,C1532,2,7594.21,0.1952,12224.33,8448.11,3776.22,0.30891018158050376,2024,8,Aug,Q3
SO05981,2024-10-17,Central,Bhopal,Consumer,Online,Technology,Laptops,P10085,C1536,1,20631.02,0.4334,11690.43,6853.47,4836.96,0.4137538140171063,2024,10,Oct,Q4
SO05982,2024-06-05,South,Kochi,Corporate,Online,Technology,Accessories,P10054,C1099,8,22380.21,0.1648,149529.45,95956.67,53572.79,0.35827584465802553,2024,6,Jun,Q2
SO05983,2023-06-27,East,Guwahati,Consumer,Distributor,Office Supplies,Pens,P10016,C1345,7,953.38,0.3309,4465.34,2652.95,1812.39,0.4058795074955099,2023,6,Jun,Q2
SO05984,2024-03-06,North,Lucknow,Consumer,Online,Office Supplies,Paper,P10022,C1051,3,1027.9,0.2576,2289.44,1246.7,1042.73,0.45545198825913763,2024,3,Mar,Q1
SO05985,2023-07-31,West,Ahmedabad,Home Office,Retail Store,Furniture,Bookcases,P10029,C1449,9,5556.87,0.3208,33968.96,24594.51,9374.45,0.27597106299398044,2023,7,Jul,Q3
SO05986,2023-10-28,South,Chennai,Home Office,Retail Store,Furniture,Storage,P10038,C1546,9,6446.13,0.274,42118.89,32230.91,9887.99,0.23476378413581175,2023,10,Oct,Q4
SO05987,2024-08-31,South,Bengaluru,Home Office,Online,Technology,Printers,P10097,C1298,5,31114.03,0.2786,112230.22,75863.0,36367.21,0.3240411539779571,2024,8,Aug,Q3
SO05988,2024-11-16,South,Kochi,Corporate,Online,Office Supplies,Binders,P10060,C1077,3,523.18,0.4519,860.27,477.1,383.18,0.44541829890615736,2024,11,Nov,Q4
SO05989,2024-08-01,West,Surat,Consumer,Distributor,Technology,Phones,P10007,C1432,9,28730.69,0.1194,227706.76,148369.18,79337.59,0.3484200029898102,2024,8,Aug,Q3
SO05990,2024-10-14,South,Bengaluru,Consumer,Online,Technology,Phones,P10059,C1039,10,17371.98,0.1189,153066.63,115938.47,37128.16,0.242562079010951,2024,10,Oct,Q4
SO05991,2025-08-26,West,Surat,Consumer,Retail Store,Technology,Printers,P10023,C1591,6,10170.03,0.2134,48001.19,28874.83,19126.36,0.39845595494611696,2025,8,Aug,Q3
SO05992,2025-12-28,North,Chandigarh,Home Office,Distributor,Office Supplies,Envelopes,P10095,C1388,2,816.31,0.1618,1368.45,801.07,567.38,0.414615075450327,2025,12,Dec,Q4
SO05993,2024-12-23,South,Kochi,Corporate,Retail Store,Office Supplies,Paper,P10037,C1594,2,969.66,0.1991,1553.25,883.05,670.19,0.4314759375502978,2024,12,Dec,Q4
SO05994,2023-07-14,West,Surat,Corporate,Distributor,Office Supplies,Envelopes,P10090,C1429,10,853.8,0.0537,8079.33,5290.41,2788.92,0.34519198992985806,2023,7,Jul,Q3
SO05995,2025-12-12,South,Bengaluru,Corporate,Online,Office Supplies,Pens,P10020,C1228,3,974.93,0.3079,2024.23,1340.51,683.73,0.3377728815401412,2025,12,Dec,Q4
SO05996,2023-07-01,South,Chennai,Consumer,Distributor,Furniture,Bookcases,P10023,C1139,3,12256.05,0.1822,30068.56,23378.18,6690.38,0.22250417046908796,2023,7,Jul,Q3
SO05997,2023-09-25,South,Bengaluru,Consumer,Retail Store,Office Supplies,Paper,P10029,C1360,5,948.26,0.412,2787.99,1556.18,1231.82,0.4418308530518402,2023,9,Sep,Q3
SO05998,2023-11-29,South,Chennai,Consumer,Distributor,Office Supplies,Paper,P10099,C1369,9,1151.52,0.2141,8144.93,4637.53,3507.4,0.43062371315652803,2023,11,Nov,Q4
SO05999,2023-12-04,South,Bengaluru,Home Office,Online,Furniture,Chairs,P10036,C1051,6,8219.42,0.55,22192.43,15212.69,6979.74,0.3145099477614664,2023,12,Dec,Q4
SO06000,2024-03-26,East,Kolkata,Home Office,Online,Furniture,Bookcases,P10040,C1354,2,7599.27,0.5409,6978.06,4647.93,2330.13,0.33392232225002366,2024,3,Mar,Q1
